# Blender v3.2.2 OBJ File: 'Gladius for sketchfab.blend'
# www.blender.org
mtllib Gladius.mtl
o Cube.005_Cube.009
v -0.574632 1.693599 1.076129
v 0.981049 -0.953889 -0.357129
v -0.510332 1.827239 0.899064
v 1.045350 -0.820249 -0.534194
v 1.514995 -1.523485 -0.858482
v -0.454849 1.828831 0.956345
v -0.399365 1.830424 1.013627
v 1.156317 -0.817064 -0.419631
v -0.335065 1.964064 0.836562
v 1.220617 -0.683424 -0.596696
v -0.903727 2.669837 1.367756
v -0.883171 2.708988 1.346757
v -0.868182 2.751801 1.331048
v -0.859336 2.796632 1.321233
v -0.856973 2.841757 1.317690
v -0.861184 2.885442 1.320554
v -0.871807 2.926008 1.329716
v -0.966948 3.028915 1.419011
v -0.999308 3.034839 1.450190
v -1.032772 3.031904 1.482685
v -0.910938 2.669054 1.361374
v -0.897316 2.707453 1.334239
v -0.888718 2.749572 1.312875
v -0.885474 2.793795 1.298103
v -0.887708 2.838421 1.290492
v -0.895335 2.881735 1.290334
v -0.908061 2.922073 1.297634
v -0.925398 2.957885 1.312113
v -0.946679 2.987794 1.333213
v -0.971087 3.010652 1.360125
v -0.997683 3.025579 1.391813
v -1.025446 3.032002 1.427061
v -1.053308 3.029675 1.464512
v -1.080199 3.018685 1.502729
v -1.105085 2.999457 1.540243
v -0.918919 2.667120 1.356285
v -0.912972 2.703658 1.324255
v -0.911446 2.744064 1.298381
v -0.914401 2.786784 1.279656
v -0.921722 2.830177 1.268800
v -0.933130 2.872575 1.266231
v -0.948184 2.912349 1.272047
v -0.966307 2.947970 1.286024
v -0.986802 2.978070 1.307626
v -1.008882 3.001492 1.336022
v -1.031698 3.017335 1.370121
v -1.054373 3.024991 1.408613
v -1.076036 3.024166 1.450018
v -1.095854 3.014891 1.492746
v -1.113066 2.997523 1.535153
v -0.927363 2.664109 1.352683
v -0.929535 2.697751 1.317189
v -0.935492 2.735488 1.288123
v -0.945005 2.775869 1.266600
v -0.957709 2.817342 1.253448
v -0.973116 2.858314 1.249172
v -0.990633 2.897209 1.253937
v -1.009588 2.932534 1.267560
v -1.029252 2.962930 1.289517
v -1.048868 2.987231 1.318963
v -1.067685 3.004500 1.354769
v -1.084977 3.014076 1.395557
v -1.100082 3.015590 1.439760
v -1.112417 3.008984 1.485680
v -1.121510 2.994511 1.531551
v -0.935945 2.660136 1.350706
v -0.946369 2.689958 1.313313
v -0.959931 2.724174 1.282495
v -0.976111 2.761469 1.259437
v -0.994285 2.800409 1.245025
v -1.013757 2.839499 1.239813
v -1.033778 2.877236 1.244002
v -1.053578 2.912169 1.257430
v -1.072396 2.942957 1.279581
v -1.089510 2.968416 1.309604
v -1.104261 2.987568 1.346346
v -1.116083 2.999676 1.388394
v -1.124521 3.004276 1.434132
v -1.129251 3.001191 1.481803
v -1.130092 2.990538 1.529575
v -0.944335 2.655354 1.350432
v -0.962827 2.680578 1.312774
v -0.983825 2.710557 1.281713
v -1.006522 2.744138 1.258442
v -1.030046 2.780030 1.243855
v -1.053492 2.816854 1.238513
v -1.075960 2.853196 1.242622
v -1.096586 2.887659 1.256023
v -1.114578 2.918918 1.278201
v -1.129244 2.945771 1.308304
v -1.140021 2.967188 1.345176
v -1.146494 2.982345 1.387399
v -1.148415 2.990659 1.433350
v -1.145710 2.991811 1.481265
v -1.138482 2.985757 1.529300
v -0.952212 2.649947 1.351870
v -0.978278 2.669972 1.315595
v -1.006256 2.695159 1.285808
v -1.035071 2.724540 1.263653
v -1.063615 2.756986 1.249983
v -1.090793 2.791250 1.245323
v -1.115558 2.826015 1.249851
v -1.136960 2.859945 1.263393
v -1.154176 2.891736 1.285430
v -1.166545 2.920167 1.315114
v -1.173591 2.944145 1.351304
v -1.175043 2.962748 1.392611
v -1.170846 2.975262 1.437445
v -1.161160 2.981205 1.484085
v -1.146359 2.980350 1.530738
v -0.959272 2.644123 1.354965
v -0.992126 2.658548 1.321666
v -1.026361 2.678574 1.294622
v -1.060660 2.703431 1.274871
v -1.093705 2.732165 1.263174
v -1.124226 2.763670 1.259980
v -1.151051 2.796736 1.265410
v -1.173148 2.830092 1.279258
v -1.189669 2.862457 1.300990
v -1.199979 2.892586 1.329771
v -1.203680 2.919323 1.364495
v -1.200632 2.941639 1.403828
v -1.190951 2.958676 1.446259
v -1.175009 2.969781 1.490156
v -1.153419 2.974526 1.533833
v -0.965244 2.638106 1.359598
v -1.003841 2.646744 1.330754
v -1.043368 2.661438 1.307816
v -1.082305 2.681621 1.291664
v -1.119157 2.706518 1.282921
v -1.152507 2.735173 1.281921
v -1.181074 2.766484 1.288703
v -1.203760 2.799248 1.303007
v -1.219692 2.832205 1.324282
v -1.228260 2.864090 1.351712
v -1.229133 2.893677 1.384242
v -1.222278 2.919828 1.420622
v -1.207958 2.941540 1.459453
v -1.186723 2.957977 1.499245
v -1.159391 2.968508 1.538466
v -0.969898 2.632126 1.365591
v -1.012971 2.635015 1.342510
v -1.056623 2.644409 1.324883
v -1.099176 2.659948 1.313387
v -1.138995 2.681033 1.308464
v -1.174550 2.706856 1.310303
v -1.204474 2.736422 1.318834
v -1.227618 2.768597 1.333728
v -1.243092 2.802143 1.354413
v -1.250302 2.835773 1.380095
v -1.248970 2.868192 1.409786
v -1.239148 2.898155 1.442345
v -1.221213 2.924512 1.476521
v -1.195854 2.946248 1.511001
v -1.164046 2.962529 1.544460
v -0.973057 2.626414 1.372714
v -1.019166 2.623811 1.356483
v -1.065617 2.628143 1.345169
v -1.110623 2.639245 1.339205
v -1.152455 2.656689 1.338823
v -1.189506 2.679806 1.344036
v -1.220352 2.707706 1.354644
v -1.243807 2.739318 1.370240
v -1.258970 2.773427 1.390224
v -1.265259 2.808722 1.413827
v -1.262431 2.843847 1.440144
v -1.250595 2.877452 1.468163
v -1.230207 2.908245 1.496806
v -1.202049 2.935043 1.524974
v -1.167204 2.956817 1.551583
v -0.974597 2.621189 1.380694
v -1.022188 2.613561 1.372135
v -1.070004 2.613264 1.367891
v -1.116207 2.620307 1.368126
v -1.159021 2.634420 1.372830
v -1.196802 2.655062 1.381823
v -1.228097 2.681438 1.394759
v -1.251703 2.712536 1.411140
v -1.266715 2.747160 1.430338
v -1.272554 2.783979 1.451614
v -1.268996 2.821579 1.474151
v -1.256179 2.858514 1.497083
v -1.234594 2.893366 1.519529
v -1.205071 2.924794 1.540625
v -1.168744 2.951592 1.559562
v -0.974461 2.616652 1.389222
v -1.021921 2.604662 1.388865
v -1.069615 2.600343 1.392179
v -1.115712 2.603862 1.399038
v -1.158440 2.615084 1.409179
v -1.196156 2.633576 1.422212
v -1.227411 2.658629 1.437635
v -1.251005 2.689280 1.454857
v -1.266029 2.724351 1.473214
v -1.271908 2.762493 1.492003
v -1.268415 2.802242 1.510500
v -1.255685 2.842070 1.527996
v -1.234205 2.880445 1.543817
v -1.204803 2.915895 1.557355
v -1.168608 2.947055 1.568091
v -0.972653 2.612977 1.397973
v -1.018374 2.597454 1.406029
v -1.064467 2.589878 1.417098
v -1.109159 2.590543 1.430754
v -1.150734 2.599422 1.446473
v -1.187594 2.616174 1.463650
v -1.218322 2.640155 1.481626
v -1.241737 2.670444 1.499709
v -1.256940 2.705876 1.517205
v -1.263346 2.745091 1.533441
v -1.260710 2.786580 1.547794
v -1.249132 2.828751 1.559711
v -1.229057 2.869981 1.568735
v -1.201257 2.908686 1.574519
v -1.166800 2.943380 1.576841
v -0.969243 2.610306 1.406608
v -1.011685 2.592214 1.422969
v -1.054755 2.582271 1.441690
v -1.096799 2.580861 1.462054
v -1.136200 2.588037 1.483278
v -1.171445 2.603524 1.504546
v -1.201178 2.626726 1.525041
v -1.224257 2.656752 1.543975
v -1.239796 2.692447 1.560620
v -1.247197 2.732441 1.574337
v -1.246176 2.775196 1.584599
v -1.236771 2.819068 1.591012
v -1.219345 2.862374 1.593328
v -1.194568 2.903446 1.591459
v -1.163390 2.940709 1.585477
v -0.964362 2.608741 1.414798
v -1.002110 2.589144 1.439032
v -1.040855 2.577814 1.465012
v -1.079107 2.575188 1.491737
v -1.115396 2.581367 1.518181
v -1.148329 2.596112 1.543328
v -1.176638 2.618857 1.566211
v -1.199237 2.648729 1.585952
v -1.215256 2.684579 1.601790
v -1.224081 2.725029 1.613119
v -1.225372 2.768525 1.619502
v -1.219079 2.813396 1.620694
v -1.205445 2.857917 1.616649
v -1.184993 2.900376 1.607523
v -1.158509 2.939144 1.593666
v -0.958197 2.608342 1.422226
v -0.990017 2.588361 1.453603
v -1.023299 2.576678 1.486165
v -1.056763 2.573743 1.518660
v -1.089122 2.579667 1.549839
v -1.119134 2.594223 1.578505
v -1.145645 2.616852 1.603555
v -1.167637 2.646685 1.624027
v -1.184264 2.682574 1.639134
v -1.194887 2.723140 1.648296
v -1.199098 2.766825 1.651160
v -1.196735 2.811950 1.647617
v -1.187889 2.856781 1.637803
v -1.172900 2.899594 1.622094
v -1.152344 2.938745 1.601094
v -0.950985 2.609125 1.428607
v -0.975872 2.589896 1.466121
v -1.002763 2.578907 1.504338
v -1.030625 2.576580 1.541790
v -1.058387 2.583003 1.577037
v -1.084984 2.597930 1.608726
v -1.109391 2.620787 1.635637
v -1.130672 2.650697 1.656738
v -1.148010 2.686509 1.671216
v -1.160736 2.726847 1.678517
v -1.168363 2.770161 1.678358
v -1.170597 2.814787 1.670747
v -1.167353 2.859010 1.655976
v -1.158754 2.901129 1.634612
v -1.145132 2.939528 1.607476
v -0.943004 2.611059 1.433697
v -0.960216 2.593691 1.476105
v -0.980035 2.584416 1.518832
v -1.001698 2.583591 1.560237
v -1.024373 2.591247 1.598729
v -1.047189 2.607090 1.632828
v -1.069268 2.630512 1.661224
v -1.089764 2.660612 1.682826
v -1.107887 2.696233 1.696804
v -1.122941 2.736007 1.702620
v -1.134348 2.778405 1.700050
v -1.141670 2.821798 1.689194
v -1.144625 2.864518 1.670470
v -1.143099 2.904923 1.644595
v -1.137151 2.941462 1.612566
v -0.934561 2.614070 1.437299
v -0.943653 2.599598 1.483171
v -0.955989 2.592992 1.529090
v -0.971093 2.594506 1.573293
v -0.988386 2.604082 1.614081
v -1.007202 2.621351 1.649887
v -1.026819 2.645651 1.679334
v -1.046483 2.676048 1.701290
v -1.065437 2.711373 1.714913
v -1.082955 2.750268 1.719678
v -1.098361 2.791240 1.715403
v -1.111066 2.832713 1.702251
v -1.120579 2.873094 1.680728
v -1.126536 2.910831 1.651661
v -1.128708 2.944474 1.616168
v -0.925979 2.618043 1.439276
v -0.926819 2.607391 1.487047
v -0.931550 2.604306 1.534718
v -0.939988 2.608906 1.580457
v -0.951810 2.621014 1.622504
v -0.966561 2.640166 1.659246
v -0.983674 2.665625 1.689269
v -1.002493 2.696413 1.711421
v -1.022293 2.731346 1.724849
v -1.042313 2.769083 1.729037
v -1.061785 2.808172 1.723825
v -1.079960 2.847113 1.709414
v -1.096140 2.884408 1.686356
v -1.109702 2.918624 1.655538
v -1.120126 2.948446 1.618144
v -0.917588 2.622825 1.439550
v -0.910361 2.616771 1.487586
v -0.907655 2.617923 1.535500
v -0.909576 2.626237 1.581451
v -0.916049 2.641394 1.623674
v -0.926826 2.662811 1.660546
v -0.941492 2.689664 1.690649
v -0.959484 2.720923 1.712827
v -0.980111 2.755385 1.726228
v -1.002579 2.791727 1.730337
v -1.026025 2.828552 1.724995
v -1.049549 2.864444 1.710409
v -1.072245 2.898025 1.687138
v -1.093243 2.928004 1.656076
v -1.111735 2.953228 1.618419
v -0.929060 2.635853 1.393239
v -0.909711 2.628232 1.438112
v -0.894910 2.627377 1.484765
v -0.885225 2.633320 1.531405
v -0.881028 2.645834 1.576240
v -0.882480 2.664437 1.617546
v -0.889526 2.688415 1.653737
v -0.901894 2.716846 1.683420
v -0.919110 2.748637 1.705457
v -0.940512 2.782567 1.719000
v -0.965278 2.817332 1.723528
v -0.992455 2.851595 1.718867
v -1.021000 2.884041 1.705197
v -1.049815 2.913423 1.683043
v -1.077793 2.938609 1.653256
v -1.103859 2.958635 1.616981
v -0.902652 2.634056 1.435017
v -0.881062 2.638801 1.478694
v -0.865120 2.649905 1.522591
v -0.855439 2.666943 1.565022
v -0.852390 2.689259 1.604355
v -0.856092 2.715996 1.639080
v -0.866401 2.746125 1.667861
v -0.882922 2.778490 1.689592
v -0.905020 2.811846 1.703440
v -0.931845 2.844912 1.708871
v -0.962366 2.876417 1.705676
v -0.995411 2.905151 1.693979
v -1.029710 2.930008 1.674229
v -1.063944 2.950034 1.647185
v -1.096799 2.964459 1.613886
v -0.896680 2.640074 1.430384
v -0.869347 2.650604 1.469606
v -0.848113 2.667042 1.509397
v -0.833793 2.688753 1.548229
v -0.826938 2.714905 1.584608
v -0.827811 2.744492 1.617138
v -0.836378 2.776377 1.644568
v -0.852311 2.809335 1.665843
v -0.874997 2.842098 1.680147
v -0.903563 2.873409 1.686929
v -0.936914 2.902063 1.685930
v -0.973766 2.926961 1.677186
v -1.012703 2.947144 1.661035
v -1.052230 2.961837 1.638096
v -1.090827 2.970476 1.609252
v -0.892025 2.646053 1.424391
v -0.860217 2.662334 1.457849
v -0.834858 2.684070 1.492329
v -0.816923 2.710427 1.526506
v -0.807100 2.740390 1.559065
v -0.805769 2.772810 1.588756
v -0.812978 2.806438 1.614437
v -0.828452 2.839985 1.635123
v -0.851596 2.872160 1.650017
v -0.881521 2.901726 1.658547
v -0.917076 2.927548 1.660386
v -0.956895 2.948634 1.655463
v -0.999448 2.964173 1.643967
v -1.043100 2.973567 1.626340
v -1.086172 2.976456 1.603259
v -0.888867 2.651765 1.417267
v -0.854022 2.673539 1.443877
v -0.825864 2.700337 1.472044
v -0.805476 2.731130 1.500688
v -0.793640 2.764735 1.528706
v -0.790812 2.799860 1.555023
v -0.797101 2.835155 1.578627
v -0.812264 2.869264 1.598610
v -0.835719 2.900876 1.614206
v -0.866565 2.928777 1.624814
v -0.903616 2.951893 1.630027
v -0.945448 2.969337 1.629645
v -0.990454 2.980439 1.623682
v -1.036904 2.984771 1.612367
v -1.083014 2.982168 1.596136
v -0.887326 2.656990 1.409288
v -0.851000 2.683788 1.428225
v -0.821477 2.715216 1.449322
v -0.799892 2.750068 1.471767
v -0.787074 2.787003 1.494699
v -0.783517 2.824603 1.517236
v -0.789356 2.861422 1.538513
v -0.804367 2.896046 1.557710
v -0.827974 2.927143 1.574092
v -0.859269 2.953520 1.587028
v -0.897050 2.974161 1.596020
v -0.939864 2.988275 1.600724
v -0.986067 2.995318 1.600959
v -1.033882 2.995020 1.596715
v -1.081473 2.987393 1.588157
v -0.887463 2.661527 1.400759
v -0.851267 2.692687 1.411495
v -0.821865 2.728136 1.425034
v -0.800386 2.766512 1.440855
v -0.787655 2.806340 1.458350
v -0.784162 2.846089 1.476848
v -0.790041 2.884231 1.495636
v -0.805066 2.919302 1.513994
v -0.828659 2.949952 1.531215
v -0.859915 2.975006 1.546639
v -0.897631 2.993498 1.559671
v -0.940358 3.004719 1.569812
v -0.986455 3.008239 1.576672
v -1.034150 3.003920 1.579986
v -1.081610 2.991930 1.579628
v -0.889271 2.665202 1.392009
v -0.854814 2.699896 1.394331
v -0.827014 2.738601 1.400115
v -0.806939 2.779831 1.409139
v -0.795361 2.822001 1.421057
v -0.792724 2.863491 1.435409
v -0.799130 2.902705 1.451645
v -0.814334 2.938138 1.469141
v -0.837749 2.968427 1.487225
v -0.868477 2.992408 1.505200
v -0.905336 3.009160 1.522377
v -0.946911 3.018039 1.538096
v -0.991604 3.018703 1.551753
v -1.037696 3.011128 1.562821
v -1.083418 2.995605 1.570878
v -0.892681 2.667873 1.383373
v -0.861503 2.705135 1.377391
v -0.836725 2.746208 1.375523
v -0.819299 2.789513 1.377839
v -0.809895 2.833386 1.384251
v -0.808874 2.876141 1.394513
v -0.816275 2.916135 1.408230
v -0.831813 2.951830 1.424876
v -0.854893 2.981856 1.443810
v -0.884626 3.005058 1.464304
v -0.919870 3.020545 1.485572
v -0.959272 3.027721 1.506796
v -1.001315 3.026311 1.527160
v -1.044386 3.016368 1.545882
v -1.086828 2.998276 1.562242
v -0.897562 2.669438 1.375184
v -0.871078 2.708205 1.361327
v -0.850626 2.750665 1.352201
v -0.836991 2.795186 1.348157
v -0.830699 2.840057 1.349349
v -0.831990 2.883553 1.355731
v -0.840814 2.924003 1.367060
v -0.856834 2.959853 1.382899
v -0.879433 2.989724 1.402639
v -0.907742 3.012470 1.425523
v -0.940674 3.027215 1.450670
v -0.976964 3.033394 1.477114
v -1.015216 3.030768 1.503839
v -1.053961 3.019438 1.529818
v -1.091709 2.999841 1.554053
v -0.888434 2.961897 1.344824
v -0.910425 2.991729 1.365295
v -0.936936 3.014359 1.390346
v -1.066053 3.020221 1.515247
v -1.097874 3.000240 1.546625
v -1.127011 2.972729 1.575612
v -1.111196 3.013101 1.559171
v -1.093360 2.982747 1.542739
v -1.117490 3.012418 1.553602
v -1.099654 2.982064 1.537169
v -1.124455 3.010730 1.549160
v -1.106619 2.980376 1.532727
v -1.131824 3.008101 1.546016
v -1.113988 2.977748 1.529584
v -1.139314 3.004634 1.544291
v -1.121478 2.974280 1.527859
v -1.146637 3.000461 1.544052
v -1.128801 2.970107 1.527619
v -1.153511 2.995742 1.545307
v -1.135675 2.965388 1.528874
v -1.159673 2.990659 1.548008
v -1.141837 2.960305 1.531575
v -1.164885 2.985408 1.552052
v -1.147049 2.955054 1.535619
v -1.168947 2.980189 1.557282
v -1.151111 2.949835 1.540850
v -1.171703 2.975204 1.563499
v -1.153867 2.944850 1.547066
v -1.173048 2.970644 1.570463
v -1.155212 2.940290 1.554030
v -1.172929 2.966684 1.577906
v -1.155093 2.936331 1.561473
v -1.171351 2.963477 1.585543
v -1.153515 2.933123 1.569110
v -1.168375 2.961146 1.593080
v -1.150539 2.930792 1.576647
v -1.164115 2.959780 1.600227
v -1.146279 2.929426 1.583794
v -1.158734 2.959432 1.606709
v -1.140898 2.929078 1.590277
v -1.152441 2.960115 1.612279
v -1.134605 2.929761 1.595846
v -1.145475 2.961803 1.616721
v -1.127639 2.931449 1.600288
v -1.138106 2.964431 1.619864
v -1.120270 2.934078 1.603432
v -1.130616 2.967899 1.621589
v -1.112780 2.937545 1.605157
v -1.123294 2.972072 1.621829
v -1.105458 2.941718 1.605396
v -1.116419 2.976791 1.620574
v -1.098583 2.946437 1.604141
v -1.110258 2.981874 1.617873
v -1.092422 2.951520 1.601440
v -1.105046 2.987125 1.613829
v -1.087210 2.956771 1.597397
v -1.100984 2.992344 1.608598
v -1.083148 2.961990 1.592166
v -1.098227 2.997329 1.602382
v -1.080391 2.966975 1.585949
v -1.096883 3.001889 1.595418
v -1.079047 2.971535 1.578986
v -1.097002 3.005848 1.587975
v -1.079166 2.975495 1.571542
v -1.098580 3.009056 1.580338
v -1.080744 2.978702 1.563905
v -1.101556 3.011387 1.572801
v -1.083720 2.981033 1.556369
v -1.105816 3.012753 1.565654
v -1.087980 2.982399 1.549222
v -1.143104 3.042467 1.566342
v -1.137141 3.032318 1.560847
v -1.139226 3.039480 1.560712
v -1.130175 3.034006 1.565289
v -1.136139 3.044155 1.570784
v -1.131666 3.041312 1.565533
v -1.191697 3.002381 1.587644
v -1.185733 2.992232 1.582150
v -1.191964 2.995974 1.583832
v -1.184389 2.996792 1.575186
v -1.190352 3.006941 1.580680
v -1.190505 3.000923 1.576274
v -1.149265 2.999636 1.638771
v -1.143302 2.989487 1.633276
v -1.145913 2.992994 1.639321
v -1.150792 2.986020 1.631552
v -1.156755 2.996169 1.637046
v -1.154041 2.989231 1.637449
v -1.117229 3.040793 1.597520
v -1.111265 3.030644 1.592025
v -1.111143 3.037663 1.594550
v -1.109687 3.027437 1.599662
v -1.115651 3.037586 1.605156
v -1.109430 3.034182 1.602839
v -1.178322 3.022397 1.565190
v -1.172358 3.012248 1.559695
v -1.177448 3.017697 1.559462
v -1.166197 3.017330 1.556994
v -1.172160 3.027479 1.562488
v -1.170761 3.023213 1.556530
v -1.177383 2.991169 1.623891
v -1.171420 2.981020 1.618397
v -1.176430 2.983805 1.623172
v -1.176800 2.981368 1.611914
v -1.182764 2.991517 1.617408
v -1.182269 2.984183 1.616136
v -1.119633 3.024081 1.625780
v -1.113669 3.013932 1.620286
v -1.113752 3.019525 1.625222
v -1.117731 3.008713 1.625516
v -1.123695 3.018862 1.631011
v -1.118160 3.013861 1.630899
v -1.150473 3.039839 1.563198
v -1.144510 3.029690 1.557703
v -1.147224 3.036627 1.557300
v -1.191578 2.998422 1.595088
v -1.185614 2.988273 1.589593
v -1.191835 2.991676 1.591911
v -1.141943 3.003809 1.639010
v -1.135979 2.993660 1.633516
v -1.137965 2.997524 1.639581
v -1.120205 3.043124 1.589983
v -1.114241 3.032975 1.584488
v -1.114373 3.040193 1.586370
v -1.183534 3.017145 1.569233
v -1.177570 3.006996 1.563739
v -1.183105 3.011997 1.563850
v -1.171090 2.991852 1.629460
v -1.165126 2.981703 1.623966
v -1.169599 2.984546 1.629216
v -1.116876 3.029066 1.619563
v -1.110913 3.018917 1.614069
v -1.110760 3.024935 1.618475
v -1.157963 3.036371 1.561473
v -1.152000 3.026222 1.555979
v -1.155352 3.032864 1.555428
v -1.190000 2.995214 1.602724
v -1.184036 2.985065 1.597230
v -1.190122 2.988196 1.600199
v -1.135069 3.008528 1.637755
v -1.129105 2.998379 1.632261
v -1.130504 3.002645 1.638219
v -1.124465 3.044490 1.582836
v -1.118502 3.034341 1.577341
v -1.118996 3.041676 1.578614
v -1.187596 3.011926 1.574464
v -1.181632 3.001777 1.568969
v -1.187513 3.006333 1.569527
v -1.164124 2.993541 1.633902
v -1.158161 2.983392 1.628408
v -1.162039 2.986379 1.634037
v -1.115532 3.033626 1.612600
v -1.109568 3.023477 1.607105
v -1.109301 3.029885 1.610917
v -1.165286 3.032198 1.561234
v -1.159323 3.022049 1.555739
v -1.163300 3.028335 1.555168
v -1.187024 2.992883 1.610261
v -1.181060 2.982734 1.604767
v -1.186892 2.985665 1.608379
v -1.128907 3.013611 1.635054
v -1.122944 3.003462 1.629560
v -1.123817 3.008161 1.635288
v -1.123882 3.034689 1.570858
v -1.129845 3.044838 1.576353
v -1.124835 3.042053 1.571578
v -1.132998 3.059012 1.590697
v -1.128153 3.050766 1.586233
v -1.128265 3.056989 1.587095
v -1.143602 3.023050 1.645617
v -1.138756 3.014804 1.641153
v -1.139709 3.018176 1.646369
v -1.193688 3.001490 1.606122
v -1.198533 3.009736 1.610586
v -1.198995 3.003807 1.608560
v -1.166497 3.050893 1.569335
v -1.161651 3.042647 1.564870
v -1.164419 3.048226 1.564039
v -1.137440 3.028133 1.642916
v -1.132595 3.019887 1.638452
v -1.133059 3.023661 1.643453
v -1.127383 3.025138 1.634408
v -1.132228 3.033384 1.638872
v -1.127434 3.029329 1.639089
v -1.125410 3.043588 1.627425
v -1.120564 3.035342 1.622961
v -1.120075 3.040342 1.626734
v -1.123321 3.030357 1.629178
v -1.128166 3.038603 1.633642
v -1.123049 3.034962 1.633444
v -1.195557 3.007405 1.618123
v -1.190711 2.999159 1.613658
v -1.195783 3.001291 1.616694
v -1.186451 2.997793 1.620806
v -1.191297 3.006039 1.625270
v -1.191185 2.999816 1.624408
v -1.174778 2.998128 1.632858
v -1.179623 3.006374 1.637322
v -1.178586 3.000178 1.637416
v -1.185917 3.005691 1.631752
v -1.181071 2.997445 1.627288
v -1.185378 2.999441 1.631405
v -1.168974 3.038474 1.564631
v -1.173819 3.046720 1.569095
v -1.172322 3.043722 1.563780
v -1.180693 3.042001 1.570350
v -1.175848 3.033755 1.565886
v -1.179741 3.038630 1.565135
v -1.187222 3.023421 1.572631
v -1.192067 3.031667 1.577095
v -1.192016 3.027476 1.572414
v -1.186855 3.036918 1.573051
v -1.182009 3.028672 1.568587
v -1.186391 3.033144 1.568050
v -1.124065 3.048148 1.620461
v -1.119220 3.039902 1.615997
v -1.118623 3.045264 1.619218
v -1.119339 3.043862 1.608554
v -1.124184 3.052108 1.613018
v -1.118752 3.049537 1.611185
v -1.128738 3.057646 1.597844
v -1.123893 3.049400 1.593380
v -1.123667 3.055515 1.594809
v -1.120917 3.047069 1.600917
v -1.125762 3.055315 1.605381
v -1.120455 3.052998 1.602943
v -1.172658 3.008062 1.641764
v -1.167812 2.999816 1.637300
v -1.171068 3.002000 1.642210
v -1.160443 3.002445 1.640444
v -1.165288 3.010690 1.644908
v -1.163115 3.004837 1.645603
v -1.145630 3.010085 1.642408
v -1.150476 3.018331 1.646872
v -1.147128 3.013083 1.647723
v -1.157799 3.014158 1.646632
v -1.152953 3.005912 1.642168
v -1.155031 3.008579 1.647464
v -1.191284 3.018202 1.577861
v -1.196129 3.026448 1.582325
v -1.196400 3.021843 1.578059
v -1.198885 3.021463 1.588542
v -1.194040 3.013217 1.584078
v -1.199375 3.016463 1.584769
v -1.195266 3.004698 1.598485
v -1.200111 3.012944 1.602949
v -1.200698 3.007268 1.600318
v -1.200230 3.016903 1.595506
v -1.195385 3.008657 1.591042
v -1.200826 3.011542 1.592284
v -1.133533 3.051114 1.579750
v -1.138379 3.059360 1.584214
v -1.134072 3.057364 1.580098
v -1.144672 3.058677 1.578645
v -1.139827 3.050431 1.574181
v -1.140864 3.056627 1.574087
v -1.154161 3.046115 1.566595
v -1.159007 3.054361 1.571059
v -1.156335 3.051969 1.565900
v -1.146792 3.048743 1.569739
v -1.151637 3.056989 1.574203
v -1.148382 3.054805 1.569293
v -1.174553 3.074624 1.618830
v -1.144676 3.070078 1.590017
v -1.159028 3.080941 1.603616
v -1.150970 3.069395 1.584447
v -1.176516 3.074411 1.617093
v -1.164053 3.080396 1.599169
v -1.157935 3.067706 1.580005
v -1.178689 3.073884 1.615707
v -1.169615 3.079048 1.595622
v -1.165304 3.065078 1.576862
v -1.180987 3.073065 1.614727
v -1.175499 3.076949 1.593112
v -1.172794 3.061611 1.575137
v -1.183323 3.071983 1.614189
v -1.181479 3.074181 1.591735
v -1.180117 3.057438 1.574897
v -1.185607 3.070682 1.614114
v -1.187326 3.070848 1.591544
v -1.186991 3.052719 1.576152
v -1.187751 3.069210 1.614505
v -1.192815 3.067081 1.592546
v -1.193153 3.047636 1.578853
v -1.189673 3.067625 1.615348
v -1.197734 3.063022 1.594702
v -1.198365 3.042384 1.582897
v -1.191299 3.065987 1.616609
v -1.201896 3.058829 1.597931
v -1.202427 3.037166 1.588128
v -1.192566 3.064359 1.618240
v -1.205140 3.054662 1.602108
v -1.205183 3.032181 1.594344
v -1.193425 3.062804 1.620179
v -1.207340 3.050682 1.607071
v -1.206528 3.027621 1.601308
v -1.193845 3.061382 1.622351
v -1.208414 3.047041 1.612632
v -1.206409 3.023661 1.608751
v -1.193808 3.060147 1.624673
v -1.208319 3.043879 1.618575
v -1.204831 3.020454 1.616388
v -1.193316 3.059146 1.627055
v -1.207059 3.041318 1.624672
v -1.201855 3.018123 1.623925
v -1.192387 3.058419 1.629405
v -1.204683 3.039457 1.630690
v -1.197595 3.016757 1.631072
v -1.191059 3.057993 1.631635
v -1.201281 3.038366 1.636397
v -1.192214 3.016409 1.637555
v -1.189380 3.057885 1.633657
v -1.196985 3.038089 1.641573
v -1.185921 3.017092 1.643124
v -1.187417 3.058098 1.635394
v -1.191960 3.038634 1.646020
v -1.178955 3.018780 1.647566
v -1.185245 3.058624 1.636779
v -1.186399 3.039982 1.649567
v -1.171586 3.021408 1.650710
v -1.182947 3.059444 1.637760
v -1.180515 3.042080 1.652077
v -1.164096 3.024875 1.652435
v -1.180610 3.060526 1.638298
v -1.174534 3.044849 1.653454
v -1.156774 3.029049 1.652674
v -1.178326 3.061827 1.638372
v -1.168687 3.048181 1.653645
v -1.149899 3.033767 1.651419
v -1.176183 3.063299 1.637981
v -1.163198 3.051949 1.652643
v -1.143738 3.038850 1.648718
v -1.174261 3.064884 1.637139
v -1.158279 3.056007 1.650487
v -1.138526 3.044102 1.644675
v -1.172635 3.066522 1.635877
v -1.154117 3.060200 1.647258
v -1.134464 3.049320 1.639444
v -1.171368 3.068150 1.634246
v -1.150874 3.064367 1.643082
v -1.131707 3.054306 1.633227
v -1.170508 3.069705 1.632307
v -1.148673 3.068348 1.638118
v -1.130363 3.058866 1.626263
v -1.170089 3.071127 1.630135
v -1.147599 3.071989 1.632558
v -1.130482 3.062825 1.618820
v -1.170126 3.072362 1.627813
v -1.147694 3.075150 1.626614
v -1.132060 3.066032 1.611183
v -1.170618 3.073362 1.625432
v -1.148954 3.077711 1.620517
v -1.135036 3.068364 1.603647
v -1.171547 3.074089 1.623081
v -1.151331 3.079572 1.614499
v -1.139296 3.069730 1.596499
v -1.172875 3.074515 1.620852
v -1.154732 3.080663 1.608792
v -0.877603 2.742811 1.340423
v -0.791749 2.596703 1.261325
v -0.895798 2.740836 1.324321
v -0.809944 2.594728 1.245223
v -0.915936 2.735955 1.311479
v -0.830082 2.589847 1.232381
v -0.937241 2.728357 1.302390
v -0.851387 2.582248 1.223292
v -0.958895 2.718332 1.297403
v -0.873041 2.572224 1.218306
v -0.980066 2.706267 1.296711
v -0.894212 2.560159 1.217613
v -0.999940 2.692625 1.300339
v -0.914086 2.546516 1.221241
v -1.017753 2.677929 1.308148
v -0.931899 2.531821 1.229050
v -1.032822 2.662746 1.319839
v -0.946968 2.516638 1.240741
v -1.044566 2.647659 1.334961
v -0.958712 2.501550 1.255863
v -1.052535 2.633246 1.352934
v -0.966681 2.487138 1.273836
v -1.056422 2.620063 1.373067
v -0.970568 2.473955 1.293969
v -1.056078 2.608615 1.394587
v -0.970224 2.462507 1.315489
v -1.051516 2.599343 1.416665
v -0.965662 2.453235 1.337568
v -1.042912 2.592603 1.438455
v -0.957058 2.446495 1.359357
v -1.030595 2.588654 1.459118
v -0.944741 2.442545 1.380020
v -1.015040 2.587647 1.477861
v -0.929186 2.441539 1.398763
v -0.996845 2.589622 1.493963
v -0.910991 2.443514 1.414865
v -0.976707 2.594503 1.506805
v -0.890853 2.448395 1.427707
v -0.955402 2.602101 1.515894
v -0.869548 2.455993 1.436796
v -0.933748 2.612126 1.520880
v -0.847894 2.466018 1.441782
v -0.912577 2.624191 1.521573
v -0.826723 2.478083 1.442475
v -0.892703 2.637833 1.517945
v -0.806849 2.491725 1.438847
v -0.874890 2.652528 1.510135
v -0.789036 2.506420 1.431038
v -0.859821 2.667711 1.498445
v -0.773967 2.521603 1.419347
v -0.848077 2.682799 1.483323
v -0.762223 2.536691 1.404225
v -0.840108 2.697212 1.465349
v -0.754254 2.551104 1.386252
v -0.836221 2.710395 1.445216
v -0.750367 2.564287 1.366119
v -0.836565 2.721843 1.423697
v -0.750711 2.575735 1.344599
v -0.841127 2.731115 1.401618
v -0.755273 2.585007 1.322520
v -0.849731 2.737855 1.379829
v -0.763877 2.591747 1.300731
v -0.862048 2.741804 1.359165
v -0.776194 2.595696 1.280068
v -0.821283 2.617088 1.289366
v -0.869177 2.698594 1.333491
v -0.849440 2.653088 1.315638
v -0.884578 2.696922 1.319862
v -0.836684 2.615416 1.275737
v -0.863726 2.651537 1.302996
v -0.901622 2.692791 1.308992
v -0.853729 2.611285 1.264868
v -0.879537 2.647705 1.292913
v -0.919655 2.686360 1.301299
v -0.871762 2.604854 1.257175
v -0.896265 2.641739 1.285777
v -0.937983 2.677875 1.297078
v -0.890090 2.596369 1.252954
v -0.913266 2.633869 1.281862
v -0.955903 2.667663 1.296492
v -0.908009 2.586157 1.252368
v -0.929889 2.624396 1.281318
v -0.972724 2.656116 1.299563
v -0.924831 2.574610 1.255439
v -0.945493 2.613684 1.284166
v -0.987802 2.643678 1.306173
v -0.939908 2.562172 1.262048
v -0.959479 2.602147 1.290298
v -1.000556 2.630826 1.316068
v -0.952662 2.549320 1.271943
v -0.971310 2.590225 1.299477
v -1.010497 2.618056 1.328868
v -0.962603 2.536550 1.284743
v -0.980531 2.578379 1.311350
v -1.017241 2.605857 1.344080
v -0.969348 2.524351 1.299956
v -0.986788 2.567063 1.325461
v -1.020532 2.594699 1.361121
v -0.972638 2.513192 1.316997
v -0.989840 2.556712 1.341269
v -1.020240 2.585009 1.379335
v -0.972347 2.503503 1.335211
v -0.989570 2.547724 1.358165
v -1.016379 2.577161 1.398023
v -0.968486 2.495655 1.353899
v -0.985988 2.540444 1.375500
v -1.009096 2.571456 1.416466
v -0.961203 2.489950 1.372342
v -0.979232 2.535152 1.392608
v -0.998672 2.568114 1.433956
v -0.950778 2.486607 1.389831
v -0.969562 2.532052 1.408832
v -0.985506 2.567262 1.449820
v -0.937612 2.485756 1.405695
v -0.957349 2.531261 1.423548
v -0.970105 2.568933 1.463448
v -0.922211 2.487427 1.419324
v -0.943063 2.532812 1.436190
v -0.953060 2.573064 1.474318
v -0.905167 2.491558 1.430193
v -0.927252 2.536644 1.446273
v -0.935027 2.579496 1.482011
v -0.887134 2.497990 1.437886
v -0.910524 2.542610 1.453409
v -0.916699 2.587981 1.486232
v -0.868805 2.506474 1.442107
v -0.893522 2.550481 1.457324
v -0.898780 2.598193 1.486818
v -0.850886 2.516687 1.442693
v -0.876900 2.559954 1.457868
v -0.881958 2.609740 1.483747
v -0.834064 2.528234 1.439623
v -0.861296 2.570665 1.455019
v -0.866881 2.622178 1.477137
v -0.818987 2.540672 1.433013
v -0.847310 2.582203 1.448888
v -0.854126 2.635029 1.467242
v -0.806233 2.553523 1.423118
v -0.835479 2.594124 1.439709
v -0.844186 2.647799 1.454443
v -0.796292 2.566293 1.410318
v -0.826258 2.605970 1.427836
v -0.837441 2.659998 1.439230
v -0.789547 2.578492 1.395105
v -0.820001 2.617286 1.413724
v -0.834151 2.671157 1.422189
v -0.786257 2.589651 1.378065
v -0.816949 2.627637 1.397917
v -0.834442 2.680847 1.403975
v -0.786548 2.599340 1.359850
v -0.817219 2.636625 1.381021
v -0.838303 2.688694 1.385287
v -0.790410 2.607188 1.341163
v -0.820801 2.643905 1.363686
v -0.845586 2.694400 1.366844
v -0.797692 2.612893 1.322720
v -0.827556 2.649197 1.346578
v -0.856011 2.697742 1.349355
v -0.808117 2.616236 1.305230
v -0.837227 2.652298 1.330354
v -0.705894 2.450595 1.182227
v -0.724090 2.448620 1.166126
v -0.744228 2.443739 1.153283
v -0.765533 2.436141 1.144194
v -0.787187 2.426116 1.139208
v -0.808358 2.414051 1.138515
v -0.828232 2.400409 1.142143
v -0.846045 2.385713 1.149953
v -0.861114 2.370530 1.161643
v -0.872858 2.355443 1.176765
v -0.880827 2.341030 1.194739
v -0.884714 2.327847 1.214872
v -0.884370 2.316399 1.236391
v -0.879808 2.307127 1.258470
v -0.871204 2.300387 1.280259
v -0.858887 2.296438 1.300923
v -0.843332 2.295431 1.319665
v -0.825136 2.297406 1.335767
v -0.804999 2.302287 1.348609
v -0.783694 2.309885 1.357698
v -0.762040 2.319910 1.362685
v -0.740869 2.331975 1.363377
v -0.720995 2.345617 1.359749
v -0.703182 2.360312 1.351940
v -0.688113 2.375495 1.340249
v -0.676369 2.390583 1.325127
v -0.668400 2.404996 1.307154
v -0.664513 2.418179 1.287021
v -0.664857 2.429627 1.265501
v -0.669419 2.438899 1.243423
v -0.678023 2.445639 1.221633
v -0.690339 2.449588 1.200970
v -0.735429 2.470980 1.210268
v -0.783323 2.552486 1.254393
v -0.763586 2.506980 1.236540
v -0.798724 2.550814 1.240764
v -0.750830 2.469308 1.196640
v -0.777872 2.505429 1.223898
v -0.815768 2.546683 1.229894
v -0.767875 2.465177 1.185770
v -0.793683 2.501597 1.213815
v -0.833801 2.540252 1.222201
v -0.785908 2.458746 1.178077
v -0.810411 2.495631 1.206679
v -0.852129 2.531767 1.217981
v -0.804236 2.450261 1.173856
v -0.827412 2.487761 1.202764
v -0.870049 2.521555 1.217395
v -0.822155 2.440049 1.173270
v -0.844035 2.478288 1.202220
v -0.886870 2.510008 1.220465
v -0.838977 2.428502 1.176341
v -0.859639 2.467576 1.205069
v -0.901948 2.497570 1.227075
v -0.854054 2.416064 1.182951
v -0.873625 2.456038 1.211200
v -0.914702 2.484719 1.236970
v -0.866808 2.403212 1.192846
v -0.885456 2.444118 1.220379
v -0.924643 2.471948 1.249770
v -0.876749 2.390442 1.205645
v -0.894677 2.432271 1.232252
v -0.931387 2.459749 1.264982
v -0.883494 2.378243 1.220858
v -0.900934 2.420955 1.246364
v -0.934677 2.448591 1.282023
v -0.886784 2.367085 1.237899
v -0.903986 2.410604 1.262171
v -0.934386 2.438901 1.300238
v -0.886493 2.357395 1.256113
v -0.903716 2.401616 1.279067
v -0.930525 2.431053 1.318925
v -0.882632 2.349547 1.274801
v -0.900134 2.394336 1.296402
v -0.923242 2.425348 1.337368
v -0.875349 2.343842 1.293244
v -0.893378 2.389044 1.313510
v -0.912818 2.422006 1.354858
v -0.864924 2.340499 1.310733
v -0.883708 2.385943 1.329734
v -0.899652 2.421154 1.370722
v -0.851758 2.339648 1.326597
v -0.871495 2.385153 1.344450
v -0.884251 2.422825 1.384351
v -0.836357 2.341319 1.340226
v -0.857208 2.386704 1.357092
v -0.867206 2.426956 1.395220
v -0.819312 2.345450 1.351096
v -0.841398 2.390536 1.367175
v -0.849173 2.433388 1.402913
v -0.801280 2.351882 1.358789
v -0.824670 2.396502 1.374311
v -0.830845 2.441873 1.407134
v -0.782951 2.360367 1.363009
v -0.807668 2.404373 1.378227
v -0.812926 2.452085 1.407720
v -0.765032 2.370579 1.363596
v -0.791046 2.413846 1.378770
v -0.796104 2.463632 1.404649
v -0.748210 2.382126 1.360525
v -0.775442 2.424557 1.375922
v -0.781026 2.476070 1.398040
v -0.733133 2.394564 1.353915
v -0.761456 2.436095 1.369790
v -0.768272 2.488921 1.388144
v -0.720379 2.407415 1.344020
v -0.749625 2.448016 1.360611
v -0.758332 2.501692 1.375345
v -0.710438 2.420185 1.331220
v -0.740404 2.459862 1.348738
v -0.751587 2.513891 1.360132
v -0.703693 2.432384 1.316008
v -0.734147 2.471178 1.334627
v -0.748297 2.525049 1.343091
v -0.700403 2.443543 1.298967
v -0.731095 2.481529 1.318819
v -0.748588 2.534739 1.324877
v -0.700694 2.453233 1.280752
v -0.731365 2.490517 1.301923
v -0.752449 2.542587 1.306189
v -0.704556 2.461081 1.262065
v -0.734947 2.497797 1.284588
v -0.759732 2.548291 1.287746
v -0.711838 2.466785 1.243622
v -0.741702 2.503089 1.267480
v -0.770157 2.551634 1.270257
v -0.722263 2.470128 1.226132
v -0.751373 2.506190 1.251256
v -0.620040 2.304487 1.103130
v -0.638236 2.302512 1.087028
v -0.658374 2.297631 1.074186
v -0.679679 2.290033 1.065097
v -0.701333 2.280008 1.060110
v -0.722504 2.267943 1.059417
v -0.742378 2.254301 1.063046
v -0.760191 2.239605 1.070855
v -0.775260 2.224422 1.082546
v -0.787004 2.209335 1.097668
v -0.794973 2.194922 1.115641
v -0.798860 2.181739 1.135774
v -0.798516 2.170291 1.157293
v -0.793954 2.161019 1.179372
v -0.785350 2.154279 1.201162
v -0.773033 2.150330 1.221825
v -0.757478 2.149323 1.240567
v -0.739282 2.151298 1.256669
v -0.719145 2.156179 1.269511
v -0.697840 2.163777 1.278600
v -0.676186 2.173802 1.283587
v -0.655015 2.185867 1.284280
v -0.635141 2.199509 1.280651
v -0.617328 2.214204 1.272842
v -0.602259 2.229388 1.261152
v -0.590515 2.244475 1.246029
v -0.582546 2.258888 1.228056
v -0.578659 2.272071 1.207923
v -0.579003 2.283519 1.186404
v -0.583565 2.292791 1.164325
v -0.592169 2.299531 1.142535
v -0.604485 2.303480 1.121872
v -0.649575 2.324872 1.131171
v -0.697469 2.406378 1.175295
v -0.677732 2.360872 1.157443
v -0.712870 2.404706 1.161666
v -0.664976 2.323200 1.117542
v -0.692018 2.359322 1.144800
v -0.729914 2.400575 1.150797
v -0.682021 2.319069 1.106672
v -0.707829 2.355489 1.134717
v -0.747947 2.394144 1.143104
v -0.700054 2.312638 1.098979
v -0.724557 2.349524 1.127581
v -0.766275 2.385659 1.138883
v -0.718382 2.304153 1.094758
v -0.741558 2.341653 1.123666
v -0.784195 2.375447 1.138297
v -0.736301 2.293941 1.094172
v -0.758181 2.332180 1.123122
v -0.801016 2.363900 1.141368
v -0.753123 2.282394 1.097243
v -0.773785 2.321469 1.125971
v -0.816094 2.351462 1.147978
v -0.768200 2.269956 1.103853
v -0.787771 2.309931 1.132102
v -0.828848 2.338611 1.157872
v -0.780954 2.257104 1.113748
v -0.799602 2.298010 1.141281
v -0.838789 2.325840 1.170672
v -0.790895 2.244334 1.126548
v -0.808823 2.286164 1.153154
v -0.845533 2.313641 1.185885
v -0.797640 2.232135 1.141760
v -0.815080 2.274848 1.167266
v -0.848823 2.302483 1.202926
v -0.800930 2.220977 1.158801
v -0.818132 2.264497 1.183073
v -0.848532 2.292793 1.221140
v -0.800639 2.211287 1.177015
v -0.817862 2.255508 1.199969
v -0.844671 2.284945 1.239828
v -0.796778 2.203439 1.195703
v -0.814280 2.248228 1.217304
v -0.837388 2.279240 1.258271
v -0.789495 2.197734 1.214146
v -0.807524 2.242936 1.234413
v -0.826963 2.275898 1.275760
v -0.779070 2.194391 1.231636
v -0.797854 2.239836 1.250636
v -0.813798 2.275046 1.291624
v -0.765904 2.193540 1.247499
v -0.785641 2.239046 1.265352
v -0.798396 2.276717 1.305253
v -0.750503 2.195211 1.261128
v -0.771355 2.240596 1.277994
v -0.781352 2.280849 1.316123
v -0.733458 2.199342 1.271998
v -0.755544 2.244428 1.288077
v -0.763319 2.287280 1.323816
v -0.715426 2.205774 1.279691
v -0.738816 2.250394 1.295213
v -0.744991 2.295765 1.328036
v -0.697097 2.214259 1.283912
v -0.721814 2.258265 1.299129
v -0.727072 2.305977 1.328623
v -0.679178 2.224471 1.284498
v -0.705192 2.267738 1.299673
v -0.710250 2.317524 1.325552
v -0.662356 2.236018 1.281427
v -0.689588 2.278449 1.296824
v -0.695172 2.329962 1.318942
v -0.647279 2.248456 1.274817
v -0.675602 2.289987 1.290692
v -0.682418 2.342813 1.309047
v -0.634525 2.261307 1.264922
v -0.663771 2.301908 1.281514
v -0.672478 2.355584 1.296247
v -0.624584 2.274077 1.252122
v -0.654550 2.313754 1.269640
v -0.665733 2.367783 1.281034
v -0.617839 2.286276 1.236910
v -0.648293 2.325070 1.255529
v -0.662443 2.378941 1.263994
v -0.614549 2.297435 1.219869
v -0.645241 2.335421 1.239721
v -0.662734 2.388631 1.245779
v -0.614840 2.307125 1.201655
v -0.645511 2.344409 1.222825
v -0.666595 2.396479 1.227092
v -0.618702 2.314973 1.182967
v -0.649093 2.351689 1.205490
v -0.673878 2.402184 1.208649
v -0.625984 2.320678 1.164524
v -0.655848 2.356981 1.188382
v -0.684303 2.405526 1.191159
v -0.636409 2.324020 1.147034
v -0.665519 2.360082 1.172158
v -0.534186 2.158379 1.024032
v -0.552382 2.156404 1.007930
v -0.572519 2.151523 0.995088
v -0.593825 2.143924 0.985999
v -0.615479 2.133900 0.981012
v -0.636649 2.121835 0.980320
v -0.656524 2.108192 0.983948
v -0.674337 2.093498 0.991757
v -0.689406 2.078314 1.003448
v -0.701150 2.063226 1.018570
v -0.709119 2.048814 1.036543
v -0.713006 2.035631 1.056676
v -0.712662 2.024183 1.078196
v -0.708100 2.014911 1.100274
v -0.699496 2.008171 1.122064
v -0.687179 2.004221 1.142727
v -0.671624 2.003215 1.161470
v -0.653428 2.005190 1.177571
v -0.633291 2.010071 1.190413
v -0.611986 2.017669 1.199503
v -0.590332 2.027694 1.204489
v -0.569161 2.039759 1.205182
v -0.549287 2.053401 1.201554
v -0.531473 2.068096 1.193744
v -0.516405 2.083279 1.182054
v -0.504661 2.098367 1.166932
v -0.496692 2.112780 1.148958
v -0.492805 2.125963 1.128825
v -0.493149 2.137411 1.107306
v -0.497711 2.146683 1.085227
v -0.506315 2.153423 1.063437
v -0.518631 2.157372 1.042774
v -0.563721 2.178764 1.052073
v -0.611615 2.260270 1.096197
v -0.591878 2.214764 1.078345
v -0.627016 2.258598 1.082569
v -0.579122 2.177092 1.038444
v -0.606164 2.213213 1.065703
v -0.644060 2.254467 1.071699
v -0.596167 2.172961 1.027574
v -0.621975 2.209382 1.055620
v -0.662093 2.248036 1.064006
v -0.614199 2.166530 1.019881
v -0.638703 2.203415 1.048483
v -0.680421 2.239551 1.059785
v -0.632528 2.158045 1.015661
v -0.655704 2.195545 1.044568
v -0.698341 2.229339 1.059199
v -0.650447 2.147833 1.015074
v -0.672327 2.186072 1.044024
v -0.715162 2.217792 1.062270
v -0.667269 2.136286 1.018145
v -0.687931 2.175360 1.046873
v -0.730240 2.205354 1.068880
v -0.682346 2.123848 1.024755
v -0.701917 2.163823 1.053005
v -0.742994 2.192502 1.078775
v -0.695100 2.110996 1.034650
v -0.713748 2.151902 1.062183
v -0.752934 2.179732 1.091574
v -0.705041 2.098226 1.047450
v -0.722969 2.140055 1.074057
v -0.759679 2.167533 1.106787
v -0.711786 2.086027 1.062662
v -0.729226 2.128740 1.088168
v -0.762969 2.156375 1.123828
v -0.715076 2.074868 1.079703
v -0.732278 2.118388 1.103976
v -0.762678 2.146685 1.142042
v -0.714785 2.065179 1.097918
v -0.732008 2.109400 1.120872
v -0.758817 2.138837 1.160730
v -0.710923 2.057331 1.116605
v -0.728426 2.102120 1.138207
v -0.751534 2.133132 1.179173
v -0.703641 2.051626 1.135048
v -0.721670 2.096828 1.155315
v -0.741109 2.129790 1.196662
v -0.693216 2.048283 1.152538
v -0.712000 2.093728 1.171538
v -0.727944 2.128938 1.212526
v -0.680050 2.047432 1.168402
v -0.699787 2.092937 1.186254
v -0.712542 2.130610 1.226155
v -0.664649 2.049103 1.182030
v -0.685501 2.094488 1.198896
v -0.695498 2.134740 1.237025
v -0.647604 2.053234 1.192900
v -0.669690 2.098320 1.208979
v -0.677465 2.141172 1.244718
v -0.629571 2.059666 1.200593
v -0.652962 2.104286 1.216116
v -0.659137 2.149657 1.248939
v -0.611243 2.068151 1.204814
v -0.635960 2.112157 1.220031
v -0.641218 2.159869 1.249525
v -0.593324 2.078363 1.205400
v -0.619338 2.121630 1.220575
v -0.624396 2.171416 1.246454
v -0.576502 2.089910 1.202329
v -0.603734 2.132341 1.217726
v -0.609318 2.183854 1.239844
v -0.561425 2.102348 1.195719
v -0.589748 2.143879 1.211595
v -0.596564 2.196705 1.229949
v -0.548671 2.115199 1.185824
v -0.577917 2.155800 1.202416
v -0.586624 2.209476 1.217149
v -0.538730 2.127970 1.173025
v -0.568695 2.167646 1.190543
v -0.579879 2.221674 1.201937
v -0.531985 2.140168 1.157812
v -0.562439 2.178962 1.176431
v -0.576589 2.232833 1.184896
v -0.528695 2.151327 1.140771
v -0.559387 2.189313 1.160624
v -0.576880 2.242523 1.166682
v -0.528986 2.161016 1.122557
v -0.559657 2.198301 1.143728
v -0.580741 2.250371 1.147994
v -0.532847 2.168864 1.103869
v -0.563239 2.205581 1.126392
v -0.588024 2.256076 1.129551
v -0.540130 2.174569 1.085426
v -0.569994 2.210873 1.109284
v -0.598449 2.259418 1.112061
v -0.550555 2.177912 1.067937
v -0.579665 2.213974 1.093061
v -0.440523 1.833413 1.185063
v -0.628092 1.718201 1.194290
v -0.502113 1.776381 1.223561
v -0.565679 1.736392 1.228431
v -0.413857 1.788026 1.160495
v -0.601423 1.672817 1.169719
v -0.475455 1.730989 1.198993
v -0.539010 1.691010 1.203857
v -0.695095 1.716278 1.125117
v -0.683024 1.826453 0.934705
v -0.727696 1.731742 1.061165
v -0.721890 1.770073 0.996663
v -0.668425 1.670894 1.100546
v -0.656357 1.781066 0.910137
v -0.701024 1.686360 1.036594
v -0.695224 1.724681 0.972103
v -0.474447 1.888268 1.212828
v -0.636496 2.015280 1.194166
v -0.658123 1.775488 1.221788
v -0.521303 1.948584 1.233188
v -0.535462 1.831475 1.250323
v -0.576011 1.890931 1.267247
v -0.673626 1.937901 1.232290
v -0.576650 1.995616 1.230938
v -0.616168 1.926416 1.267151
v -0.596286 1.792857 1.255640
v -0.679049 1.852242 1.239928
v -0.620478 1.861613 1.273138
v -0.713382 1.881411 0.966152
v -0.725128 1.773565 1.152613
v -0.703493 2.013358 1.124999
v -0.751234 1.825283 1.027560
v -0.736910 1.942396 1.010594
v -0.771102 1.885332 1.065835
v -0.746058 1.850319 1.170748
v -0.757436 1.788232 1.089268
v -0.777608 1.857103 1.110916
v -0.737754 1.990993 1.064614
v -0.740630 1.935978 1.163114
v -0.773288 1.921907 1.104941
v -0.574565 2.090535 1.132085
v -0.514237 2.070045 1.169281
v -0.456285 2.021287 1.172186
v -0.408928 1.960466 1.150878
v -0.641560 2.088612 1.062919
v -0.676206 2.065396 1.002063
v -0.675885 2.014984 0.945471
v -0.651379 1.953507 0.900570
v -0.375035 1.905591 1.122818
v -0.348366 1.860206 1.098249
v -0.594060 1.853155 0.844595
v -0.620727 1.898540 0.869165
v -0.596555 1.674812 1.163249
v -0.535724 1.692544 1.196522
v -0.473780 1.731509 1.191781
v -0.413744 1.787100 1.154258
v -0.693631 1.688012 1.033498
v -0.661859 1.672937 1.095829
v -0.687979 1.725361 0.970642
v -0.650097 1.780316 0.910247
v -0.349914 1.857450 1.093591
v -0.589379 1.850578 0.846366
v -0.312739 1.977678 1.057279
v -0.300668 2.087853 0.866867
v -0.273873 2.034058 0.995321
v -0.268067 2.072388 0.930818
v -0.286068 1.932295 1.032707
v -0.274001 2.042467 0.842298
v -0.247202 1.988680 0.970741
v -0.241402 2.027001 0.906250
v -0.367671 2.085930 0.797693
v -0.555240 1.970718 0.806920
v -0.430083 2.067738 0.763553
v -0.493650 2.027750 0.768422
v -0.341003 2.040544 0.773124
v -0.528569 1.925335 0.782349
v -0.403416 2.022351 0.738986
v -0.466971 1.982372 0.743850
v -0.346810 2.032367 1.085191
v -0.508863 2.159375 1.066533
v -0.335064 2.140213 0.898729
v -0.394203 2.092076 1.106088
v -0.308498 2.087712 1.023359
v -0.354942 2.140513 1.046177
v -0.446675 2.194123 1.005338
v -0.449551 2.139108 1.103839
v -0.395098 2.175998 1.046082
v -0.302296 2.124763 0.961650
v -0.385055 2.184153 0.945934
v -0.348435 2.168742 1.001095
v -0.585745 2.025509 0.838515
v -0.402069 2.138289 0.829554
v -0.575859 2.157452 0.997365
v -0.524270 2.081519 0.800596
v -0.609810 2.085888 0.883495
v -0.550032 2.134914 0.844765
v -0.452064 2.182230 0.876754
v -0.463446 2.120138 0.795278
v -0.505566 2.164232 0.838874
v -0.610655 2.134484 0.937514
v -0.513679 2.192200 0.936163
v -0.552218 2.171488 0.883871
v -0.277433 2.035091 0.844128
v -0.245661 2.020017 0.906459
v -0.251314 1.982667 0.969315
v -0.289195 1.927712 1.029710
v -0.403568 2.015485 0.743435
v -0.342737 2.033217 0.776708
v -0.465512 1.976520 0.748176
v -0.525548 1.920929 0.785698
v -0.598224 1.666673 1.166908
v -0.535703 1.684897 1.201105
v -0.472038 1.724945 1.196233
v -0.410334 1.782081 1.157668
v -0.697998 1.680240 1.033552
v -0.665343 1.664747 1.097615
v -0.692188 1.718627 0.968950
v -0.653254 1.775109 0.906877
v -0.344730 1.854386 1.095314
v -0.590849 1.847322 0.841221
v -0.270236 2.036962 0.838920
v -0.237581 2.021469 0.902983
v -0.243391 1.983082 0.967585
v -0.282325 1.926600 1.029659
v -0.399875 2.016811 0.735430
v -0.337355 2.035036 0.769627
v -0.463540 1.976763 0.740303
v -0.525245 1.919628 0.778868
v -0.569075 1.637173 1.135076
v -0.512950 1.653338 1.166136
v -0.455727 1.689548 1.161360
v -0.397343 1.743890 1.124352
v -0.661449 1.649076 1.012825
v -0.631779 1.635374 1.070340
v -0.655837 1.683805 0.954765
v -0.618488 1.737543 0.896041
v -0.332795 1.815093 1.062889
v -0.556976 1.808659 0.831443
v -0.257992 1.988378 0.823992
v -0.228322 1.974676 0.881507
v -0.233933 1.939947 0.939567
v -0.271283 1.886209 0.998292
v -0.376821 1.970414 0.728197
v -0.320695 1.986578 0.759257
v -0.434044 1.934203 0.732972
v -0.492428 1.879862 0.769981
v -0.575320 1.627694 1.145807
v -0.512799 1.645919 1.180004
v -0.449134 1.685967 1.175131
v -0.387430 1.743102 1.136566
v -0.675093 1.641261 1.012451
v -0.642438 1.625768 1.076514
v -0.669284 1.679648 0.947848
v -0.630350 1.736130 0.885775
v -0.321826 1.815408 1.074213
v -0.567945 1.808344 0.820120
v -0.247332 1.997984 0.817819
v -0.214677 1.982491 0.881881
v -0.220487 1.944103 0.946484
v -0.259421 1.887621 1.008557
v -0.376971 1.977833 0.714329
v -0.314450 1.996057 0.748526
v -0.440636 1.937785 0.719201
v -0.502341 1.880649 0.757766
v -0.360684 1.826426 1.047795
v -0.543110 1.821191 0.859457
v -0.565708 1.667248 1.119289
v -0.518952 1.681626 1.143479
v -0.469811 1.714000 1.137017
v -0.418377 1.762651 1.102978
v -0.639793 1.678158 1.018724
v -0.616733 1.665784 1.066611
v -0.632650 1.709327 0.968902
v -0.598333 1.757486 0.917191
v -0.287061 1.981833 0.840642
v -0.264002 1.969459 0.888529
v -0.271144 1.938290 0.938350
v -0.305461 1.890130 0.990062
v -0.384842 1.965990 0.763773
v -0.338086 1.980369 0.787963
v -0.433983 1.933616 0.770235
v -0.485417 1.884965 0.804275
v -0.505253 1.857659 1.235339
v -0.496342 1.918756 1.224911
v -0.550566 1.917110 1.253847
v -0.555749 1.862188 1.260475
v -0.548475 1.975010 1.235686
v -0.600109 1.960109 1.252851
v -0.594788 1.913238 1.270152
v -0.605241 2.008723 1.217582
v -0.658934 1.977513 1.216953
v -0.642322 1.934097 1.255082
v -0.680229 1.895325 1.239872
v -0.647356 1.855746 1.262142
v -0.623505 1.894365 1.273845
v -0.670921 1.811694 1.233181
v -0.626178 1.781815 1.244183
v -0.610352 1.826837 1.266507
v -0.565979 1.809613 1.257362
v -0.597738 1.871840 1.274182
v -0.727007 1.912135 0.986772
v -0.736016 1.851036 0.997099
v -0.762885 1.856243 1.046628
v -0.757621 1.911167 1.040084
v -0.758644 1.804083 1.058454
v -0.769691 1.822264 1.102006
v -0.778202 1.866660 1.087871
v -0.746647 1.778358 1.119810
v -0.737928 1.809771 1.164002
v -0.767326 1.852302 1.138284
v -0.747236 1.893402 1.170693
v -0.762287 1.930654 1.131230
v -0.779322 1.889893 1.112979
v -0.725934 1.975590 1.147782
v -0.725697 2.005266 1.093223
v -0.759418 1.955537 1.088380
v -0.741017 1.969484 1.036905
v -0.775230 1.908060 1.083863
v -0.596122 1.724821 1.216762
v -0.614315 1.694758 1.181598
v -0.569451 1.679439 1.192189
v -0.551902 1.712951 1.215736
v -0.534001 1.753888 1.230498
v -0.507338 1.708500 1.205927
v -0.488346 1.752931 1.210871
v -0.471353 1.802802 1.208143
v -0.444692 1.757412 1.183575
v -0.426749 1.809967 1.172373
v -0.690026 1.675979 1.067707
v -0.681318 1.692835 1.112424
v -0.716698 1.721360 1.092279
v -0.713917 1.708301 1.048472
v -0.702556 1.702897 1.004384
v -0.729225 1.748285 1.028949
v -0.708116 1.746623 0.983980
v -0.679561 1.750671 0.941096
v -0.706227 1.796061 0.965658
v -0.669250 1.803007 0.922015
v -0.607340 2.052866 1.164878
v -0.708933 2.027834 1.034915
v -0.708547 1.977649 0.978645
v -0.684163 1.916233 0.933802
v -0.671458 2.016668 1.160934
v -0.708765 1.938423 1.199246
v -0.714316 1.850413 1.207069
v -0.693309 1.772747 1.188881
v -0.643173 1.744634 1.208163
v -0.580833 1.762720 1.242271
v -0.517592 1.802552 1.237337
v -0.456086 1.859546 1.198966
v -0.710176 1.742711 1.138990
v -0.742744 1.758073 1.075114
v -0.736880 1.796258 1.010943
v -0.698142 1.852599 0.949067
v -0.663253 1.715365 1.161364
v -0.636585 1.669980 1.136794
v -0.653548 1.861267 0.902391
v -0.547072 2.032479 1.202021
v -0.489446 1.983937 1.204844
v -0.442151 1.923179 1.183655
v -0.674335 2.050943 1.095713
v -0.408255 1.868307 1.155632
v -0.381586 1.822922 1.131063
v -0.626881 1.815881 0.877821
v -0.390599 1.931724 1.136758
v -0.665565 1.984318 0.921170
v -0.679858 2.042947 0.973067
v -0.663884 2.080254 1.031159
v -0.430822 1.991056 1.163519
v -0.484761 2.048546 1.174485
v -0.543321 2.083714 1.155628
v -0.471213 1.856680 0.971422
v -0.606952 1.875096 0.856473
v -0.361259 1.882147 1.110127
v -0.635883 1.924685 0.883527
v -0.609490 2.092002 1.098817
v -0.565394 1.681266 1.185149
v -0.504855 1.709590 1.198539
v -0.443798 1.757262 1.176754
v -0.682913 1.677893 1.063823
v -0.695124 1.704130 1.002105
v -0.672713 1.750692 0.940421
v -0.630826 1.672047 1.131158
v -0.382291 1.821111 1.125573
v -0.621368 1.814250 0.878750
v -0.469646 1.854014 0.969978
v -0.474617 1.731249 1.195387
v -0.413801 1.787563 1.157377
v -0.537367 1.691777 1.200190
v -0.349140 1.858828 1.095920
v -0.591719 1.851866 0.845480
v -0.598989 1.673814 1.166484
v -0.665142 1.671916 1.098188
v -0.697327 1.687186 1.035046
v -0.653227 1.780691 0.910192
v -0.691601 1.725021 0.971373
v -0.323946 2.062350 1.054032
v -0.368975 2.062549 1.097544
v -0.371273 2.119528 1.074553
v -0.331371 2.115504 1.036097
v -0.421475 2.118389 1.108686
v -0.420815 2.162527 1.073557
v -0.375857 2.160405 1.051221
v -0.477874 2.152516 1.090215
v -0.477637 2.182192 1.035656
v -0.417946 2.187411 1.030706
v -0.415256 2.194472 0.974899
v -0.361567 2.178392 0.976353
v -0.371765 2.178572 1.022105
v -0.358053 2.164913 0.920313
v -0.313315 2.135028 0.931320
v -0.324565 2.149483 0.980719
v -0.301002 2.108765 0.992385
v -0.345998 2.156047 1.022442
v -0.599640 2.055929 0.859405
v -0.554709 2.055727 0.815792
v -0.538507 2.109559 0.822250
v -0.578327 2.113585 0.860790
v -0.493667 2.103235 0.793477
v -0.483903 2.144910 0.816218
v -0.526462 2.150868 0.836131
v -0.433784 2.131571 0.806948
v -0.425060 2.162990 0.851135
v -0.481538 2.174949 0.852496
v -0.482263 2.192549 0.905720
v -0.537911 2.183968 0.906854
v -0.527582 2.174100 0.861239
v -0.544637 2.180269 0.966485
v -0.598330 2.149059 0.965856
v -0.580124 2.157955 0.909086
v -0.614017 2.112863 0.909906
v -0.556299 2.155226 0.864932
v -0.279065 2.082770 0.899704
v -0.286893 2.064408 0.854176
v -0.252399 2.037382 0.875137
v -0.254294 2.048942 0.918128
v -0.266538 2.055846 0.963035
v -0.239870 2.010463 0.938460
v -0.260095 2.010620 0.982620
v -0.289535 2.008069 1.026325
v -0.262864 1.962690 1.001748
v -0.298961 1.954236 1.044585
v -0.372974 2.033922 0.750655
v -0.353896 2.062485 0.785002
v -0.399640 2.079310 0.775222
v -0.416309 2.044292 0.750864
v -0.435088 2.004861 0.736916
v -0.461762 2.050243 0.761486
v -0.479865 2.004312 0.755729
v -0.497734 1.955949 0.759268
v -0.524410 2.001328 0.783841
v -0.541462 1.947276 0.794227
v -0.541319 2.127402 1.098857
v -0.642979 2.102295 0.968961
v -0.642592 2.052109 0.912690
v -0.618141 1.990770 0.867780
v -0.543725 2.160875 1.033201
v -0.480893 2.195684 0.971374
v -0.417590 2.185408 0.910344
v -0.366969 2.141177 0.862541
v -0.316291 2.113674 0.881282
v -0.283666 2.098213 0.945105
v -0.289530 2.060028 1.009275
v -0.328325 2.003785 1.071205
v -0.383294 2.111751 0.812108
v -0.445577 2.093566 0.777947
v -0.508818 2.053734 0.782881
v -0.570381 1.996838 0.821306
v -0.332509 2.088766 0.830620
v -0.305841 2.043380 0.806050
v -0.587508 1.935824 0.836351
v -0.481118 2.106940 1.136067
v -0.423491 2.058398 1.138890
v -0.376130 1.997715 1.117633
v -0.608314 2.125479 1.029691
v -0.342215 1.942864 1.089592
v -0.315545 1.897480 1.065023
v -0.560840 1.890440 0.811780
v -0.256380 2.030135 0.876134
v -0.244168 2.003899 0.937852
v -0.266579 1.957336 0.999536
v -0.373898 2.026762 0.754808
v -0.434437 1.998438 0.741418
v -0.495495 1.950767 0.763203
v -0.308467 2.035981 0.808799
v -0.317925 1.893779 1.061207
v -0.557001 1.886917 0.814384
v -0.249258 1.985673 0.970028
v -0.287632 1.930004 1.031208
v -0.243532 2.023509 0.906354
v -0.275717 2.038779 0.843213
v -0.341870 2.036880 0.774916
v -0.403492 2.018918 0.741211
v -0.527059 1.923132 0.784024
v -0.466242 1.979446 0.746013
v -0.566198 1.673307 1.189417
v -0.503977 1.702418 1.203179
v -0.441223 1.751414 1.180788
v -0.686981 1.669840 1.064719
v -0.699532 1.696805 1.001287
v -0.676498 1.744661 0.937890
v -0.633447 1.663831 1.133925
v -0.378008 1.817037 1.128185
v -0.623726 1.809985 0.874505
v -0.398882 1.762591 1.147117
v -0.248598 2.031868 0.871816
v -0.236047 2.004903 0.935249
v -0.259081 1.957047 0.998646
v -0.369381 2.028402 0.747119
v -0.431602 1.999291 0.733357
v -0.494356 1.950295 0.755747
v -0.302132 2.037877 0.802610
v -0.311853 1.891724 1.062031
v -0.557571 1.884672 0.808350
v -0.597390 1.670742 1.165079
v -0.535714 1.688721 1.198814
v -0.285760 1.927156 1.029684
v -0.247353 1.982875 0.968450
v -0.590114 1.848950 0.843794
v -0.651676 1.777713 0.908562
v -0.472909 1.728227 1.194007
v -0.340046 2.034126 0.773168
v -0.401722 2.016148 0.739433
v -0.412039 1.784590 1.155963
v -0.464526 1.976642 0.744239
v -0.695814 1.684126 1.033525
v -0.663601 1.668842 1.096722
v -0.525396 1.920278 0.782283
v -0.690083 1.721994 0.969796
v -0.273835 2.036027 0.841524
v -0.347322 1.855918 1.094453
v -0.241621 2.020743 0.904721
v -0.543294 1.634328 1.168315
v -0.481073 1.663439 1.182077
v -0.418319 1.712435 1.159687
v -0.664077 1.630862 1.043618
v -0.676628 1.657827 0.980185
v -0.653594 1.705683 0.916788
v -0.610543 1.624853 1.112824
v -0.355103 1.778058 1.107084
v -0.600822 1.771006 0.853403
v -0.644244 1.696566 0.961834
v -0.225693 1.992890 0.850715
v -0.213143 1.965925 0.914147
v -0.236177 1.918069 0.977544
v -0.346477 1.989423 0.726017
v -0.408698 1.960312 0.712255
v -0.471452 1.911316 0.734646
v -0.279228 1.998899 0.781509
v -0.288949 1.852745 1.040929
v -0.534667 1.845693 0.787248
v -0.333278 1.834897 1.084764
v -0.586772 1.647184 1.156358
v -0.524251 1.665408 1.190554
v -0.452088 1.957274 0.729752
v -0.513793 1.900139 0.768317
v -0.579397 1.827833 0.830670
v -0.641802 1.755620 0.896326
v -0.460586 1.705456 1.185682
v -0.258784 2.017473 0.828369
v -0.325902 2.015547 0.759077
v -0.270873 1.907110 1.019108
v -0.226129 2.001980 0.892432
v -0.686545 1.660750 1.023002
v -0.653890 1.645257 1.087065
v -0.231939 1.963593 0.957035
v -0.680736 1.699138 0.958399
v -0.388423 1.997322 0.724880
v -0.540047 1.643055 1.155720
v -0.484680 1.668998 1.167892
v -0.426980 1.714382 1.146689
v -0.651631 1.639852 1.040520
v -0.662727 1.663888 0.984077
v -0.640942 1.708241 0.925795
v -0.601895 1.634617 1.104176
v -0.365691 1.778163 1.095399
v -0.589493 1.771740 0.864346
v -0.238140 1.983899 0.853813
v -0.227044 1.959863 0.910256
v -0.248828 1.915510 0.968537
v -0.349724 1.980697 0.738613
v -0.405090 1.954753 0.726440
v -0.462790 1.909370 0.747643
v -0.287876 1.989135 0.790157
v -0.300278 1.852012 1.029987
v -0.524080 1.845589 0.798933
v -0.572198 1.632434 1.140441
v -0.512875 1.649628 1.173070
v -0.452431 1.687757 1.168246
v -0.392386 1.743496 1.130459
v -0.668271 1.645168 1.012638
v -0.637109 1.630571 1.073427
v -0.662561 1.681727 0.951307
v -0.624419 1.736837 0.890908
v -0.327310 1.815250 1.068551
v -0.562460 1.808501 0.825781
v -0.221499 1.978583 0.881694
v -0.252662 1.993181 0.820905
v -0.227210 1.942025 0.943025
v -0.265352 1.886915 1.003424
v -0.317573 1.991318 0.753891
v -0.376896 1.974123 0.721263
v -0.437340 1.935994 0.726087
v -0.497384 1.880255 0.763873
v -0.451897 1.823808 0.953626
v -0.541710 1.672459 1.135711
v -0.494841 1.695619 1.143802
v -0.444630 1.736228 1.123290
v -0.632511 1.669853 1.041968
v -0.639726 1.691461 0.994223
v -0.618740 1.731231 0.943538
v -0.592535 1.665032 1.094264
v -0.390134 1.793347 1.076932
v -0.572252 1.788121 0.888913
v -0.271283 1.977764 0.865284
v -0.264068 1.956156 0.913029
v -0.285054 1.916385 0.963714
v -0.362084 1.975158 0.771541
v -0.408953 1.951998 0.763450
v -0.459164 1.911388 0.783962
v -0.311259 1.982585 0.812988
v -0.331542 1.859496 1.018340
v -0.513660 1.854269 0.830321
v -0.650621 1.663617 1.015774
v -0.329391 1.983474 0.773610
v -0.380831 1.968202 0.745985
v -0.608411 1.747515 0.906616
v -0.434013 1.933910 0.751604
v -0.624256 1.650578 1.068475
v -0.567392 1.652211 1.127182
v -0.488922 1.882413 0.787128
v -0.407860 1.753271 1.113665
v -0.346739 1.820760 1.055342
v -0.515951 1.667482 1.154808
v -0.272526 1.985106 0.832317
v -0.550043 1.814925 0.845450
v -0.462769 1.701774 1.149189
v -0.288372 1.888169 0.994177
v -0.246162 1.972067 0.885018
v -0.252539 1.939118 0.938958
v -0.649477 1.691921 1.148672
v -0.642269 2.054323 1.131615
v -0.678336 1.741811 1.175238
v -0.668699 1.887412 0.916753
v -0.639773 1.837822 0.889699
v -0.444245 1.757337 1.180165
v -0.526947 1.888021 1.246343
v -0.574734 1.941771 1.256695
v -0.627654 1.971695 1.240100
v -0.648844 1.895178 1.262321
v -0.639035 1.817239 1.255427
v -0.583083 1.841640 1.267641
v -0.606368 1.893288 1.275915
v -0.748553 1.881661 1.017556
v -0.770355 1.836265 1.074301
v -0.759279 1.813788 1.131286
v -0.768649 1.891739 1.138634
v -0.747889 1.968245 1.115969
v -0.761931 1.936399 1.063432
v -0.780807 1.888281 1.095823
v -0.582344 1.701380 1.204067
v -0.520230 1.730442 1.217805
v -0.457584 1.779353 1.195453
v -0.702919 1.697919 1.079585
v -0.715448 1.724839 1.016261
v -0.692454 1.772612 0.952973
v -0.576095 2.046078 1.188406
v -0.517759 2.011092 1.207168
v -0.464045 1.953756 1.196227
v -0.693973 1.978672 1.183799
v -0.715456 1.894676 1.206943
v -0.706158 1.809206 1.200313
v -0.611209 1.751215 1.230628
v -0.549316 1.780131 1.244291
v -0.486905 1.828942 1.221973
v -0.731771 1.747754 1.106159
v -0.744229 1.774537 1.043063
v -0.721273 1.822216 0.980011
v -0.423818 1.894440 1.169568
v -0.698279 1.947033 0.954403
v -0.712536 2.005502 1.006080
v -0.696644 2.042618 1.063950
v -0.394479 1.844862 1.142941
v -0.262830 1.957192 0.999091
v -0.506097 1.709045 1.202233
v -0.470430 1.855347 0.970700
v -0.567423 1.680353 1.188669
v -0.633705 1.671014 1.133976
v -0.381939 1.822016 1.128318
v -0.686470 1.676936 1.065765
v -0.676137 1.750681 0.940759
v -0.698840 1.703514 1.003245
v -0.624124 1.815065 0.878286
v -0.318734 2.065321 0.817928
v -0.576235 2.128873 1.065581
v -0.348142 2.114591 0.845044
v -0.602662 1.961966 0.850715
v -0.573732 1.912380 0.823658
v -0.264722 1.960013 1.000642
v -0.346605 2.091622 1.066000
v -0.395945 2.143619 1.077906
v -0.447313 2.175295 1.059759
v -0.389227 2.188278 1.002705
v -0.335878 2.159495 0.952270
v -0.323466 2.134741 1.008023
v -0.363088 2.167944 1.032635
v -0.568211 2.085262 0.837214
v -0.510737 2.129366 0.814684
v -0.456123 2.156044 0.828129
v -0.509032 2.184839 0.879017
v -0.567548 2.171844 0.935628
v -0.583142 2.138246 0.884644
v -0.537528 2.162937 0.852543
v -0.265292 2.059324 0.887015
v -0.252763 2.032404 0.950338
v -0.275757 1.984630 1.013627
v -0.385867 2.055863 0.762533
v -0.447981 2.026801 0.748794
v -0.510627 1.977890 0.771147
v -0.510107 2.120576 1.122418
v -0.451817 2.085539 1.141226
v -0.398057 2.028255 1.130239
v -0.512324 2.183749 1.002150
v -0.448632 2.195913 0.940119
v -0.390127 2.165996 0.884282
v -0.294667 2.108581 0.914086
v -0.282170 2.081731 0.977146
v -0.305166 2.034120 1.040234
v -0.415230 2.105121 0.789617
v -0.477083 2.076137 0.775917
v -0.539534 2.027393 0.798272
v -0.357781 1.968994 1.103531
v -0.632291 2.021532 0.888415
v -0.646594 2.079949 0.940138
v -0.630656 2.117117 0.997962
v -0.328438 1.919420 1.076901
v -0.565796 1.677287 1.187283
v -0.242019 2.007181 0.938156
v -0.254390 2.033759 0.875636
v -0.307154 2.039681 0.807425
v -0.316735 1.895629 1.063115
v -0.373436 2.030342 0.752732
v -0.496614 1.953358 0.761236
v -0.434763 2.001649 0.739167
v -0.558921 1.888678 0.813082
v -0.554746 1.653817 1.178866
v -0.366556 1.797548 1.117635
v -0.622547 1.812117 0.876628
v -0.504416 1.706004 1.200859
v -0.371640 2.027582 0.750964
v -0.442510 1.754338 1.178771
v -0.433020 1.998864 0.737388
v -0.684947 1.673867 1.064271
v -0.494925 1.950531 0.759475
v -0.697328 1.700468 1.001696
v -0.305299 2.036929 0.805705
v -0.674606 1.747677 0.939156
v -0.314889 1.892751 1.061619
v -0.252489 2.031002 0.873975
v -0.632136 1.667939 1.132542
v -0.557286 1.885795 0.811367
v -0.240108 2.004401 0.936550
v -0.380149 1.819074 1.126879
v -0.355904 1.977927 0.755077
v -0.651227 1.677675 0.989150
v -0.482904 1.930805 0.745197
v -0.612274 1.790495 0.863954
v -0.492525 1.682929 1.192628
v -0.290680 2.018388 0.792059
v -0.429771 1.731925 1.170238
v -0.300401 1.872235 1.051480
v -0.237145 2.012379 0.861265
v -0.675529 1.650351 1.054169
v -0.546119 1.865182 0.797799
v -0.224595 1.985414 0.924698
v -0.688080 1.677316 0.990736
v -0.247629 1.937558 0.988095
v -0.665046 1.725172 0.927339
v -0.357929 2.008913 0.736568
v -0.621995 1.644342 1.123375
v -0.420150 1.979801 0.722806
v -0.541670 1.638691 1.162017
v -0.482877 1.666219 1.174985
v -0.422650 1.713409 1.153188
v -0.657854 1.635357 1.042069
v -0.669678 1.660858 0.982131
v -0.647268 1.706962 0.921291
v -0.606219 1.629735 1.108500
v -0.360397 1.778111 1.101242
v -0.595157 1.771373 0.858874
v -0.231917 1.988394 0.852264
v -0.220093 1.962894 0.912201
v -0.242503 1.916790 0.973041
v -0.348101 1.985060 0.732315
v -0.406894 1.957533 0.719348
v -0.467121 1.910343 0.741144
v -0.283552 1.994017 0.785833
v -0.294613 1.852379 1.035458
v -0.529374 1.845641 0.793091
v -0.538293 1.726270 1.040022
v -0.365501 1.921347 0.867230
v -0.629841 1.719736 0.934667
v -0.407022 1.953375 0.744945
v -0.597215 1.649824 1.099220
v -0.460977 1.910379 0.765802
v -0.377912 1.785755 1.086165
v -0.540878 1.657757 1.145715
v -0.299567 1.985860 0.801572
v -0.580872 1.779930 0.876629
v -0.489761 1.682309 1.155848
v -0.315910 1.855754 1.024163
v -0.254711 1.980831 0.859548
v -0.435805 1.725305 1.134990
v -0.518870 1.849929 0.814627
v -0.245556 1.958009 0.911642
v -0.642071 1.654853 1.041244
v -0.266941 1.915948 0.966126
v -0.528511 2.115778 0.985937
v -0.510315 2.117754 1.002039
v -0.548648 2.110898 0.973095
v -0.569953 2.103299 0.964006
v -0.591607 2.093275 0.959019
v -0.612778 2.081210 0.958327
v -0.632652 2.067567 0.961955
v -0.650466 2.052872 0.969764
v -0.665534 2.037689 0.981455
v -0.677278 2.022601 0.996577
v -0.685247 2.008189 1.014550
v -0.689134 1.995006 1.034683
v -0.688790 1.983558 1.056203
v -0.684228 1.974286 1.078281
v -0.675624 1.967546 1.100071
v -0.663308 1.963596 1.120734
v -0.647753 1.962590 1.139477
v -0.629557 1.964565 1.155578
v -0.609420 1.969446 1.168421
v -0.588114 1.977044 1.177510
v -0.566460 1.987069 1.182496
v -0.545290 1.999134 1.183189
v -0.525415 2.012776 1.179561
v -0.507602 2.027471 1.171751
v -0.492533 2.042655 1.160061
v -0.480789 2.057742 1.144938
v -0.472820 2.072155 1.126966
v -0.468933 2.085338 1.106832
v -0.469277 2.096786 1.085313
v -0.473839 2.106058 1.063234
v -0.482443 2.112798 1.041445
v -0.494760 2.116747 1.020781
vt 0.750000 0.500000
vt 0.750000 0.562500
vt 0.718750 0.562500
vt 0.718750 0.500000
vt 0.750000 0.937500
vt 0.734375 1.000000
vt 0.718750 0.937500
vt 0.734375 0.000000
vt 0.750000 0.062500
vt 0.718750 0.062500
vt 0.750000 0.437500
vt 0.718750 0.437500
vt 0.750000 0.875000
vt 0.718750 0.875000
vt 0.750000 0.375000
vt 0.718750 0.375000
vt 0.750000 0.812500
vt 0.718750 0.812500
vt 0.750000 0.312500
vt 0.718750 0.312500
vt 0.750000 0.750000
vt 0.718750 0.750000
vt 0.750000 0.250000
vt 0.718750 0.250000
vt 0.750000 0.687500
vt 0.718750 0.687500
vt 0.750000 0.187500
vt 0.718750 0.187500
vt 0.750000 0.625000
vt 0.718750 0.625000
vt 0.750000 0.125000
vt 0.718750 0.125000
vt 0.687500 0.625000
vt 0.687500 0.562500
vt 0.687500 0.125000
vt 0.687500 0.062500
vt 0.687500 0.500000
vt 0.703125 1.000000
vt 0.687500 0.937500
vt 0.703125 0.000000
vt 0.687500 0.437500
vt 0.687500 0.875000
vt 0.687500 0.375000
vt 0.687500 0.812500
vt 0.687500 0.312500
vt 0.687500 0.750000
vt 0.687500 0.250000
vt 0.687500 0.687500
vt 0.687500 0.187500
vt 0.656250 0.375000
vt 0.656250 0.312500
vt 0.656250 0.812500
vt 0.656250 0.750000
vt 0.656250 0.250000
vt 0.656250 0.687500
vt 0.656250 0.187500
vt 0.656250 0.625000
vt 0.656250 0.125000
vt 0.656250 0.562500
vt 0.656250 0.062500
vt 0.656250 0.500000
vt 0.671875 1.000000
vt 0.656250 0.937500
vt 0.671875 0.000000
vt 0.656250 0.437500
vt 0.656250 0.875000
vt 0.625000 0.125000
vt 0.625000 0.062500
vt 0.625000 0.562500
vt 0.625000 0.500000
vt 0.640625 1.000000
vt 0.625000 0.937500
vt 0.640625 0.000000
vt 0.625000 0.437500
vt 0.625000 0.875000
vt 0.625000 0.375000
vt 0.625000 0.812500
vt 0.625000 0.312500
vt 0.625000 0.750000
vt 0.625000 0.250000
vt 0.625000 0.687500
vt 0.625000 0.187500
vt 0.625000 0.625000
vt 0.593750 0.812500
vt 0.593750 0.750000
vt 0.593750 0.312500
vt 0.593750 0.250000
vt 0.593750 0.687500
vt 0.593750 0.187500
vt 0.593750 0.625000
vt 0.593750 0.125000
vt 0.593750 0.562500
vt 0.593750 0.062500
vt 0.593750 0.500000
vt 0.609375 1.000000
vt 0.593750 0.937500
vt 0.609375 0.000000
vt 0.593750 0.437500
vt 0.593750 0.875000
vt 0.593750 0.375000
vt 0.562500 0.562500
vt 0.562500 0.500000
vt 0.578125 1.000000
vt 0.562500 0.937500
vt 0.578125 0.000000
vt 0.562500 0.062500
vt 0.562500 0.437500
vt 0.562500 0.875000
vt 0.562500 0.375000
vt 0.562500 0.812500
vt 0.562500 0.312500
vt 0.562500 0.750000
vt 0.562500 0.250000
vt 0.562500 0.687500
vt 0.562500 0.187500
vt 0.562500 0.625000
vt 0.562500 0.125000
vt 0.531250 0.312500
vt 0.531250 0.250000
vt 0.531250 0.750000
vt 0.531250 0.687500
vt 0.531250 0.187500
vt 0.531250 0.625000
vt 0.531250 0.125000
vt 0.531250 0.562500
vt 0.531250 0.062500
vt 0.531250 0.500000
vt 0.546875 1.000000
vt 0.531250 0.937500
vt 0.546875 0.000000
vt 0.531250 0.437500
vt 0.531250 0.875000
vt 0.531250 0.375000
vt 0.531250 0.812500
vt 0.515625 0.000000
vt 0.500000 0.062500
vt 0.500000 0.500000
vt 0.500000 0.437500
vt 0.500000 0.937500
vt 0.500000 0.875000
vt 0.500000 0.375000
vt 0.500000 0.812500
vt 0.500000 0.312500
vt 0.500000 0.750000
vt 0.500000 0.250000
vt 0.500000 0.687500
vt 0.500000 0.187500
vt 0.500000 0.625000
vt 0.500000 0.125000
vt 0.500000 0.562500
vt 0.515625 1.000000
vt 0.468750 0.250000
vt 0.468750 0.187500
vt 0.468750 0.687500
vt 0.468750 0.625000
vt 0.468750 0.125000
vt 0.468750 0.562500
vt 0.468750 0.062500
vt 0.468750 0.500000
vt 0.484375 1.000000
vt 0.468750 0.937500
vt 0.484375 0.000000
vt 0.468750 0.437500
vt 0.468750 0.875000
vt 0.468750 0.375000
vt 0.468750 0.812500
vt 0.468750 0.312500
vt 0.468750 0.750000
vt 0.437500 0.937500
vt 0.437500 0.875000
vt 0.437500 0.437500
vt 0.437500 0.375000
vt 0.437500 0.812500
vt 0.437500 0.312500
vt 0.437500 0.750000
vt 0.437500 0.250000
vt 0.437500 0.687500
vt 0.437500 0.187500
vt 0.437500 0.625000
vt 0.437500 0.125000
vt 0.437500 0.562500
vt 0.437500 0.062500
vt 0.437500 0.500000
vt 0.453125 1.000000
vt 0.453125 0.000000
vt 0.406250 0.687500
vt 0.406250 0.625000
vt 0.406250 0.187500
vt 0.406250 0.125000
vt 0.406250 0.562500
vt 0.406250 0.062500
vt 0.406250 0.500000
vt 0.421875 1.000000
vt 0.406250 0.937500
vt 0.421875 0.000000
vt 0.406250 0.437500
vt 0.406250 0.875000
vt 0.406250 0.375000
vt 0.406250 0.812500
vt 0.406250 0.312500
vt 0.406250 0.750000
vt 0.406250 0.250000
vt 0.375000 0.437500
vt 0.375000 0.375000
vt 0.375000 0.875000
vt 0.375000 0.812500
vt 0.375000 0.312500
vt 0.375000 0.750000
vt 0.375000 0.250000
vt 0.375000 0.687500
vt 0.375000 0.187500
vt 0.375000 0.625000
vt 0.375000 0.125000
vt 0.375000 0.562500
vt 0.375000 0.062500
vt 0.375000 0.500000
vt 0.390625 1.000000
vt 0.375000 0.937500
vt 0.390625 0.000000
vt 0.343750 0.187500
vt 0.343750 0.125000
vt 0.343750 0.625000
vt 0.343750 0.562500
vt 0.343750 0.062500
vt 0.343750 0.500000
vt 0.359375 1.000000
vt 0.343750 0.937500
vt 0.359375 0.000000
vt 0.343750 0.437500
vt 0.343750 0.875000
vt 0.343750 0.375000
vt 0.343750 0.812500
vt 0.343750 0.312500
vt 0.343750 0.750000
vt 0.343750 0.250000
vt 0.343750 0.687500
vt 0.312500 0.875000
vt 0.312500 0.812500
vt 0.312500 0.375000
vt 0.312500 0.312500
vt 0.312500 0.750000
vt 0.312500 0.250000
vt 0.312500 0.687500
vt 0.312500 0.187500
vt 0.312500 0.625000
vt 0.312500 0.125000
vt 0.312500 0.562500
vt 0.312500 0.062500
vt 0.312500 0.500000
vt 0.328125 1.000000
vt 0.312500 0.937500
vt 0.328125 0.000000
vt 0.312500 0.437500
vt 0.281250 0.625000
vt 0.281250 0.562500
vt 0.281250 0.125000
vt 0.281250 0.062500
vt 0.281250 0.500000
vt 0.296875 1.000000
vt 0.281250 0.937500
vt 0.296875 0.000000
vt 0.281250 0.437500
vt 0.281250 0.875000
vt 0.281250 0.375000
vt 0.281250 0.812500
vt 0.281250 0.312500
vt 0.281250 0.750000
vt 0.281250 0.250000
vt 0.281250 0.687500
vt 0.281250 0.187500
vt 0.250000 0.375000
vt 0.250000 0.312500
vt 0.250000 0.812500
vt 0.250000 0.750000
vt 0.250000 0.250000
vt 0.250000 0.687500
vt 0.250000 0.187500
vt 0.250000 0.625000
vt 0.250000 0.125000
vt 0.250000 0.562500
vt 0.250000 0.062500
vt 0.250000 0.500000
vt 0.265625 1.000000
vt 0.250000 0.937500
vt 0.265625 0.000000
vt 0.250000 0.437500
vt 0.250000 0.875000
vt 0.218750 0.125000
vt 0.218750 0.062500
vt 0.218750 0.562500
vt 0.218750 0.500000
vt 0.234375 1.000000
vt 0.218750 0.937500
vt 0.234375 0.000000
vt 0.218750 0.437500
vt 0.218750 0.875000
vt 0.218750 0.375000
vt 0.218750 0.812500
vt 0.218750 0.312500
vt 0.218750 0.750000
vt 0.218750 0.250000
vt 0.218750 0.687500
vt 0.218750 0.187500
vt 0.218750 0.625000
vt 0.187500 0.312500
vt 0.187500 0.250000
vt 0.187500 0.750000
vt 0.187500 0.687500
vt 0.187500 0.187500
vt 0.187500 0.625000
vt 0.187500 0.125000
vt 0.187500 0.562500
vt 0.187500 0.062500
vt 0.187500 0.500000
vt 0.203125 1.000000
vt 0.187500 0.937500
vt 0.203125 0.000000
vt 0.187500 0.437500
vt 0.187500 0.875000
vt 0.187500 0.375000
vt 0.187500 0.812500
vt 0.171875 1.000000
vt 0.156250 0.937500
vt 0.171875 0.000000
vt 0.156250 0.062500
vt 0.156250 0.500000
vt 0.156250 0.437500
vt 0.156250 0.875000
vt 0.156250 0.375000
vt 0.156250 0.812500
vt 0.156250 0.312500
vt 0.156250 0.750000
vt 0.156250 0.250000
vt 0.156250 0.687500
vt 0.156250 0.187500
vt 0.156250 0.625000
vt 0.156250 0.125000
vt 0.156250 0.562500
vt 0.125000 0.750000
vt 0.125000 0.687500
vt 0.125000 0.250000
vt 0.125000 0.187500
vt 0.125000 0.625000
vt 0.125000 0.125000
vt 0.125000 0.562500
vt 0.125000 0.062500
vt 0.125000 0.500000
vt 0.140625 1.000000
vt 0.125000 0.937500
vt 0.140625 0.000000
vt 0.125000 0.437500
vt 0.125000 0.875000
vt 0.125000 0.375000
vt 0.125000 0.812500
vt 0.125000 0.312500
vt 0.093750 0.500000
vt 0.093750 0.437500
vt 0.093750 0.937500
vt 0.093750 0.875000
vt 0.093750 0.375000
vt 0.093750 0.812500
vt 0.093750 0.312500
vt 0.093750 0.750000
vt 0.093750 0.250000
vt 0.093750 0.687500
vt 0.093750 0.187500
vt 0.093750 0.625000
vt 0.093750 0.125000
vt 0.093750 0.562500
vt 0.093750 0.062500
vt 0.109375 1.000000
vt 0.109375 0.000000
vt 0.062500 0.250000
vt 0.062500 0.187500
vt 0.062500 0.687500
vt 0.062500 0.625000
vt 0.062500 0.125000
vt 0.062500 0.562500
vt 0.062500 0.062500
vt 0.062500 0.500000
vt 0.078125 1.000000
vt 0.062500 0.937500
vt 0.078125 0.000000
vt 0.062500 0.437500
vt 0.062500 0.875000
vt 0.062500 0.375000
vt 0.062500 0.812500
vt 0.062500 0.312500
vt 0.062500 0.750000
vt 0.031250 0.937500
vt 0.031250 0.875000
vt 0.031250 0.437500
vt 0.031250 0.375000
vt 0.031250 0.812500
vt 0.031250 0.312500
vt 0.031250 0.750000
vt 0.031250 0.250000
vt 0.031250 0.687500
vt 0.031250 0.187500
vt 0.031250 0.625000
vt 0.031250 0.125000
vt 0.031250 0.562500
vt 0.031250 0.062500
vt 0.031250 0.500000
vt 0.046875 1.000000
vt 0.046875 0.000000
vt 0.000000 0.687500
vt 0.000000 0.625000
vt 0.000000 0.187500
vt 0.000000 0.125000
vt 0.000000 0.562500
vt 0.000000 0.062500
vt 0.000000 0.500000
vt 0.015625 1.000000
vt 0.000000 0.937500
vt 0.015625 0.000000
vt 0.000000 0.437500
vt 0.000000 0.875000
vt 0.000000 0.375000
vt 0.000000 0.812500
vt 0.000000 0.312500
vt 0.000000 0.750000
vt 0.000000 0.250000
vt 1.000000 0.375000
vt 1.000000 0.437500
vt 0.968750 0.437500
vt 0.968750 0.375000
vt 1.000000 0.812500
vt 1.000000 0.875000
vt 0.968750 0.875000
vt 0.968750 0.812500
vt 1.000000 0.312500
vt 0.968750 0.312500
vt 1.000000 0.750000
vt 0.968750 0.750000
vt 1.000000 0.250000
vt 0.968750 0.250000
vt 1.000000 0.687500
vt 0.968750 0.687500
vt 1.000000 0.187500
vt 0.968750 0.187500
vt 1.000000 0.625000
vt 0.968750 0.625000
vt 1.000000 0.125000
vt 0.968750 0.125000
vt 1.000000 0.562500
vt 0.968750 0.562500
vt 1.000000 0.062500
vt 0.968750 0.062500
vt 1.000000 0.500000
vt 0.968750 0.500000
vt 1.000000 0.937500
vt 0.984375 1.000000
vt 0.968750 0.937500
vt 0.984375 0.000000
vt 0.937500 0.187500
vt 0.937500 0.125000
vt 0.937500 0.625000
vt 0.937500 0.562500
vt 0.937500 0.062500
vt 0.937500 0.500000
vt 0.953125 1.000000
vt 0.937500 0.937500
vt 0.953125 0.000000
vt 0.937500 0.437500
vt 0.937500 0.875000
vt 0.937500 0.375000
vt 0.937500 0.812500
vt 0.937500 0.312500
vt 0.937500 0.750000
vt 0.937500 0.250000
vt 0.937500 0.687500
vt 0.906250 0.375000
vt 0.906250 0.312500
vt 0.906250 0.812500
vt 0.906250 0.750000
vt 0.906250 0.250000
vt 0.906250 0.687500
vt 0.906250 0.187500
vt 0.906250 0.625000
vt 0.906250 0.125000
vt 0.906250 0.562500
vt 0.906250 0.062500
vt 0.906250 0.500000
vt 0.921875 1.000000
vt 0.906250 0.937500
vt 0.921875 0.000000
vt 0.906250 0.437500
vt 0.906250 0.875000
vt 0.875000 0.125000
vt 0.875000 0.062500
vt 0.875000 0.562500
vt 0.875000 0.500000
vt 0.890625 1.000000
vt 0.875000 0.937500
vt 0.890625 0.000000
vt 0.875000 0.437500
vt 0.875000 0.875000
vt 0.875000 0.375000
vt 0.875000 0.812500
vt 0.875000 0.312500
vt 0.875000 0.750000
vt 0.875000 0.250000
vt 0.875000 0.687500
vt 0.875000 0.187500
vt 0.875000 0.625000
vt 0.843750 0.812500
vt 0.843750 0.750000
vt 0.843750 0.312500
vt 0.843750 0.250000
vt 0.843750 0.687500
vt 0.843750 0.187500
vt 0.843750 0.625000
vt 0.843750 0.125000
vt 0.843750 0.562500
vt 0.843750 0.062500
vt 0.843750 0.500000
vt 0.859375 1.000000
vt 0.843750 0.937500
vt 0.859375 0.000000
vt 0.843750 0.437500
vt 0.843750 0.875000
vt 0.843750 0.375000
vt 0.812500 0.562500
vt 0.812500 0.500000
vt 0.828125 1.000000
vt 0.812500 0.937500
vt 0.828125 0.000000
vt 0.812500 0.062500
vt 0.812500 0.437500
vt 0.812500 0.875000
vt 0.812500 0.375000
vt 0.812500 0.812500
vt 0.812500 0.312500
vt 0.812500 0.750000
vt 0.812500 0.250000
vt 0.812500 0.687500
vt 0.812500 0.187500
vt 0.812500 0.625000
vt 0.812500 0.125000
vt 0.781250 0.312500
vt 0.781250 0.250000
vt 0.781250 0.750000
vt 0.781250 0.687500
vt 0.781250 0.187500
vt 0.781250 0.625000
vt 0.781250 0.125000
vt 0.781250 0.562500
vt 0.781250 0.062500
vt 0.781250 0.500000
vt 0.796875 1.000000
vt 0.781250 0.937500
vt 0.796875 0.000000
vt 0.781250 0.437500
vt 0.781250 0.875000
vt 0.781250 0.375000
vt 0.781250 0.812500
vt 0.765625 1.000000
vt 0.765625 0.000000
vt 0.375000 0.880654
vt 0.500000 0.880654
vt 0.500000 0.875000
vt 0.375000 0.875000
vt 0.625000 0.880654
vt 0.625000 0.875000
vt 0.625000 0.869346
vt 0.500000 0.869346
vt 0.375000 0.869346
vt 0.255654 0.625000
vt 0.250000 0.625000
vt 0.250000 0.649965
vt 0.255654 0.650145
vt 0.244346 0.625000
vt 0.244346 0.650145
vt 0.244346 0.675291
vt 0.250000 0.673487
vt 0.255654 0.675291
vt 0.375000 0.877435
vt 0.375000 0.880654
vt 0.375868 0.890797
vt 0.375000 0.891102
vt 0.375000 0.877459
vt 0.375000 0.880654
vt 0.375000 0.625000
vt 0.413194 0.650225
vt 0.379340 0.651272
vt 0.375868 0.638970
vt 0.416667 0.673133
vt 0.380208 0.673124
vt 0.375000 0.673078
vt 0.375000 0.650218
vt 0.375000 0.625000
vt 0.500000 0.625000
vt 0.504340 0.649876
vt 0.625000 0.625000
vt 0.625000 0.649876
vt 0.625000 0.673135
vt 0.505208 0.673135
vt 0.625000 0.076865
vt 0.625000 0.056301
vt 0.625000 0.056301
vt 0.625000 0.076865
vt 0.625000 0.037355
vt 0.625000 0.037355
vt 0.625000 0.037355
vt 0.625000 0.056301
vt 0.625000 0.076865
vt 0.375000 0.074709
vt 0.375000 0.074709
vt 0.375000 0.056482
vt 0.375000 0.056056
vt 0.375000 0.074709
vt 0.375000 0.056961
vt 0.375000 0.039213
vt 0.375000 0.038043
vt 0.375000 0.037404
vt 0.125000 0.675291
vt 0.157944 0.673037
vt 0.158765 0.692672
vt 0.125000 0.693039
vt 0.190736 0.672875
vt 0.191598 0.692862
vt 0.193412 0.710881
vt 0.162562 0.709837
vt 0.125000 0.710787
vt 0.255654 0.693944
vt 0.223775 0.693293
vt 0.223271 0.673163
vt 0.255654 0.712596
vt 0.224397 0.711943
vt 0.255654 0.731298
vt 0.224810 0.730710
vt 0.255654 0.750000
vt 0.224615 0.750000
vt 0.193577 0.750000
vt 0.195239 0.728522
vt 0.375000 0.932630
vt 0.375000 0.919011
vt 0.375000 0.886034
vt 0.375000 1.000000
vt 0.375000 0.965712
vt 0.375000 0.931423
vt 0.375000 0.900385
vt 0.375000 0.869346
vt 0.375000 0.000000
vt 0.375000 0.018702
vt 0.375000 0.019128
vt 0.375000 0.000000
vt 0.375000 0.019606
vt 0.375000 0.000000
vt 0.171486 0.723419
vt 0.159288 0.730394
vt 0.375000 0.693784
vt 0.373841 0.694159
vt 0.373626 0.672976
vt 0.375000 0.712596
vt 0.374767 0.721262
vt 0.375000 0.710787
vt 0.364776 0.693102
vt 0.364010 0.672875
vt 0.375000 0.764005
vt 0.375000 0.764722
vt 0.375000 0.815413
vt 0.375000 0.811211
vt 0.375000 0.818577
vt 0.375000 0.764682
vt 0.375000 0.870242
vt 0.375000 0.847205
vt 0.375000 0.848033
vt 0.375000 0.880654
vt 0.375000 0.849615
vt 0.244346 0.750000
vt 0.244346 0.731298
vt 0.274866 0.730703
vt 0.275385 0.750000
vt 0.244346 0.712596
vt 0.275481 0.711918
vt 0.306423 0.710787
vt 0.301340 0.728529
vt 0.306423 0.750000
vt 0.276729 0.673162
vt 0.276214 0.693287
vt 0.244346 0.693944
vt 0.309264 0.672875
vt 0.308433 0.692869
vt 0.340682 0.672838
vt 0.340360 0.692757
vt 0.340712 0.710787
vt 0.341110 0.710787
vt 0.323767 0.730394
vt 0.317174 0.723605
vt 0.323767 0.710787
vt 0.503472 0.934673
vt 0.409722 0.935166
vt 0.625000 0.934673
vt 0.625000 1.000000
vt 0.500000 1.000000
vt 0.375000 1.000000
vt 0.375000 0.000000
vt 0.500000 0.000000
vt 0.504340 0.018678
vt 0.413194 0.018681
vt 0.625000 0.000000
vt 0.625000 0.018677
vt 0.505208 0.037355
vt 0.416667 0.037360
vt 0.505208 0.056302
vt 0.416667 0.056305
vt 0.505208 0.076865
vt 0.416667 0.076867
vt 0.500000 0.847342
vt 0.625000 0.847212
vt 0.375000 0.847990
vt 0.375000 0.815327
vt 0.500000 0.809620
vt 0.625000 0.809101
vt 0.500000 0.764472
vt 0.625000 0.764569
vt 0.375000 0.763986
vt 0.375000 0.712645
vt 0.500868 0.722626
vt 0.625000 0.723533
vt 0.504340 0.694832
vt 0.625000 0.695060
vt 0.413194 0.693922
vt 0.223060 0.649902
vt 0.223033 0.625000
vt 0.190430 0.649844
vt 0.190413 0.625000
vt 0.157734 0.649889
vt 0.157706 0.625000
vt 0.125000 0.650145
vt 0.125000 0.625000
vt 0.375000 0.125000
vt 0.375000 0.099855
vt 0.375000 0.098108
vt 0.375000 0.109633
vt 0.375000 0.097804
vt 0.375000 0.108236
vt 0.250000 0.693765
vt 0.250000 0.712610
vt 0.250000 0.731300
vt 0.250000 0.750000
vt 0.375000 0.875000
vt 0.375000 0.875917
vt 0.378472 0.936632
vt 0.375000 1.000000
vt 0.375000 0.000000
vt 0.379340 0.018689
vt 0.380208 0.037373
vt 0.380208 0.056269
vt 0.380208 0.076689
vt 0.375000 0.847492
vt 0.375000 0.810166
vt 0.375000 0.763475
vt 0.375000 0.712621
vt 0.379340 0.693672
vt 0.413194 0.099775
vt 0.379340 0.098333
vt 0.375000 0.125000
vt 0.375868 0.109633
vt 0.364995 0.649843
vt 0.373863 0.649856
vt 0.375000 0.625000
vt 0.375000 0.625000
vt 0.309570 0.649843
vt 0.341129 0.649839
vt 0.309587 0.625000
vt 0.342294 0.625000
vt 0.276940 0.649902
vt 0.276967 0.625000
vt 0.504340 0.100124
vt 0.625000 0.100124
vt 0.625000 0.125000
vt 0.500000 0.125000
vt 0.625000 0.037355
vt 0.625000 0.056301
vt 0.625000 0.056301
vt 0.625000 0.037355
vt 0.625000 0.076865
vt 0.625000 0.076865
vt 0.625000 0.076865
vt 0.625000 0.056301
vt 0.625000 0.037355
vt 0.625000 0.018677
vt 0.625000 0.000000
vt 0.625000 0.000000
vt 0.625000 0.018677
vt 0.000000 0.000000
vt 0.000000 0.000000
vt 0.000000 0.000000
vt 0.000000 0.000000
vt 0.000000 0.000000
vt 0.000000 0.000000
vt 0.000000 0.000000
vt 0.000000 0.000000
vt 0.000000 0.000000
vt 0.625000 0.937138
vt 0.625000 1.000000
vt 0.625000 0.891035
vt 0.625000 0.893007
vt 0.625000 0.937631
vt 0.625000 1.000000
vt 0.625000 0.876134
vt 0.625000 0.868946
vt 0.625000 0.867881
vt 0.625000 0.876361
vt 0.625000 0.100124
vt 0.625000 0.125000
vt 0.625000 0.100124
vt 0.625000 0.125000
vt 0.625000 0.845882
vt 0.625000 0.809101
vt 0.625000 0.809101
vt 0.625000 0.845616
vt 0.625000 0.695060
vt 0.625000 0.723533
vt 0.625000 0.673135
vt 0.625000 0.673135
vt 0.625000 0.695060
vt 0.625000 0.723533
vt 0.625000 0.764569
vt 0.625000 0.764569
vt 0.625000 0.649876
vt 0.625000 0.625000
vt 0.625000 0.625000
vt 0.625000 0.649876
vt 0.375000 0.880654
vt 0.409722 0.875227
vt 0.503472 0.875000
vt 0.500000 0.880654
vt 0.375000 0.869346
vt 0.500000 0.869346
vt 0.625000 0.869346
vt 0.625000 0.875000
vt 0.625000 0.880654
vt 0.255654 0.650145
vt 0.250000 0.649965
vt 0.255654 0.675291
vt 0.250000 0.673487
vt 0.244346 0.675291
vt 0.244346 0.650145
vt 0.375868 0.870016
vt 0.378472 0.876371
vt 0.375000 0.880654
vt 0.375000 0.877454
vt 0.375000 0.891101
vt 0.375868 0.890797
vt 0.375000 0.651362
vt 0.375000 0.650145
vt 0.375000 0.650145
vt 0.375000 0.675291
vt 0.375000 0.673491
vt 0.375000 0.675291
vt 0.500000 0.649966
vt 0.500000 0.673494
vt 0.625000 0.675291
vt 0.625000 0.650145
vt 0.625000 0.074709
vt 0.625000 0.076686
vt 0.625000 0.056256
vt 0.625000 0.056032
vt 0.625000 0.037355
vt 0.625000 0.037355
vt 0.375000 0.074709
vt 0.375000 0.056056
vt 0.375000 0.056675
vt 0.375000 0.076638
vt 0.375000 0.037404
vt 0.375000 0.038043
vt 0.375000 0.039213
vt 0.375000 0.056961
vt 0.375000 0.074709
vt 0.125000 0.675291
vt 0.125000 0.693039
vt 0.158765 0.692672
vt 0.157944 0.673037
vt 0.125000 0.710787
vt 0.162562 0.709837
vt 0.193412 0.710881
vt 0.191598 0.692862
vt 0.190736 0.672875
vt 0.223271 0.673162
vt 0.223775 0.693293
vt 0.255654 0.693944
vt 0.224397 0.711943
vt 0.255654 0.712596
vt 0.224810 0.730710
vt 0.255654 0.731298
vt 0.195239 0.728522
vt 0.193577 0.750000
vt 0.224615 0.750000
vt 0.255654 0.750000
vt 0.375000 0.886034
vt 0.375000 0.919011
vt 0.375000 0.932630
vt 0.375000 0.869346
vt 0.375000 0.900385
vt 0.375000 0.931423
vt 0.375000 0.965712
vt 0.375000 1.000000
vt 0.375000 0.000000
vt 0.375000 0.000000
vt 0.375000 0.019128
vt 0.375000 0.018702
vt 0.375000 0.000000
vt 0.375000 0.019606
vt 0.159288 0.730394
vt 0.171486 0.723419
vt 0.373626 0.673162
vt 0.373841 0.694217
vt 0.375000 0.693944
vt 0.364010 0.672875
vt 0.364776 0.693102
vt 0.375000 0.710787
vt 0.374767 0.721265
vt 0.375000 0.712596
vt 0.375000 0.764722
vt 0.375000 0.764005
vt 0.375000 0.764682
vt 0.375000 0.818577
vt 0.375000 0.811211
vt 0.375000 0.815413
vt 0.375000 0.848033
vt 0.375000 0.848246
vt 0.375000 0.880654
vt 0.375000 0.849615
vt 0.375000 0.880654
vt 0.244346 0.750000
vt 0.275385 0.750000
vt 0.274866 0.730703
vt 0.244346 0.731298
vt 0.306423 0.750000
vt 0.301340 0.728529
vt 0.306423 0.710787
vt 0.275481 0.711918
vt 0.244346 0.712596
vt 0.244346 0.693944
vt 0.276214 0.693287
vt 0.276729 0.673162
vt 0.308433 0.692869
vt 0.309264 0.672875
vt 0.340360 0.692757
vt 0.340682 0.672838
vt 0.340712 0.710787
vt 0.341110 0.710787
vt 0.323767 0.710787
vt 0.317174 0.723605
vt 0.323767 0.730394
vt 0.375000 0.934673
vt 0.500000 0.934673
vt 0.375000 1.000000
vt 0.500000 1.000000
vt 0.625000 1.000000
vt 0.625000 0.934673
vt 0.375000 0.000000
vt 0.413194 0.018681
vt 0.504340 0.018678
vt 0.500000 0.000000
vt 0.416667 0.037360
vt 0.505208 0.037355
vt 0.625000 0.018677
vt 0.625000 0.000000
vt 0.413194 0.056081
vt 0.504340 0.056212
vt 0.375000 0.074709
vt 0.500868 0.076506
vt 0.625000 0.847990
vt 0.500000 0.847472
vt 0.625000 0.815327
vt 0.500000 0.810139
vt 0.375000 0.815327
vt 0.375000 0.847990
vt 0.625000 0.763986
vt 0.500000 0.764375
vt 0.625000 0.712645
vt 0.500000 0.721719
vt 0.375000 0.712645
vt 0.375000 0.763986
vt 0.625000 0.693968
vt 0.500000 0.694696
vt 0.375000 0.693968
vt 0.223060 0.649902
vt 0.190430 0.649844
vt 0.157734 0.649889
vt 0.125000 0.650145
vt 0.375000 0.098301
vt 0.375000 0.099855
vt 0.375000 0.097807
vt 0.250000 0.693765
vt 0.250000 0.712610
vt 0.250000 0.731300
vt 0.250000 0.750000
vt 0.375000 0.876959
vt 0.375000 0.875000
vt 0.375000 0.936632
vt 0.375000 1.000000
vt 0.379340 0.018689
vt 0.375000 0.000000
vt 0.380208 0.037373
vt 0.379340 0.056044
vt 0.375000 0.074709
vt 0.375000 0.846428
vt 0.375000 0.810166
vt 0.375000 0.764384
vt 0.375000 0.721707
vt 0.375000 0.694685
vt 0.375000 0.098108
vt 0.375000 0.099855
vt 0.373863 0.649902
vt 0.364995 0.649843
vt 0.341129 0.649839
vt 0.309570 0.649843
vt 0.276940 0.649902
vt 0.500000 0.100034
vt 0.625000 0.099855
vt 0.625000 0.937631
vt 0.625000 1.000000
vt 0.625000 0.893007
vt 0.625000 0.893007
vt 0.625000 0.937631
vt 0.625000 1.000000
vt 0.625000 0.018677
vt 0.625000 0.018677
vt 0.625000 0.000000
vt 0.625000 0.000000
vt 0.625000 1.000000
vt 0.625000 0.937138
vt 0.625000 1.000000
vt 0.625000 0.937631
vt 0.625000 0.893007
vt 0.625000 0.891035
vt 0.625000 0.876134
vt 0.625000 0.876361
vt 0.625000 0.867881
vt 0.625000 0.868946
vt 0.625000 0.100079
vt 0.625000 0.100124
vt 0.625000 0.846011
vt 0.625000 0.845616
vt 0.625000 0.809101
vt 0.625000 0.809620
vt 0.625000 0.722626
vt 0.625000 0.694878
vt 0.625000 0.723533
vt 0.625000 0.695060
vt 0.625000 0.673135
vt 0.625000 0.673315
vt 0.625000 0.764472
vt 0.625000 0.764569
vt 0.625000 0.649921
vt 0.625000 0.649876
vt 0.625000 0.937138
vt 0.625000 1.000000
vt 0.625000 0.891035
vt 0.625000 0.869346
vt 0.625000 0.934673
vt 0.625000 1.000000
vt 0.625000 0.108236
vt 0.625000 0.098029
vt 0.625000 0.098333
vt 0.625000 0.109633
vt 0.625000 0.076865
vt 0.625000 0.076686
vt 0.625000 0.074709
vt 0.625000 0.099855
vt 0.625000 0.125000
vt 0.625000 0.651622
vt 0.625000 0.673135
vt 0.625000 0.640367
vt 0.625000 0.641764
vt 0.625000 0.651971
vt 0.625000 0.673135
vt 0.625000 0.018677
vt 0.625000 0.037355
vt 0.625000 0.000000
vt 0.625000 0.000000
vt 0.625000 0.018677
vt 0.625000 0.037355
vt 0.625000 0.845616
vt 0.625000 0.809101
vt 0.625000 0.867881
vt 0.625000 0.867881
vt 0.625000 0.845616
vt 0.625000 0.809101
vt 0.625000 0.056301
vt 0.625000 0.076865
vt 0.625000 0.056301
vt 0.625000 0.764569
vt 0.625000 0.723533
vt 0.625000 0.764569
vt 0.625000 0.723533
vt 0.625000 0.845616
vt 0.625000 0.867882
vt 0.625000 0.809101
vt 0.625000 0.809101
vt 0.625000 0.845616
vt 0.625000 0.867882
vt 0.625000 0.695060
vt 0.625000 0.673135
vt 0.625000 0.695060
vt 0.625000 0.673135
vt 0.625000 0.764569
vt 0.625000 0.723533
vt 0.625000 0.723533
vt 0.625000 0.764569
vt 0.625000 0.876361
vt 0.625000 0.893007
vt 0.625000 0.893007
vt 0.625000 0.876361
vt 0.625000 0.695060
vt 0.625000 0.695060
vt 0.625000 0.098378
vt 0.625000 0.109633
vt 0.625000 0.098029
vt 0.625000 0.937631
vt 0.625000 1.000000
vt 0.625000 1.000000
vt 0.625000 0.937631
vt 0.625000 0.876361
vt 0.625000 0.876361
vt 0.625000 0.651622
vt 0.625000 0.651971
vt 0.625000 0.018677
vt 0.625000 0.000000
vt 0.625000 0.018677
vt 0.625000 0.000000
vt 0.625000 0.098378
vt 0.696162 0.734618
vt 0.721209 0.739032
vt 0.720727 0.738694
vt 0.697254 0.732459
vt 0.746256 0.743447
vt 0.740339 0.742221
vt 0.746256 0.743447
vt 0.721209 0.739032
vt 0.696162 0.734618
vt 0.697473 0.732028
vt 0.675739 0.721878
vt 0.675739 0.721878
vt 0.697473 0.732028
vt 0.658152 0.708400
vt 0.658152 0.708400
vt 0.658152 0.708400
vt 0.675739 0.721878
vt 0.697473 0.732028
vt 0.625000 0.694878
vt 0.625000 0.673315
vt 0.625000 0.722626
vt 0.625000 0.712645
vt 0.625000 0.693968
vt 0.625000 0.675291
vt 0.625000 0.651667
vt 0.625000 0.673314
vt 0.625000 0.640367
vt 0.625000 0.625000
vt 0.625000 0.650145
vt 0.625000 0.675291
vt 0.625000 0.018677
vt 0.625000 0.037355
vt 0.625000 0.000000
vt 0.625000 0.000000
vt 0.625000 0.018677
vt 0.625000 0.037355
vt 0.625000 0.876134
vt 0.625000 0.868946
vt 0.625000 0.891035
vt 0.625000 0.869346
vt 0.625000 0.875000
vt 0.625000 0.880654
vt 0.625000 0.056256
vt 0.625000 0.056032
vt 0.625000 0.098333
vt 0.625000 0.076686
vt 0.625000 0.099855
vt 0.625000 0.074709
vt 0.625000 0.937138
vt 0.625000 1.000000
vt 0.625000 1.000000
vt 0.625000 0.934673
vt 0.625000 0.846011
vt 0.625000 0.868946
vt 0.625000 0.809620
vt 0.625000 0.815327
vt 0.625000 0.847990
vt 0.625000 0.880654
vt 0.625000 0.651667
vt 0.625000 0.650145
vt 0.625000 0.018677
vt 0.625000 0.000000
vt 0.625000 0.037355
vt 0.625000 0.037355
vt 0.625000 0.018677
vt 0.625000 0.000000
vt 0.625000 0.764472
vt 0.625000 0.722626
vt 0.625000 0.712645
vt 0.625000 0.763986
vt 0.625000 0.056256
vt 0.625000 0.056032
vt 0.625000 0.694878
vt 0.625000 0.693968
vt 0.625000 0.846011
vt 0.625000 0.809620
vt 0.625000 0.847990
vt 0.625000 0.815327
vt 0.625000 0.876134
vt 0.625000 0.875000
vt 0.625000 0.764472
vt 0.625000 0.763986
vt 0.753744 0.743447
vt 0.778627 0.738709
vt 0.777697 0.741732
vt 0.749045 0.746724
vt 0.802527 0.732028
vt 0.804885 0.734805
vt 0.809673 0.739991
vt 0.777010 0.744996
vt 0.744346 0.750000
vt 0.824262 0.721878
vt 0.828591 0.723908
vt 0.841848 0.708400
vt 0.847566 0.709828
vt 0.857496 0.712645
vt 0.833585 0.726318
vt 0.853662 0.691990
vt 0.859623 0.692820
vt 0.860307 0.672402
vt 0.866438 0.672948
vt 0.875000 0.675291
vt 0.866248 0.693968
vt 0.721373 0.738709
vt 0.722303 0.741732
vt 0.695115 0.734805
vt 0.746257 0.743447
vt 0.750955 0.746724
vt 0.755654 0.750000
vt 0.722990 0.744995
vt 0.690327 0.739991
vt 0.671409 0.723908
vt 0.652434 0.709828
vt 0.666416 0.726318
vt 0.642504 0.712645
vt 0.639693 0.672402
vt 0.646338 0.691990
vt 0.640377 0.692820
vt 0.633562 0.672948
vt 0.633752 0.693968
vt 0.750000 0.743447
vt 0.750000 0.746723
vt 0.750000 0.750000
vt 0.863085 0.649597
vt 0.868921 0.649781
vt 0.863859 0.625000
vt 0.869429 0.625000
vt 0.875000 0.625000
vt 0.875000 0.650145
vt 0.636141 0.625000
vt 0.636915 0.649597
vt 0.631079 0.649781
vt 0.630571 0.625000
vt 0.803838 0.734618
vt 0.778791 0.739032
vt 0.777724 0.741786
vt 0.804994 0.735021
vt 0.753744 0.743447
vt 0.749045 0.746723
vt 0.744346 0.750000
vt 0.777010 0.744996
vt 0.809673 0.739991
vt 0.846067 0.710248
vt 0.824953 0.722433
vt 0.828706 0.724001
vt 0.847918 0.709982
vt 0.833584 0.726318
vt 0.857496 0.712645
vt 0.862979 0.674791
vt 0.854523 0.692519
vt 0.859766 0.692908
vt 0.866661 0.673147
vt 0.866248 0.693968
vt 0.875000 0.675291
vt 0.722276 0.741786
vt 0.750955 0.746723
vt 0.695006 0.735021
vt 0.690327 0.739991
vt 0.722990 0.744996
vt 0.755654 0.750000
vt 0.675047 0.722433
vt 0.671294 0.724001
vt 0.653933 0.710248
vt 0.652082 0.709982
vt 0.642504 0.712645
vt 0.666416 0.726318
vt 0.645477 0.692519
vt 0.640234 0.692908
vt 0.637021 0.674791
vt 0.633339 0.673147
vt 0.633752 0.693968
vt 0.750000 0.743447
vt 0.750000 0.746723
vt 0.750000 0.750000
vt 0.863419 0.649895
vt 0.868977 0.649831
vt 0.875000 0.650145
vt 0.636581 0.649895
vt 0.631023 0.649831
vt 0.636141 0.625000
vt 0.750000 0.625000
vt 0.750000 0.697538
vt 0.636915 0.649597
vt 0.863859 0.625000
vt 0.863085 0.649597
vt 0.860307 0.672402
vt 0.853662 0.691990
vt 0.841848 0.708400
vt 0.824262 0.721878
vt 0.802527 0.732028
vt 0.779515 0.738525
vt 0.760845 0.741975
vt 0.750000 0.743079
vt 0.739155 0.741975
vt 0.720485 0.738525
vt 0.646338 0.691990
vt 0.639693 0.672402
vt 0.636581 0.649895
vt 0.750000 0.697621
vt 0.637021 0.674791
vt 0.645477 0.692519
vt 0.653933 0.710248
vt 0.675047 0.722433
vt 0.750000 0.743447
vt 0.753744 0.743447
vt 0.778791 0.739033
vt 0.803838 0.734618
vt 0.824953 0.722433
vt 0.846068 0.710248
vt 0.854523 0.692519
vt 0.862979 0.674791
vt 0.863419 0.649895
vt 0.646338 0.691990
vt 0.639693 0.672402
vt 0.675508 0.722063
vt 0.657449 0.708708
vt 0.750000 0.743140
vt 0.760253 0.742098
vt 0.739747 0.742098
vt 0.646051 0.692166
vt 0.639248 0.672800
vt 0.863060 0.650980
vt 0.863614 0.638831
vt 0.860307 0.672402
vt 0.779367 0.738555
vt 0.802527 0.732028
vt 0.750000 0.743202
vt 0.759661 0.742221
vt 0.636940 0.650980
vt 0.636386 0.638831
vt 0.824262 0.721878
vt 0.841848 0.708400
vt 0.863172 0.651080
vt 0.860753 0.672800
vt 0.779274 0.738694
vt 0.802746 0.732459
vt 0.853662 0.691990
vt 0.636828 0.651079
vt 0.824492 0.722063
vt 0.842551 0.708708
vt 0.720633 0.738555
vt 0.853949 0.692166
vt 0.375000 0.625000
vt 0.625000 0.625000
vt 0.625000 0.750000
vt 0.375000 0.750000
vt 0.250000 0.625000
vt 0.250000 0.750000
vt 0.750000 0.625000
vt 0.375000 0.625000
vt 0.625000 0.625000
vt 0.375000 0.750000
vt 0.625000 0.750000
vt 0.250000 0.750000
vt 0.031250 0.500000
vt 0.031250 0.604630
vt 0.000000 0.604630
vt 0.000000 0.500000
vt 0.937500 0.500000
vt 0.937500 0.604630
vt 0.906250 0.604630
vt 0.906250 0.500000
vt 0.875000 0.604630
vt 0.875000 0.500000
vt 0.843750 0.604630
vt 0.843750 0.500000
vt 0.812500 0.604630
vt 0.812500 0.500000
vt 0.781250 0.604630
vt 0.781250 0.500000
vt 0.750000 0.604630
vt 0.750000 0.500000
vt 0.718750 0.604630
vt 0.718750 0.500000
vt 0.687500 0.604630
vt 0.687500 0.500000
vt 0.656250 0.604630
vt 0.656250 0.500000
vt 0.625000 0.604630
vt 0.625000 0.500000
vt 0.593750 0.604630
vt 0.593750 0.500000
vt 0.562500 0.604630
vt 0.562500 0.500000
vt 0.531250 0.604630
vt 0.531250 0.500000
vt 0.500000 0.604630
vt 0.500000 0.500000
vt 0.468750 0.604630
vt 0.468750 0.500000
vt 0.437500 0.604630
vt 0.437500 0.500000
vt 0.406250 0.604630
vt 0.406250 0.500000
vt 0.375000 0.604630
vt 0.375000 0.500000
vt 0.343750 0.604630
vt 0.343750 0.500000
vt 0.312500 0.604630
vt 0.312500 0.500000
vt 0.281250 0.604630
vt 0.281250 0.500000
vt 0.250000 0.604630
vt 0.250000 0.500000
vt 0.218750 0.604630
vt 0.218750 0.500000
vt 0.187500 0.604630
vt 0.187500 0.500000
vt 0.156250 0.604630
vt 0.156250 0.500000
vt 0.125000 0.604630
vt 0.125000 0.500000
vt 0.093750 0.604630
vt 0.093750 0.500000
vt 0.062500 0.604630
vt 0.062500 0.500000
vt 0.296822 0.485388
vt 0.250000 0.490000
vt 0.203178 0.485388
vt 0.158156 0.471731
vt 0.116663 0.449553
vt 0.080294 0.419706
vt 0.050447 0.383337
vt 0.028269 0.341844
vt 0.014612 0.296822
vt 0.010000 0.250000
vt 0.014612 0.203178
vt 0.028269 0.158156
vt 0.050447 0.116663
vt 0.080294 0.080294
vt 0.116663 0.050447
vt 0.158156 0.028269
vt 0.203178 0.014612
vt 0.250000 0.010000
vt 0.296822 0.014612
vt 0.341844 0.028269
vt 0.383337 0.050447
vt 0.419706 0.080294
vt 0.449553 0.116663
vt 0.471731 0.158156
vt 0.485388 0.203178
vt 0.490000 0.250000
vt 0.485388 0.296822
vt 0.471731 0.341844
vt 0.449553 0.383337
vt 0.419706 0.419706
vt 0.383337 0.449553
vt 0.341844 0.471731
vt 1.000000 0.500000
vt 1.000000 0.604630
vt 0.968750 0.604630
vt 0.968750 0.500000
vt 0.750000 0.490000
vt 0.796822 0.485388
vt 0.841844 0.471731
vt 0.883337 0.449553
vt 0.919706 0.419706
vt 0.949553 0.383337
vt 0.971731 0.341844
vt 0.985388 0.296822
vt 0.990000 0.250000
vt 0.985388 0.203178
vt 0.971731 0.158156
vt 0.949553 0.116663
vt 0.919706 0.080294
vt 0.883337 0.050447
vt 0.841844 0.028269
vt 0.796822 0.014612
vt 0.750000 0.010000
vt 0.703178 0.014612
vt 0.658156 0.028269
vt 0.616663 0.050447
vt 0.580294 0.080294
vt 0.550447 0.116663
vt 0.528269 0.158156
vt 0.514612 0.203178
vt 0.510000 0.250000
vt 0.514612 0.296822
vt 0.528269 0.341844
vt 0.550447 0.383337
vt 0.580294 0.419706
vt 0.616663 0.449553
vt 0.658156 0.471731
vt 0.703178 0.485388
vt 0.062500 0.895370
vt 0.062500 1.000000
vt 0.031250 1.000000
vt 0.031250 0.895370
vt 0.093750 0.895370
vt 0.093750 1.000000
vt 0.125000 0.895370
vt 0.125000 1.000000
vt 0.156250 0.895370
vt 0.156250 1.000000
vt 0.187500 0.895370
vt 0.187500 1.000000
vt 0.218750 0.895370
vt 0.218750 1.000000
vt 0.250000 0.895370
vt 0.250000 1.000000
vt 0.281250 0.895370
vt 0.281250 1.000000
vt 0.312500 0.895370
vt 0.312500 1.000000
vt 0.343750 0.895370
vt 0.343750 1.000000
vt 0.375000 0.895370
vt 0.375000 1.000000
vt 0.406250 0.895370
vt 0.406250 1.000000
vt 0.437500 0.895370
vt 0.437500 1.000000
vt 0.468750 0.895370
vt 0.468750 1.000000
vt 0.500000 0.895370
vt 0.500000 1.000000
vt 0.531250 0.895370
vt 0.531250 1.000000
vt 0.562500 0.895370
vt 0.562500 1.000000
vt 0.593750 0.895370
vt 0.593750 1.000000
vt 0.625000 0.895370
vt 0.625000 1.000000
vt 0.656250 0.895370
vt 0.656250 1.000000
vt 0.687500 0.895370
vt 0.687500 1.000000
vt 0.718750 0.895370
vt 0.718750 1.000000
vt 0.750000 0.895370
vt 0.750000 1.000000
vt 0.781250 0.895370
vt 0.781250 1.000000
vt 0.812500 0.895370
vt 0.812500 1.000000
vt 0.843750 0.895370
vt 0.843750 1.000000
vt 0.875000 0.895370
vt 0.875000 1.000000
vt 0.906250 0.895370
vt 0.906250 1.000000
vt 0.937500 0.895370
vt 0.937500 1.000000
vt 0.968750 0.895370
vt 0.968750 1.000000
vt 1.000000 0.895370
vt 1.000000 1.000000
vt 0.000000 0.895370
vt 0.000000 0.750000
vt 0.031250 0.750000
vt 0.062500 0.750000
vt 0.093750 0.750000
vt 0.125000 0.750000
vt 0.156250 0.750000
vt 0.187500 0.750000
vt 0.218750 0.750000
vt 0.250000 0.750000
vt 0.281250 0.750000
vt 0.312500 0.750000
vt 0.343750 0.750000
vt 0.375000 0.750000
vt 0.406250 0.750000
vt 0.437500 0.750000
vt 0.468750 0.750000
vt 0.500000 0.750000
vt 0.531250 0.750000
vt 0.562500 0.750000
vt 0.593750 0.750000
vt 0.625000 0.750000
vt 0.656250 0.750000
vt 0.687500 0.750000
vt 0.718750 0.750000
vt 0.750000 0.750000
vt 0.781250 0.750000
vt 0.812500 0.750000
vt 0.843750 0.750000
vt 0.875000 0.750000
vt 0.906250 0.750000
vt 0.937500 0.750000
vt 0.968750 0.750000
vt 1.000000 0.750000
vt 0.000000 1.000000
vt 0.031250 0.500000
vt 0.031250 0.604630
vt 0.000000 0.604630
vt 0.000000 0.500000
vt 0.937500 0.500000
vt 0.937500 0.604630
vt 0.906250 0.604630
vt 0.906250 0.500000
vt 0.875000 0.604630
vt 0.875000 0.500000
vt 0.843750 0.604630
vt 0.843750 0.500000
vt 0.812500 0.604630
vt 0.812500 0.500000
vt 0.781250 0.604630
vt 0.781250 0.500000
vt 0.750000 0.604630
vt 0.750000 0.500000
vt 0.718750 0.604630
vt 0.718750 0.500000
vt 0.687500 0.604630
vt 0.687500 0.500000
vt 0.656250 0.604630
vt 0.656250 0.500000
vt 0.625000 0.604630
vt 0.625000 0.500000
vt 0.593750 0.604630
vt 0.593750 0.500000
vt 0.562500 0.604630
vt 0.562500 0.500000
vt 0.531250 0.604630
vt 0.531250 0.500000
vt 0.500000 0.604630
vt 0.500000 0.500000
vt 0.468750 0.604630
vt 0.468750 0.500000
vt 0.437500 0.604630
vt 0.437500 0.500000
vt 0.406250 0.604630
vt 0.406250 0.500000
vt 0.375000 0.604630
vt 0.375000 0.500000
vt 0.343750 0.604630
vt 0.343750 0.500000
vt 0.312500 0.604630
vt 0.312500 0.500000
vt 0.281250 0.604630
vt 0.281250 0.500000
vt 0.250000 0.604630
vt 0.250000 0.500000
vt 0.218750 0.604630
vt 0.218750 0.500000
vt 0.187500 0.604630
vt 0.187500 0.500000
vt 0.156250 0.604630
vt 0.156250 0.500000
vt 0.125000 0.604630
vt 0.125000 0.500000
vt 0.093750 0.604630
vt 0.093750 0.500000
vt 0.062500 0.604630
vt 0.062500 0.500000
vt 0.296822 0.485388
vt 0.250000 0.490000
vt 0.203178 0.485388
vt 0.158156 0.471731
vt 0.116663 0.449553
vt 0.080294 0.419706
vt 0.050447 0.383337
vt 0.028269 0.341844
vt 0.014612 0.296822
vt 0.010000 0.250000
vt 0.014612 0.203178
vt 0.028269 0.158156
vt 0.050447 0.116663
vt 0.080294 0.080294
vt 0.116663 0.050447
vt 0.158156 0.028269
vt 0.203178 0.014612
vt 0.250000 0.010000
vt 0.296822 0.014612
vt 0.341844 0.028269
vt 0.383337 0.050447
vt 0.419706 0.080294
vt 0.449553 0.116663
vt 0.471731 0.158156
vt 0.485388 0.203178
vt 0.490000 0.250000
vt 0.485388 0.296822
vt 0.471731 0.341844
vt 0.449553 0.383337
vt 0.419706 0.419706
vt 0.383337 0.449553
vt 0.341844 0.471731
vt 1.000000 0.500000
vt 1.000000 0.604630
vt 0.968750 0.604630
vt 0.968750 0.500000
vt 0.062500 0.895370
vt 0.062500 1.000000
vt 0.031250 1.000000
vt 0.031250 0.895370
vt 0.093750 0.895370
vt 0.093750 1.000000
vt 0.125000 0.895370
vt 0.125000 1.000000
vt 0.156250 0.895370
vt 0.156250 1.000000
vt 0.187500 0.895370
vt 0.187500 1.000000
vt 0.218750 0.895370
vt 0.218750 1.000000
vt 0.250000 0.895370
vt 0.250000 1.000000
vt 0.281250 0.895370
vt 0.281250 1.000000
vt 0.312500 0.895370
vt 0.312500 1.000000
vt 0.343750 0.895370
vt 0.343750 1.000000
vt 0.375000 0.895370
vt 0.375000 1.000000
vt 0.406250 0.895370
vt 0.406250 1.000000
vt 0.437500 0.895370
vt 0.437500 1.000000
vt 0.468750 0.895370
vt 0.468750 1.000000
vt 0.500000 0.895370
vt 0.500000 1.000000
vt 0.531250 0.895370
vt 0.531250 1.000000
vt 0.562500 0.895370
vt 0.562500 1.000000
vt 0.593750 0.895370
vt 0.593750 1.000000
vt 0.625000 0.895370
vt 0.625000 1.000000
vt 0.656250 0.895370
vt 0.656250 1.000000
vt 0.687500 0.895370
vt 0.687500 1.000000
vt 0.718750 0.895370
vt 0.718750 1.000000
vt 0.750000 0.895370
vt 0.750000 1.000000
vt 0.781250 0.895370
vt 0.781250 1.000000
vt 0.812500 0.895370
vt 0.812500 1.000000
vt 0.843750 0.895370
vt 0.843750 1.000000
vt 0.875000 0.895370
vt 0.875000 1.000000
vt 0.906250 0.895370
vt 0.906250 1.000000
vt 0.937500 0.895370
vt 0.937500 1.000000
vt 0.968750 0.895370
vt 0.968750 1.000000
vt 1.000000 0.895370
vt 1.000000 1.000000
vt 0.000000 0.895370
vt 0.000000 0.750000
vt 0.031250 0.750000
vt 0.062500 0.750000
vt 0.093750 0.750000
vt 0.125000 0.750000
vt 0.156250 0.750000
vt 0.187500 0.750000
vt 0.218750 0.750000
vt 0.250000 0.750000
vt 0.281250 0.750000
vt 0.312500 0.750000
vt 0.343750 0.750000
vt 0.375000 0.750000
vt 0.406250 0.750000
vt 0.437500 0.750000
vt 0.468750 0.750000
vt 0.500000 0.750000
vt 0.531250 0.750000
vt 0.562500 0.750000
vt 0.593750 0.750000
vt 0.625000 0.750000
vt 0.656250 0.750000
vt 0.687500 0.750000
vt 0.718750 0.750000
vt 0.750000 0.750000
vt 0.781250 0.750000
vt 0.812500 0.750000
vt 0.843750 0.750000
vt 0.875000 0.750000
vt 0.906250 0.750000
vt 0.937500 0.750000
vt 0.968750 0.750000
vt 1.000000 0.750000
vt 0.000000 1.000000
vt 0.031250 0.500000
vt 0.031250 0.604630
vt 0.000000 0.604630
vt 0.000000 0.500000
vt 0.937500 0.500000
vt 0.937500 0.604630
vt 0.906250 0.604630
vt 0.906250 0.500000
vt 0.875000 0.604630
vt 0.875000 0.500000
vt 0.843750 0.604630
vt 0.843750 0.500000
vt 0.812500 0.604630
vt 0.812500 0.500000
vt 0.781250 0.604630
vt 0.781250 0.500000
vt 0.750000 0.604630
vt 0.750000 0.500000
vt 0.718750 0.604630
vt 0.718750 0.500000
vt 0.687500 0.604630
vt 0.687500 0.500000
vt 0.656250 0.604630
vt 0.656250 0.500000
vt 0.625000 0.604630
vt 0.625000 0.500000
vt 0.593750 0.604630
vt 0.593750 0.500000
vt 0.562500 0.604630
vt 0.562500 0.500000
vt 0.531250 0.604630
vt 0.531250 0.500000
vt 0.500000 0.604630
vt 0.500000 0.500000
vt 0.468750 0.604630
vt 0.468750 0.500000
vt 0.437500 0.604630
vt 0.437500 0.500000
vt 0.406250 0.604630
vt 0.406250 0.500000
vt 0.375000 0.604630
vt 0.375000 0.500000
vt 0.343750 0.604630
vt 0.343750 0.500000
vt 0.312500 0.604630
vt 0.312500 0.500000
vt 0.281250 0.604630
vt 0.281250 0.500000
vt 0.250000 0.604630
vt 0.250000 0.500000
vt 0.218750 0.604630
vt 0.218750 0.500000
vt 0.187500 0.604630
vt 0.187500 0.500000
vt 0.156250 0.604630
vt 0.156250 0.500000
vt 0.125000 0.604630
vt 0.125000 0.500000
vt 0.093750 0.604630
vt 0.093750 0.500000
vt 0.062500 0.604630
vt 0.062500 0.500000
vt 0.296822 0.485388
vt 0.250000 0.490000
vt 0.203178 0.485388
vt 0.158156 0.471731
vt 0.116663 0.449553
vt 0.080294 0.419706
vt 0.050447 0.383337
vt 0.028269 0.341844
vt 0.014612 0.296822
vt 0.010000 0.250000
vt 0.014612 0.203178
vt 0.028269 0.158156
vt 0.050447 0.116663
vt 0.080294 0.080294
vt 0.116663 0.050447
vt 0.158156 0.028269
vt 0.203178 0.014612
vt 0.250000 0.010000
vt 0.296822 0.014612
vt 0.341844 0.028269
vt 0.383337 0.050447
vt 0.419706 0.080294
vt 0.449553 0.116663
vt 0.471731 0.158156
vt 0.485388 0.203178
vt 0.490000 0.250000
vt 0.485388 0.296822
vt 0.471731 0.341844
vt 0.449553 0.383337
vt 0.419706 0.419706
vt 0.383337 0.449553
vt 0.341844 0.471731
vt 1.000000 0.500000
vt 1.000000 0.604630
vt 0.968750 0.604630
vt 0.968750 0.500000
vt 0.062500 0.895370
vt 0.062500 1.000000
vt 0.031250 1.000000
vt 0.031250 0.895370
vt 0.093750 0.895370
vt 0.093750 1.000000
vt 0.125000 0.895370
vt 0.125000 1.000000
vt 0.156250 0.895370
vt 0.156250 1.000000
vt 0.187500 0.895370
vt 0.187500 1.000000
vt 0.218750 0.895370
vt 0.218750 1.000000
vt 0.250000 0.895370
vt 0.250000 1.000000
vt 0.281250 0.895370
vt 0.281250 1.000000
vt 0.312500 0.895370
vt 0.312500 1.000000
vt 0.343750 0.895370
vt 0.343750 1.000000
vt 0.375000 0.895370
vt 0.375000 1.000000
vt 0.406250 0.895370
vt 0.406250 1.000000
vt 0.437500 0.895370
vt 0.437500 1.000000
vt 0.468750 0.895370
vt 0.468750 1.000000
vt 0.500000 0.895370
vt 0.500000 1.000000
vt 0.531250 0.895370
vt 0.531250 1.000000
vt 0.562500 0.895370
vt 0.562500 1.000000
vt 0.593750 0.895370
vt 0.593750 1.000000
vt 0.625000 0.895370
vt 0.625000 1.000000
vt 0.656250 0.895370
vt 0.656250 1.000000
vt 0.687500 0.895370
vt 0.687500 1.000000
vt 0.718750 0.895370
vt 0.718750 1.000000
vt 0.750000 0.895370
vt 0.750000 1.000000
vt 0.781250 0.895370
vt 0.781250 1.000000
vt 0.812500 0.895370
vt 0.812500 1.000000
vt 0.843750 0.895370
vt 0.843750 1.000000
vt 0.875000 0.895370
vt 0.875000 1.000000
vt 0.906250 0.895370
vt 0.906250 1.000000
vt 0.937500 0.895370
vt 0.937500 1.000000
vt 0.968750 0.895370
vt 0.968750 1.000000
vt 1.000000 0.895370
vt 1.000000 1.000000
vt 0.000000 0.895370
vt 0.000000 0.750000
vt 0.031250 0.750000
vt 0.062500 0.750000
vt 0.093750 0.750000
vt 0.125000 0.750000
vt 0.156250 0.750000
vt 0.187500 0.750000
vt 0.218750 0.750000
vt 0.250000 0.750000
vt 0.281250 0.750000
vt 0.312500 0.750000
vt 0.343750 0.750000
vt 0.375000 0.750000
vt 0.406250 0.750000
vt 0.437500 0.750000
vt 0.468750 0.750000
vt 0.500000 0.750000
vt 0.531250 0.750000
vt 0.562500 0.750000
vt 0.593750 0.750000
vt 0.625000 0.750000
vt 0.656250 0.750000
vt 0.687500 0.750000
vt 0.718750 0.750000
vt 0.750000 0.750000
vt 0.781250 0.750000
vt 0.812500 0.750000
vt 0.843750 0.750000
vt 0.875000 0.750000
vt 0.906250 0.750000
vt 0.937500 0.750000
vt 0.968750 0.750000
vt 1.000000 0.750000
vt 0.000000 1.000000
vt 0.031250 0.500000
vt 0.031250 0.604630
vt 0.000000 0.604630
vt 0.000000 0.500000
vt 0.937500 0.500000
vt 0.937500 0.604630
vt 0.906250 0.604630
vt 0.906250 0.500000
vt 0.875000 0.604630
vt 0.875000 0.500000
vt 0.843750 0.604630
vt 0.843750 0.500000
vt 0.812500 0.604630
vt 0.812500 0.500000
vt 0.781250 0.604630
vt 0.781250 0.500000
vt 0.750000 0.604630
vt 0.750000 0.500000
vt 0.718750 0.604630
vt 0.718750 0.500000
vt 0.687500 0.604630
vt 0.687500 0.500000
vt 0.656250 0.604630
vt 0.656250 0.500000
vt 0.625000 0.604630
vt 0.625000 0.500000
vt 0.593750 0.604630
vt 0.593750 0.500000
vt 0.562500 0.604630
vt 0.562500 0.500000
vt 0.531250 0.604630
vt 0.531250 0.500000
vt 0.500000 0.604630
vt 0.500000 0.500000
vt 0.468750 0.604630
vt 0.468750 0.500000
vt 0.437500 0.604630
vt 0.437500 0.500000
vt 0.406250 0.604630
vt 0.406250 0.500000
vt 0.375000 0.604630
vt 0.375000 0.500000
vt 0.343750 0.604630
vt 0.343750 0.500000
vt 0.312500 0.604630
vt 0.312500 0.500000
vt 0.281250 0.604630
vt 0.281250 0.500000
vt 0.250000 0.604630
vt 0.250000 0.500000
vt 0.218750 0.604630
vt 0.218750 0.500000
vt 0.187500 0.604630
vt 0.187500 0.500000
vt 0.156250 0.604630
vt 0.156250 0.500000
vt 0.125000 0.604630
vt 0.125000 0.500000
vt 0.093750 0.604630
vt 0.093750 0.500000
vt 0.062500 0.604630
vt 0.062500 0.500000
vt 0.156250 1.000000
vt 0.187500 1.000000
vt 0.187500 1.000000
vt 0.156250 1.000000
vt 1.000000 0.500000
vt 1.000000 0.604630
vt 0.968750 0.604630
vt 0.968750 0.500000
vt 0.062500 0.895370
vt 0.062500 1.000000
vt 0.031250 1.000000
vt 0.031250 0.895370
vt 0.093750 0.895370
vt 0.093750 1.000000
vt 0.125000 0.895370
vt 0.125000 1.000000
vt 0.156250 0.895370
vt 0.187500 0.895370
vt 0.218750 0.895370
vt 0.218750 1.000000
vt 0.250000 0.895370
vt 0.250000 1.000000
vt 0.281250 0.895370
vt 0.281250 1.000000
vt 0.312500 0.895370
vt 0.312500 1.000000
vt 0.343750 0.895370
vt 0.343750 1.000000
vt 0.375000 0.895370
vt 0.375000 1.000000
vt 0.406250 0.895370
vt 0.406250 1.000000
vt 0.437500 0.895370
vt 0.437500 1.000000
vt 0.468750 0.895370
vt 0.468750 1.000000
vt 0.500000 0.895370
vt 0.500000 1.000000
vt 0.531250 0.895370
vt 0.531250 1.000000
vt 0.562500 0.895370
vt 0.562500 1.000000
vt 0.593750 0.895370
vt 0.593750 1.000000
vt 0.625000 0.895370
vt 0.625000 1.000000
vt 0.656250 0.895370
vt 0.656250 1.000000
vt 0.687500 0.895370
vt 0.687500 1.000000
vt 0.718750 0.895370
vt 0.718750 1.000000
vt 0.750000 0.895370
vt 0.750000 1.000000
vt 0.781250 0.895370
vt 0.781250 1.000000
vt 0.812500 0.895370
vt 0.812500 1.000000
vt 0.843750 0.895370
vt 0.843750 1.000000
vt 0.875000 0.895370
vt 0.875000 1.000000
vt 0.906250 0.895370
vt 0.906250 1.000000
vt 0.937500 0.895370
vt 0.937500 1.000000
vt 0.968750 0.895370
vt 0.968750 1.000000
vt 1.000000 0.895370
vt 1.000000 1.000000
vt 0.000000 0.895370
vt 0.000000 0.750000
vt 0.031250 0.750000
vt 0.062500 0.750000
vt 0.093750 0.750000
vt 0.125000 0.750000
vt 0.156250 0.750000
vt 0.187500 0.750000
vt 0.218750 0.750000
vt 0.250000 0.750000
vt 0.281250 0.750000
vt 0.312500 0.750000
vt 0.343750 0.750000
vt 0.375000 0.750000
vt 0.406250 0.750000
vt 0.437500 0.750000
vt 0.468750 0.750000
vt 0.500000 0.750000
vt 0.531250 0.750000
vt 0.562500 0.750000
vt 0.593750 0.750000
vt 0.625000 0.750000
vt 0.656250 0.750000
vt 0.687500 0.750000
vt 0.718750 0.750000
vt 0.750000 0.750000
vt 0.781250 0.750000
vt 0.812500 0.750000
vt 0.843750 0.750000
vt 0.875000 0.750000
vt 0.906250 0.750000
vt 0.937500 0.750000
vt 0.968750 0.750000
vt 1.000000 0.750000
vt 0.000000 1.000000
vt 0.296822 0.485388
vt 0.250000 0.490000
vt 0.203178 0.485388
vt 0.158156 0.471731
vt 0.116663 0.449553
vt 0.080294 0.419706
vt 0.050447 0.383337
vt 0.028269 0.341844
vt 0.014612 0.296822
vt 0.010000 0.250000
vt 0.014612 0.203178
vt 0.028269 0.158156
vt 0.050447 0.116663
vt 0.080294 0.080294
vt 0.116663 0.050447
vt 0.158156 0.028269
vt 0.203178 0.014612
vt 0.250000 0.010000
vt 0.296822 0.014612
vt 0.341844 0.028269
vt 0.383337 0.050447
vt 0.419706 0.080294
vt 0.449553 0.116663
vt 0.471731 0.158156
vt 0.485388 0.203178
vt 0.490000 0.250000
vt 0.485388 0.296822
vt 0.471731 0.341844
vt 0.449553 0.383337
vt 0.419706 0.419706
vt 0.383337 0.449553
vt 0.341844 0.471731
vt 0.593750 1.000000
vt 0.562500 1.000000
vt 1.000000 1.000000
vt 0.968750 1.000000
vt 0.125000 1.000000
vt 0.531250 1.000000
vt 0.937500 1.000000
vt 0.093750 1.000000
vt 0.500000 1.000000
vt 0.906250 1.000000
vt 0.062500 1.000000
vt 0.468750 1.000000
vt 0.875000 1.000000
vt 0.031250 1.000000
vt 0.437500 1.000000
vt 0.843750 1.000000
vt 0.000000 1.000000
vt 0.406250 1.000000
vt 0.812500 1.000000
vt 0.375000 1.000000
vt 0.781250 1.000000
vt 0.343750 1.000000
vt 0.750000 1.000000
vt 0.312500 1.000000
vt 0.718750 1.000000
vt 0.281250 1.000000
vt 0.687500 1.000000
vt 0.250000 1.000000
vt 0.656250 1.000000
vt 0.218750 1.000000
vt 0.625000 1.000000
vt 1.000000 0.500000
vt 1.000000 1.000000
vt 0.968750 1.000000
vt 0.968750 0.500000
vt 0.937500 1.000000
vt 0.937500 0.500000
vt 0.906250 1.000000
vt 0.906250 0.500000
vt 0.875000 1.000000
vt 0.875000 0.500000
vt 0.843750 1.000000
vt 0.843750 0.500000
vt 0.812500 1.000000
vt 0.812500 0.500000
vt 0.781250 1.000000
vt 0.781250 0.500000
vt 0.750000 1.000000
vt 0.750000 0.500000
vt 0.718750 1.000000
vt 0.718750 0.500000
vt 0.687500 1.000000
vt 0.687500 0.500000
vt 0.656250 1.000000
vt 0.656250 0.500000
vt 0.625000 1.000000
vt 0.625000 0.500000
vt 0.593750 1.000000
vt 0.593750 0.500000
vt 0.562500 1.000000
vt 0.562500 0.500000
vt 0.531250 1.000000
vt 0.531250 0.500000
vt 0.500000 1.000000
vt 0.500000 0.500000
vt 0.468750 1.000000
vt 0.468750 0.500000
vt 0.437500 1.000000
vt 0.437500 0.500000
vt 0.406250 1.000000
vt 0.406250 0.500000
vt 0.375000 1.000000
vt 0.375000 0.500000
vt 0.343750 1.000000
vt 0.343750 0.500000
vt 0.312500 1.000000
vt 0.312500 0.500000
vt 0.281250 1.000000
vt 0.281250 0.500000
vt 0.250000 1.000000
vt 0.250000 0.500000
vt 0.218750 1.000000
vt 0.218750 0.500000
vt 0.187500 1.000000
vt 0.187500 0.500000
vt 0.156250 1.000000
vt 0.156250 0.500000
vt 0.125000 1.000000
vt 0.125000 0.500000
vt 0.093750 1.000000
vt 0.093750 0.500000
vt 0.062500 1.000000
vt 0.062500 0.500000
vt 0.296822 0.485388
vt 0.250000 0.490000
vt 0.203178 0.485388
vt 0.158156 0.471731
vt 0.116663 0.449553
vt 0.080294 0.419706
vt 0.050447 0.383337
vt 0.028269 0.341844
vt 0.014612 0.296822
vt 0.010000 0.250000
vt 0.014612 0.203178
vt 0.028269 0.158156
vt 0.050447 0.116663
vt 0.080294 0.080294
vt 0.116663 0.050447
vt 0.158156 0.028269
vt 0.203178 0.014612
vt 0.250000 0.010000
vt 0.296822 0.014612
vt 0.341844 0.028269
vt 0.383337 0.050447
vt 0.419706 0.080294
vt 0.449553 0.116663
vt 0.471731 0.158156
vt 0.485388 0.203178
vt 0.490000 0.250000
vt 0.485388 0.296822
vt 0.471731 0.341844
vt 0.449553 0.383337
vt 0.419706 0.419706
vt 0.383337 0.449553
vt 0.341844 0.471731
vt 0.031250 1.000000
vt 0.031250 0.500000
vt 0.000000 1.000000
vt 0.000000 0.500000
vt 0.906250 0.500000
vt 0.937500 0.500000
vt 0.031250 0.500000
vt 0.000000 0.500000
vt 0.000000 0.500000
vt 0.031250 0.500000
vt 0.625000 0.500000
vt 0.656250 0.500000
vt 0.343750 0.500000
vt 0.375000 0.500000
vt 0.062500 0.500000
vt 0.093750 0.500000
vt 0.750000 0.500000
vt 0.781250 0.500000
vt 0.468750 0.500000
vt 0.500000 0.500000
vt 0.187500 0.500000
vt 0.218750 0.500000
vt 0.968750 0.500000
vt 0.687500 0.500000
vt 0.406250 0.500000
vt 0.125000 0.500000
vt 0.812500 0.500000
vt 0.531250 0.500000
vt 0.250000 0.500000
vt 0.875000 0.500000
vt 0.593750 0.500000
vt 0.312500 0.500000
vt 0.031250 0.500000
vt 0.718750 0.500000
vt 0.437500 0.500000
vt 0.156250 0.500000
vt 0.843750 0.500000
vt 0.562500 0.500000
vt 0.281250 0.500000
vt 0.750000 0.324855
vt 0.764604 0.323417
vt 0.778646 0.319157
vt 0.791588 0.312240
vt 0.802931 0.302931
vt 0.812240 0.291587
vt 0.819157 0.278646
vt 0.823417 0.264604
vt 0.824855 0.250000
vt 0.823417 0.235396
vt 0.819157 0.221354
vt 0.812240 0.208413
vt 0.802931 0.197069
vt 0.791587 0.187760
vt 0.778646 0.180843
vt 0.764604 0.176583
vt 0.750000 0.175145
vt 0.735396 0.176583
vt 0.721354 0.180843
vt 0.708413 0.187760
vt 0.697069 0.197069
vt 0.687760 0.208412
vt 0.680843 0.221354
vt 0.676583 0.235396
vt 0.675145 0.250000
vt 0.676583 0.264604
vt 0.680843 0.278646
vt 0.687760 0.291587
vt 0.697069 0.302931
vt 0.708413 0.312240
vt 0.721354 0.319157
vt 0.735397 0.323417
vt 0.000000 0.500000
vt 0.687500 0.500000
vt 0.656250 0.500000
vt 0.656250 0.500000
vt 0.687500 0.500000
vt 0.406250 0.500000
vt 0.375000 0.500000
vt 0.375000 0.500000
vt 0.406250 0.500000
vt 0.156250 0.500000
vt 0.125000 0.500000
vt 0.125000 0.500000
vt 0.156250 0.500000
vt 0.812500 0.500000
vt 0.781250 0.500000
vt 0.781250 0.500000
vt 0.812500 0.500000
vt 0.187500 0.500000
vt 0.156250 0.500000
vt 0.187500 0.500000
vt 0.843750 0.500000
vt 0.843750 0.500000
vt 0.250000 0.500000
vt 0.218750 0.500000
vt 0.218750 0.500000
vt 0.250000 0.500000
vt 0.500000 0.500000
vt 0.468750 0.500000
vt 0.468750 0.500000
vt 0.500000 0.500000
vt 0.843750 0.500000
vt 0.812500 0.500000
vt 0.812500 0.500000
vt 0.843750 0.500000
vt 0.093750 0.500000
vt 0.093750 0.500000
vt 0.437500 0.500000
vt 0.406250 0.500000
vt 0.406250 0.500000
vt 0.437500 0.500000
vt 0.718750 0.500000
vt 0.687500 0.500000
vt 0.687500 0.500000
vt 0.718750 0.500000
vt 0.906250 0.500000
vt 0.875000 0.500000
vt 0.875000 0.500000
vt 0.906250 0.500000
vt 1.000000 0.500000
vt 0.968750 0.500000
vt 0.968750 0.500000
vt 1.000000 0.500000
vt 0.312500 0.500000
vt 0.281250 0.500000
vt 0.281250 0.500000
vt 0.312500 0.500000
vt 0.625000 0.500000
vt 0.593750 0.500000
vt 0.593750 0.500000
vt 0.625000 0.500000
vt 0.562500 0.500000
vt 0.562500 0.500000
vt 0.531250 0.500000
vt 0.531250 0.500000
vt 0.437500 0.500000
vt 0.437500 0.500000
vt 0.750000 0.500000
vt 0.750000 0.500000
vt 0.968750 0.500000
vt 0.937500 0.500000
vt 0.937500 0.500000
vt 0.968750 0.500000
vt 0.281250 0.500000
vt 0.250000 0.500000
vt 0.250000 0.500000
vt 0.281250 0.500000
vt 0.875000 0.500000
vt 0.875000 0.500000
vt 1.000000 0.500000
vt 0.500000 0.500000
vt 0.500000 0.500000
vt 0.781250 0.500000
vt 0.781250 0.500000
vt 0.062500 0.500000
vt 0.062500 0.500000
vt 0.375000 0.500000
vt 0.375000 0.500000
vt 0.656250 0.500000
vt 0.656250 0.500000
vt 0.937500 0.500000
vt 0.906250 0.500000
vt 0.906250 0.500000
vt 0.937500 0.500000
vt 0.281250 0.500000
vt 0.250000 0.500000
vt 0.562500 0.500000
vt 0.531250 0.500000
vt 0.843750 0.500000
vt 0.812500 0.500000
vt 0.156250 0.500000
vt 0.125000 0.500000
vt 0.437500 0.500000
vt 0.406250 0.500000
vt 0.718750 0.500000
vt 0.687500 0.500000
vt 0.000000 0.500000
vt 0.031250 0.500000
vt 0.031250 0.500000
vt 0.000000 0.500000
vt 1.000000 0.500000
vt 0.968750 0.500000
vt 0.312500 0.500000
vt 0.593750 0.500000
vt 0.875000 0.500000
vt 0.187500 0.500000
vt 0.468750 0.500000
vt 0.468750 0.500000
vt 0.750000 0.500000
vt 0.062500 0.500000
vt 0.343750 0.500000
vt 0.343750 0.500000
vt 0.625000 0.500000
vt 0.906250 0.500000
vt 0.218750 0.500000
vt 0.500000 0.500000
vt 0.781250 0.500000
vt 0.093750 0.500000
vt 0.343750 0.500000
vt 0.375000 0.500000
vt 0.656250 0.500000
vt 0.937500 0.500000
vt 0.625000 0.500000
vt 0.625000 0.500000
vt 0.343750 0.500000
vt 0.093750 0.500000
vt 0.062500 0.500000
vt 0.062500 0.500000
vt 0.093750 0.500000
vt 0.750000 0.500000
vt 0.750000 0.500000
vt 0.468750 0.500000
vt 0.218750 0.500000
vt 0.187500 0.500000
vt 0.187500 0.500000
vt 0.218750 0.500000
vt 0.562500 0.500000
vt 0.531250 0.500000
vt 0.531250 0.500000
vt 0.562500 0.500000
vt 0.312500 0.500000
vt 0.312500 0.500000
vt 0.718750 0.500000
vt 0.718750 0.500000
vt 0.406250 0.500000
vt 0.156250 0.500000
vt 0.125000 0.500000
vt 0.125000 0.500000
vt 0.156250 0.500000
vt 0.593750 0.500000
vt 0.593750 0.500000
vt 0.031250 0.500000
vt 0.343750 0.500000
vt 0.343750 0.500000
vt 0.656250 0.500000
vt 0.625000 0.500000
vt 0.781250 0.500000
vt 0.750000 0.500000
vt 0.281250 0.500000
vt 0.250000 0.500000
vt 0.156250 0.500000
vt 0.125000 0.500000
vt 0.031250 0.500000
vt 0.000000 0.500000
vt 0.000000 0.500000
vt 0.875000 0.500000
vt 0.843750 0.500000
vt 0.718750 0.500000
vt 0.593750 0.500000
vt 0.812500 0.500000
vt 0.687500 0.500000
vt 0.375000 0.500000
vt 0.343750 0.500000
vt 0.500000 0.500000
vt 0.468750 0.500000
vt 0.562500 0.500000
vt 0.531250 0.500000
vt 0.437500 0.500000
vt 0.406250 0.500000
vt 0.312500 0.500000
vt 0.187500 0.500000
vt 0.062500 0.500000
vt 0.218750 0.500000
vt 0.093750 0.500000
vt 0.968750 0.500000
vt 0.937500 0.500000
vt 0.906250 0.500000
vt 1.000000 0.500000
vt 1.000000 0.500000
vt 1.000000 0.500000
vt 0.971899 0.500000
vt 0.996851 0.500000
vt 0.754718 0.489535
vt 0.792103 0.485853
vt 0.940649 0.500000
vt 0.965601 0.500000
vt 0.801359 0.484012
vt 0.837307 0.473107
vt 0.909399 0.500000
vt 0.934351 0.500000
vt 0.846025 0.469496
vt 0.879156 0.451788
vt 0.878149 0.500000
vt 0.903101 0.500000
vt 0.887002 0.446545
vt 0.916041 0.422713
vt 0.846899 0.500000
vt 0.871851 0.500000
vt 0.922713 0.416041
vt 0.946545 0.387002
vt 0.815649 0.500000
vt 0.840601 0.500000
vt 0.951788 0.379156
vt 0.969496 0.346025
vt 0.784399 0.500000
vt 0.809351 0.500000
vt 0.973107 0.337307
vt 0.984012 0.301359
vt 0.753149 0.500000
vt 0.778101 0.500000
vt 0.985853 0.292103
vt 0.989535 0.254718
vt 0.721899 0.500000
vt 0.746851 0.500000
vt 0.989535 0.245282
vt 0.985853 0.207897
vt 0.690649 0.500000
vt 0.715601 0.500000
vt 0.984012 0.198641
vt 0.973107 0.162693
vt 0.659399 0.500000
vt 0.684351 0.500000
vt 0.969496 0.153975
vt 0.951788 0.120844
vt 0.628149 0.500000
vt 0.653101 0.500000
vt 0.946545 0.112998
vt 0.922713 0.083959
vt 0.596899 0.500000
vt 0.621851 0.500000
vt 0.916041 0.077287
vt 0.887002 0.053455
vt 0.565649 0.500000
vt 0.590601 0.500000
vt 0.879156 0.048212
vt 0.846025 0.030504
vt 0.534399 0.500000
vt 0.559351 0.500000
vt 0.837307 0.026893
vt 0.801359 0.015988
vt 0.503149 0.500000
vt 0.528101 0.500000
vt 0.792103 0.014147
vt 0.754718 0.010465
vt 0.471899 0.500000
vt 0.496851 0.500000
vt 0.745282 0.010465
vt 0.707897 0.014147
vt 0.440649 0.500000
vt 0.465601 0.500000
vt 0.698641 0.015988
vt 0.662693 0.026893
vt 0.409399 0.500000
vt 0.434351 0.500000
vt 0.653975 0.030504
vt 0.620844 0.048212
vt 0.378149 0.500000
vt 0.403101 0.500000
vt 0.612998 0.053455
vt 0.583959 0.077287
vt 0.346899 0.500000
vt 0.371851 0.500000
vt 0.577287 0.083959
vt 0.553455 0.112998
vt 0.315649 0.500000
vt 0.340601 0.500000
vt 0.548212 0.120844
vt 0.530504 0.153975
vt 0.284399 0.500000
vt 0.309351 0.500000
vt 0.526893 0.162693
vt 0.515988 0.198641
vt 0.253149 0.500000
vt 0.278101 0.500000
vt 0.514147 0.207897
vt 0.510465 0.245282
vt 0.221899 0.500000
vt 0.246851 0.500000
vt 0.510465 0.254718
vt 0.514147 0.292103
vt 0.190649 0.500000
vt 0.215601 0.500000
vt 0.515988 0.301359
vt 0.526893 0.337307
vt 0.159399 0.500000
vt 0.184351 0.500000
vt 0.530504 0.346025
vt 0.548212 0.379156
vt 0.128149 0.500000
vt 0.153101 0.500000
vt 0.553455 0.387002
vt 0.577287 0.416041
vt 0.096899 0.500000
vt 0.121851 0.500000
vt 0.583959 0.422713
vt 0.612998 0.446545
vt 0.065649 0.500000
vt 0.090601 0.500000
vt 0.620844 0.451788
vt 0.653975 0.469496
vt 0.034399 0.500000
vt 0.059351 0.500000
vt 0.662693 0.473107
vt 0.698641 0.484012
vt 0.003149 0.500000
vt 0.028101 0.500000
vt 0.707897 0.485853
vt 0.745282 0.489535
vn 0.5526 0.6239 -0.5526
vn 0.6416 0.4324 -0.6335
vn 0.4991 0.4169 -0.7597
vn 0.4063 0.6080 -0.6821
vn 0.5477 -0.6616 -0.5121
vn 0.4591 -0.7813 -0.4229
vn 0.5224 -0.6644 -0.5345
vn -0.4591 0.7813 0.4229
vn -0.3566 0.8774 0.3210
vn -0.3819 0.8746 0.2986
vn 0.4353 0.7835 -0.4435
vn 0.2928 0.7680 -0.5696
vn 0.6192 -0.5236 -0.5852
vn 0.5696 -0.5290 -0.6291
vn 0.2995 0.9006 -0.3151
vn 0.1676 0.8862 -0.4319
vn 0.6741 -0.3639 -0.6428
vn 0.6008 -0.3718 -0.7076
vn 0.1560 0.9716 -0.1781
vn 0.0403 0.9590 -0.2805
vn 0.7087 -0.1833 -0.6813
vn 0.6130 -0.1937 -0.7660
vn 0.0139 0.9991 -0.0412
vn -0.0818 0.9887 -0.1259
vn 0.7180 0.0151 -0.6959
vn 0.6023 0.0025 -0.7983
vn -0.1207 0.9887 0.0894
vn -0.1939 0.9807 0.0246
vn 0.6969 0.2243 -0.6812
vn 0.5650 0.2100 -0.7980
vn -0.2446 0.9465 0.2106
vn -0.2942 0.9411 0.1667
vn 0.4190 0.1746 -0.8911
vn 0.3413 0.3787 -0.8603
vn -0.3491 0.9278 0.1317
vn -0.4099 0.8678 0.2808
vn 0.2444 0.5688 -0.7854
vn 0.4944 -0.6711 -0.5524
vn 0.1350 0.7298 -0.6703
vn 0.5147 -0.5423 -0.6641
vn 0.0216 0.8509 -0.5250
vn 0.5197 -0.3915 -0.7594
vn -0.0878 0.9280 -0.3621
vn 0.5071 -0.2193 -0.8335
vn -0.1876 0.9630 -0.1934
vn 0.4742 -0.0285 -0.8799
vn -0.2750 0.9611 -0.0271
vn -0.1329 0.7958 -0.5908
vn -0.2233 0.8797 -0.4199
vn 0.4339 -0.4221 -0.7960
vn 0.3951 -0.2593 -0.8813
vn -0.2996 0.9231 -0.2412
vn 0.3388 -0.0768 -0.9377
vn -0.3608 0.9305 -0.0637
vn 0.2645 0.1195 -0.9569
vn -0.4072 0.9071 0.1070
vn 0.1743 0.3191 -0.9315
vn -0.4395 0.8573 0.2681
vn 0.0730 0.5077 -0.8585
vn 0.4648 -0.6817 -0.5650
vn -0.0320 0.6702 -0.7415
vn 0.4567 -0.5630 -0.6889
vn -0.4662 0.8798 0.0934
vn -0.4696 0.8433 0.2612
vn 0.0046 0.2406 -0.9706
vn -0.1011 0.4270 -0.8986
vn 0.4347 -0.6956 -0.5720
vn -0.2017 0.5917 -0.7806
vn 0.3976 -0.5903 -0.7025
vn -0.2898 0.7231 -0.6270
vn 0.3468 -0.4624 -0.8160
vn -0.3610 0.8159 -0.4516
vn 0.2813 -0.3120 -0.9075
vn -0.4135 0.8704 -0.2674
vn 0.2011 -0.1406 -0.9694
vn -0.4480 0.8901 -0.0838
vn 0.1075 0.0468 -0.9931
vn 0.2615 -0.5110 -0.8188
vn 0.1700 -0.3754 -0.9111
vn -0.4956 0.7392 -0.4561
vn -0.5248 0.8069 -0.2710
vn 0.0664 -0.2173 -0.9738
vn -0.5333 0.8415 -0.0866
vn -0.0459 -0.0406 -0.9981
vn -0.5239 0.8469 0.0915
vn -0.1613 0.1460 -0.9760
vn -0.4991 0.8266 0.2602
vn -0.2714 0.3300 -0.9041
vn 0.4052 -0.7124 -0.5729
vn -0.3676 0.4971 -0.7860
vn 0.3399 -0.6232 -0.7043
vn -0.4433 0.6356 -0.6320
vn -0.3170 0.0391 -0.9476
vn -0.4312 0.2203 -0.8750
vn 0.3776 -0.7314 -0.5679
vn -0.5267 0.8076 0.2653
vn -0.5233 0.3902 -0.7576
vn 0.2858 -0.6604 -0.6945
vn -0.5874 0.5367 -0.6057
vn 0.1815 -0.5660 -0.8042
vn -0.6220 0.6524 -0.4330
vn 0.0655 -0.4471 -0.8921
vn -0.6293 0.7352 -0.2520
vn -0.0599 -0.3040 -0.9508
vn -0.6133 0.7866 -0.0720
vn -0.1900 -0.1395 -0.9718
vn -0.5780 0.8097 0.1014
vn -0.7352 0.5590 -0.3833
vn -0.7229 0.6579 -0.2109
vn -0.0282 -0.5244 -0.8510
vn -0.1732 -0.3975 -0.9011
vn -0.6850 0.7274 -0.0405
vn -0.3192 -0.2461 -0.9152
vn -0.6266 0.7696 0.1227
vn -0.4566 -0.0760 -0.8864
vn -0.5515 0.7872 0.2761
vn -0.5744 0.1021 -0.8122
vn 0.3528 -0.7518 -0.5570
vn -0.6629 0.2751 -0.6964
vn 0.2372 -0.7004 -0.6732
vn -0.7165 0.4302 -0.5491
vn 0.1098 -0.6251 -0.7728
vn -0.5724 0.7660 0.2924
vn -0.6956 -0.0200 -0.7181
vn -0.7810 0.1561 -0.6048
vn 0.3319 -0.7729 -0.5408
vn 0.1961 -0.7418 -0.6413
vn -0.8258 0.3201 -0.4644
vn 0.0491 -0.6863 -0.7257
vn -0.8311 0.4624 -0.3090
vn -0.1074 -0.6042 -0.7895
vn -0.8021 0.5781 -0.1495
vn -0.2690 -0.4940 -0.8268
vn -0.7457 0.6663 0.0065
vn -0.4284 -0.3561 -0.8305
vn -0.6677 0.7283 0.1545
vn -0.5747 -0.1950 -0.7948
vn -0.8639 0.4988 -0.0700
vn -0.7930 0.6055 0.0674
vn -0.3437 -0.5900 -0.7306
vn -0.5135 -0.4655 -0.7208
vn -0.6997 0.6871 0.1957
vn -0.6667 -0.3132 -0.6763
vn -0.5888 0.7451 0.3134
vn -0.7901 -0.1413 -0.5965
vn 0.3155 -0.7939 -0.5197
vn -0.8730 0.0379 -0.4863
vn 0.1641 -0.7829 -0.6001
vn -0.9109 0.2107 -0.3547
vn 0.0018 -0.7470 -0.6648
vn -0.9058 0.3665 -0.2128
vn -0.1691 -0.6836 -0.7100
vn 0.3045 -0.8140 -0.4947
vn 0.1424 -0.8222 -0.5511
vn -0.9354 -0.0751 -0.3454
vn -0.9687 0.1063 -0.2244
vn -0.0303 -0.8050 -0.5924
vn -0.9564 0.2749 -0.0985
vn -0.2110 -0.7593 -0.6155
vn -0.9058 0.4230 0.0245
vn -0.3944 -0.6816 -0.6163
vn -0.8251 0.5475 0.1398
vn -0.5713 -0.5700 -0.5905
vn -0.7214 0.6478 0.2447
vn -0.7291 -0.4262 -0.5355
vn -0.5999 0.7250 0.3384
vn -0.8541 -0.2572 -0.4520
vn -0.4191 -0.7654 -0.4883
vn -0.5995 -0.6656 -0.4446
vn -0.8407 0.4944 0.2209
vn -0.7320 0.6119 0.2996
vn -0.7596 -0.5295 -0.3777
vn -0.6053 0.7067 0.3664
vn -0.8854 -0.3632 -0.2901
vn 0.2990 -0.8323 -0.4667
vn -0.9659 -0.1784 -0.1877
vn 0.1318 -0.8581 -0.4962
vn -0.9969 0.0107 -0.0785
vn -0.0459 -0.8581 -0.5114
vn -0.9811 0.1910 0.0295
vn -0.2315 -0.8286 -0.5097
vn -0.9262 0.3537 0.1304
vn -0.9632 -0.2681 -0.0190
vn -0.9944 -0.0723 0.0775
vn 0.1328 -0.8893 -0.4376
vn -0.0446 -0.9042 -0.4247
vn -0.9790 0.1182 0.1663
vn -0.2297 -0.8888 -0.3966
vn -0.9244 0.2935 0.2435
vn -0.4169 -0.8382 -0.3515
vn -0.8393 0.4483 0.3075
vn -0.5970 -0.7485 -0.2886
vn -0.7310 0.5807 0.3582
vn -0.7569 -0.6192 -0.2091
vn -0.6048 0.6908 0.3963
vn -0.8826 -0.4553 -0.1170
vn 0.2995 -0.8482 -0.4368
vn -0.8210 0.4110 0.3964
vn -0.7186 0.5554 0.4184
vn -0.5639 -0.8158 -0.1285
vn -0.7212 -0.6918 -0.0361
vn -0.5984 0.6779 0.4270
vn -0.8459 -0.5298 0.0605
vn 0.3059 -0.8611 -0.4061
vn -0.9275 -0.3407 0.1540
vn 0.1452 -0.9146 -0.3774
vn -0.9613 -0.1395 0.2376
vn -0.0262 -0.9416 -0.3358
vn -0.9499 0.0593 0.3067
vn -0.2057 -0.9376 -0.2805
vn -0.9004 0.2448 0.3596
vn -0.3879 -0.8972 -0.2111
vn 0.1686 -0.9330 -0.3180
vn 0.0085 -0.9687 -0.2481
vn -0.8989 -0.1884 0.3956
vn -0.8952 0.0164 0.4453
vn -0.1604 -0.9730 -0.1659
vn -0.8552 0.2094 0.4742
vn -0.3332 -0.9401 -0.0725
vn -0.7863 0.3838 0.4841
vn -0.5015 -0.8646 0.0295
vn -0.6952 0.5371 0.4778
vn -0.6537 -0.7446 0.1347
vn -0.5865 0.6685 0.4573
vn -0.7767 -0.5840 0.2357
vn 0.3178 -0.8705 -0.3758
vn -0.8600 -0.3936 0.3247
vn -0.4123 -0.8933 0.1793
vn -0.5572 -0.7756 0.2966
vn -0.6616 0.5263 0.5341
vn -0.5694 0.6630 0.4861
vn -0.6777 -0.6158 0.4019
vn 0.3350 -0.8760 -0.3471
vn -0.7635 -0.4245 0.4866
vn 0.2022 -0.9437 -0.2617
vn -0.8096 -0.2170 0.5454
vn 0.0580 -0.9846 -0.1649
vn -0.8169 -0.0087 0.5767
vn -0.0957 -0.9938 -0.0573
vn -0.7904 0.1886 0.5828
vn -0.2549 -0.9652 0.0589
vn -0.7367 0.3679 0.5673
vn -0.6969 -0.2243 0.6812
vn -0.7180 -0.0151 0.6959
vn 0.1207 -0.9887 -0.0894
vn -0.0139 -0.9991 0.0412
vn -0.7087 0.1833 0.6813
vn -0.1560 -0.9716 0.1781
vn -0.6741 0.3639 0.6428
vn -0.2995 -0.9006 0.3151
vn -0.6192 0.5236 0.5852
vn -0.4353 -0.7835 0.4435
vn -0.5477 0.6616 0.5121
vn -0.5526 -0.6239 0.5526
vn 0.3566 -0.8774 -0.3210
vn -0.6416 -0.4324 0.6335
vn 0.2446 -0.9465 -0.2106
vn -0.5696 0.5290 0.6291
vn -0.5224 0.6643 0.5345
vn -0.2928 -0.7680 0.5696
vn -0.4063 -0.6080 0.6821
vn 0.3819 -0.8746 -0.2986
vn -0.4990 -0.4169 0.7597
vn 0.2942 -0.9411 -0.1667
vn -0.5650 -0.2100 0.7980
vn 0.1939 -0.9807 -0.0246
vn -0.6023 -0.0025 0.7983
vn 0.0818 -0.9887 0.1259
vn -0.6130 0.1937 0.7660
vn -0.0403 -0.9590 0.2805
vn -0.6008 0.3718 0.7076
vn -0.1676 -0.8862 0.4319
vn -0.4742 0.0285 0.8799
vn -0.5071 0.2193 0.8335
vn 0.1876 -0.9630 0.1934
vn 0.0878 -0.9280 0.3621
vn -0.5197 0.3915 0.7594
vn -0.0216 -0.8509 0.5250
vn -0.5147 0.5423 0.6641
vn -0.1350 -0.7298 0.6703
vn -0.4944 0.6711 0.5524
vn -0.2443 -0.5688 0.7854
vn 0.4099 -0.8678 -0.2808
vn -0.3413 -0.3787 0.8603
vn 0.3491 -0.9278 -0.1317
vn -0.4190 -0.1746 0.8911
vn 0.2750 -0.9611 0.0271
vn 0.4395 -0.8573 -0.2681
vn -0.4648 0.6817 0.5650
vn -0.0730 -0.5077 0.8585
vn -0.1743 -0.3191 0.9315
vn 0.4072 -0.9071 -0.1070
vn -0.2645 -0.1195 0.9569
vn 0.3608 -0.9305 0.0637
vn -0.3388 0.0768 0.9377
vn 0.2996 -0.9231 0.2412
vn -0.3951 0.2593 0.8813
vn 0.2233 -0.8797 0.4199
vn -0.4339 0.4221 0.7960
vn 0.1329 -0.7958 0.5908
vn -0.4567 0.5630 0.6889
vn 0.0320 -0.6702 0.7415
vn 0.4135 -0.8704 0.2674
vn 0.3610 -0.8159 0.4516
vn -0.2813 0.3120 0.9075
vn -0.3468 0.4624 0.8160
vn 0.2898 -0.7231 0.6270
vn -0.3976 0.5903 0.7025
vn 0.2017 -0.5917 0.7806
vn -0.4347 0.6956 0.5720
vn 0.1011 -0.4270 0.8986
vn 0.4696 -0.8433 -0.2612
vn -0.0046 -0.2406 0.9706
vn 0.4662 -0.8798 -0.0934
vn -0.1075 -0.0468 0.9931
vn 0.4480 -0.8901 0.0838
vn -0.2011 0.1406 0.9694
vn 0.2714 -0.3300 0.9041
vn 0.1613 -0.1460 0.9760
vn 0.4991 -0.8266 -0.2602
vn 0.5239 -0.8469 -0.0915
vn 0.0459 0.0406 0.9981
vn 0.5333 -0.8415 0.0866
vn -0.0664 0.2173 0.9738
vn 0.5248 -0.8069 0.2710
vn -0.1700 0.3754 0.9111
vn 0.4956 -0.7392 0.4560
vn -0.2615 0.5110 0.8188
vn 0.4433 -0.6356 0.6320
vn -0.3399 0.6232 0.7043
vn 0.3676 -0.4971 0.7860
vn -0.4052 0.7124 0.5729
vn -0.0655 0.4471 0.8921
vn -0.1815 0.5660 0.8042
vn 0.6220 -0.6524 0.4330
vn 0.5874 -0.5367 0.6057
vn -0.2858 0.6604 0.6945
vn 0.5233 -0.3902 0.7576
vn -0.3776 0.7314 0.5679
vn 0.4312 -0.2203 0.8750
vn 0.5267 -0.8076 -0.2653
vn 0.3170 -0.0391 0.9476
vn 0.5780 -0.8097 -0.1014
vn 0.1900 0.1395 0.9718
vn 0.6133 -0.7866 0.0720
vn 0.0599 0.3040 0.9508
vn 0.6293 -0.7352 0.2520
vn 0.5515 -0.7871 -0.2761
vn 0.6266 -0.7696 -0.1227
vn 0.4566 0.0760 0.8864
vn 0.3192 0.2461 0.9152
vn 0.6850 -0.7274 0.0406
vn 0.1732 0.3975 0.9011
vn 0.7229 -0.6579 0.2109
vn 0.0282 0.5244 0.8510
vn 0.7352 -0.5590 0.3833
vn -0.1098 0.6251 0.7728
vn 0.7165 -0.4302 0.5491
vn -0.2372 0.7004 0.6732
vn 0.6629 -0.2751 0.6964
vn -0.3528 0.7518 0.5570
vn 0.5744 -0.1021 0.8122
vn 0.8311 -0.4624 0.3090
vn 0.8258 -0.3201 0.4644
vn -0.0491 0.6863 0.7257
vn -0.1961 0.7418 0.6413
vn 0.7810 -0.1561 0.6048
vn -0.3319 0.7729 0.5408
vn 0.6956 0.0200 0.7181
vn 0.5724 -0.7660 -0.2924
vn 0.5747 0.1950 0.7948
vn 0.6677 -0.7283 -0.1545
vn 0.4284 0.3561 0.8305
vn 0.7457 -0.6663 -0.0065
vn 0.2690 0.4940 0.8268
vn 0.8021 -0.5781 0.1495
vn 0.1074 0.6042 0.7895
vn 0.6667 0.3132 0.6763
vn 0.5135 0.4655 0.7208
vn 0.6997 -0.6871 -0.1957
vn 0.7930 -0.6055 -0.0674
vn 0.3437 0.5900 0.7306
vn 0.8639 -0.4988 0.0700
vn 0.1691 0.6835 0.7100
vn 0.9058 -0.3665 0.2128
vn -0.0018 0.7470 0.6648
vn 0.9109 -0.2107 0.3547
vn -0.1641 0.7829 0.6001
vn 0.8730 -0.0379 0.4863
vn -0.3155 0.7939 0.5197
vn 0.7901 0.1413 0.5965
vn 0.5888 -0.7451 -0.3134
vn 0.0303 0.8050 0.5924
vn -0.1424 0.8222 0.5511
vn 0.9687 -0.1063 0.2244
vn 0.9354 0.0751 0.3454
vn -0.3045 0.8140 0.4947
vn 0.8541 0.2572 0.4520
vn 0.5999 -0.7250 -0.3384
vn 0.7291 0.4262 0.5355
vn 0.7214 -0.6478 -0.2447
vn 0.5713 0.5700 0.5905
vn 0.8251 -0.5475 -0.1398
vn 0.3944 0.6816 0.6163
vn 0.9058 -0.4230 -0.0245
vn 0.2110 0.7593 0.6155
vn 0.9564 -0.2749 0.0985
vn 0.5995 0.6656 0.4446
vn 0.4191 0.7654 0.4883
vn 0.8407 -0.4944 -0.2209
vn 0.9262 -0.3537 -0.1304
vn 0.2315 0.8286 0.5097
vn 0.9811 -0.1910 -0.0295
vn 0.0459 0.8581 0.5114
vn 0.9969 -0.0107 0.0785
vn -0.1318 0.8581 0.4962
vn 0.9659 0.1784 0.1877
vn -0.2990 0.8323 0.4667
vn 0.8854 0.3632 0.2901
vn 0.6053 -0.7067 -0.3664
vn 0.7596 0.5295 0.3777
vn 0.7320 -0.6119 -0.2996
vn -0.1328 0.8893 0.4376
vn -0.2995 0.8482 0.4368
vn 0.9632 0.2681 0.0190
vn 0.8826 0.4553 0.1170
vn 0.6048 -0.6908 -0.3963
vn 0.7569 0.6192 0.2091
vn 0.7310 -0.5807 -0.3582
vn 0.5970 0.7485 0.2886
vn 0.8393 -0.4483 -0.3075
vn 0.4169 0.8382 0.3515
vn 0.9244 -0.2935 -0.2435
vn 0.2297 0.8888 0.3966
vn 0.9790 -0.1182 -0.1663
vn 0.0446 0.9042 0.4247
vn 0.9944 0.0723 -0.0775
vn 0.8210 -0.4110 -0.3964
vn 0.9004 -0.2448 -0.3596
vn 0.3879 0.8972 0.2111
vn 0.2057 0.9376 0.2805
vn 0.9499 -0.0593 -0.3067
vn 0.0262 0.9416 0.3358
vn 0.9613 0.1395 -0.2376
vn -0.1452 0.9146 0.3774
vn 0.9275 0.3407 -0.1540
vn -0.3059 0.8611 0.4061
vn 0.8459 0.5298 -0.0605
vn 0.5984 -0.6779 -0.4270
vn 0.7212 0.6918 0.0361
vn 0.7186 -0.5554 -0.4184
vn 0.5639 0.8158 0.1285
vn 0.8600 0.3936 -0.3247
vn 0.7767 0.5840 -0.2357
vn 0.5865 -0.6685 -0.4573
vn -0.3178 0.8705 0.3758
vn 0.6537 0.7446 -0.1347
vn 0.6952 -0.5371 -0.4778
vn 0.5015 0.8646 -0.0295
vn 0.7863 -0.3838 -0.4841
vn 0.3332 0.9401 0.0725
vn 0.8552 -0.2094 -0.4742
vn 0.1604 0.9730 0.1659
vn 0.8952 -0.0164 -0.4453
vn -0.0085 0.9687 0.2481
vn 0.8989 0.1884 -0.3956
vn -0.1686 0.9330 0.3180
vn 0.2549 0.9652 -0.0589
vn 0.0957 0.9938 0.0573
vn 0.7904 -0.1886 -0.5828
vn 0.8169 0.0087 -0.5767
vn -0.0580 0.9846 0.1649
vn 0.8096 0.2170 -0.5454
vn -0.2022 0.9437 0.2617
vn 0.7635 0.4245 -0.4866
vn -0.3350 0.8760 0.3471
vn 0.6777 0.6158 -0.4019
vn 0.5694 -0.6630 -0.4861
vn 0.5572 0.7756 -0.2966
vn 0.6616 -0.5263 -0.5341
vn 0.4123 0.8933 -0.1793
vn 0.7367 -0.3679 -0.5673
vn -0.6539 -0.6142 0.4417
vn -0.6507 -0.6198 0.4386
vn -0.5560 -0.6181 0.5557
vn -0.3086 -0.9397 0.1477
vn -0.2225 -0.9445 0.2418
vn -0.1314 -0.9346 0.3306
vn -0.4419 -0.6139 0.6541
vn -0.4454 -0.6082 0.6570
vn -0.3457 0.7749 0.5291
vn -0.4790 0.7579 0.4429
vn -0.3657 0.7521 0.5482
vn -0.5613 0.7687 0.3065
vn -0.5804 0.7460 0.3266
vn -0.6253 0.6839 0.3758
vn -0.5266 0.6941 0.4908
vn -0.4147 0.6900 0.5933
vn -0.5768 -0.5805 0.5748
vn -0.6737 -0.5774 0.4612
vn -0.4665 -0.5715 0.6751
vn -0.5113 -0.4817 0.7117
vn -0.6198 -0.4887 0.6140
vn -0.7141 -0.4876 0.5023
vn -0.6976 -0.0165 -0.7163
vn -0.7088 -0.0292 -0.7048
vn -0.7218 -0.0073 -0.6920
vn -0.7100 0.0052 -0.7042
vn -0.7368 -0.0622 -0.6733
vn -0.7515 -0.0389 -0.6586
vn -0.7837 0.0138 -0.6210
vn -0.7506 0.0440 -0.6593
vn -0.7373 0.0567 -0.6732
vn -0.6956 -0.0199 -0.7181
vn -0.7067 -0.0327 -0.7067
vn -0.3538 -0.2899 -0.8893
vn -0.4305 -0.3761 -0.8205
vn -0.4530 -0.4106 -0.7913
vn -0.7345 -0.0659 -0.6754
vn 0.7874 -0.3750 0.4893
vn 0.7251 -0.4465 0.5242
vn 0.7101 -0.6957 0.1084
vn 0.7574 -0.6438 0.1093
vn 0.6158 -0.5545 0.5597
vn 0.6330 -0.7687 0.0915
vn 0.4962 -0.1982 0.8453
vn 0.6110 -0.0989 0.7854
vn 0.6707 -0.0397 0.7407
vn 0.5948 0.0533 0.8021
vn 0.5302 0.1304 0.8378
vn 0.4616 0.0705 0.8843
vn 0.5211 -0.0052 0.8535
vn 0.4362 0.2385 0.8676
vn 0.3875 0.1690 0.9063
vn 0.3282 0.0740 0.9417
vn 0.3670 -0.0216 0.9300
vn 0.4053 -0.1019 0.9085
vn 0.2863 0.3846 0.8775
vn 0.2406 0.3147 0.9182
vn 0.0484 0.5442 0.8376
vn -0.0260 0.4641 0.8854
vn -0.1425 0.3362 0.9309
vn 0.1682 0.2245 0.9598
vn -0.4951 0.5616 0.6629
vn -0.3080 0.5430 0.7812
vn -0.2216 0.6530 0.7242
vn -0.5810 0.3568 0.7315
vn -0.4164 0.3603 0.8347
vn -0.6280 0.1078 0.7707
vn -0.4842 0.1086 0.8682
vn -0.6167 -0.1358 0.7754
vn -0.4574 -0.1412 0.8780
vn -0.1859 -0.1356 0.9732
vn -0.2346 0.1029 0.9666
vn -0.3199 -0.4517 0.8328
vn -0.3850 -0.3251 0.8638
vn -0.5676 -0.3375 0.7509
vn -0.0401 -0.3673 0.9292
vn -0.0987 -0.2711 0.9575
vn 0.2250 -0.2341 0.9458
vn 0.1913 -0.1529 0.9696
vn 0.1405 -0.0576 0.9884
vn 0.0676 0.0876 0.9939
vn -0.8358 -0.0441 -0.5473
vn -0.8705 0.0323 -0.4910
vn -0.8235 0.0915 -0.5598
vn -0.8918 -0.1391 -0.4306
vn -0.9167 -0.0584 -0.3953
vn -0.9323 0.0379 -0.3597
vn -0.8976 0.1321 -0.4205
vn -0.8594 0.2013 -0.4700
vn -0.9312 -0.2673 -0.2478
vn -0.9583 -0.1859 -0.2172
vn -0.9195 -0.3925 0.0214
vn -0.9523 -0.2956 0.0762
vn -0.9745 -0.1582 0.1590
vn -0.9814 -0.0898 -0.1698
vn -0.7592 -0.3430 0.5532
vn -0.8664 -0.3390 0.3668
vn -0.8299 -0.4663 0.3064
vn -0.7908 -0.1408 0.5956
vn -0.8880 -0.1536 0.4334
vn -0.7933 0.1031 0.6000
vn -0.8860 0.0970 0.4534
vn -0.7595 0.3517 0.5473
vn -0.8574 0.3477 0.3794
vn -0.9440 0.3132 0.1034
vn -0.9762 0.0816 0.2010
vn -0.7488 0.6379 0.1799
vn -0.8055 0.5288 0.2676
vn -0.6939 0.5559 0.4577
vn -0.8504 0.5184 -0.0903
vn -0.8983 0.4390 -0.0152
vn -0.8782 0.3512 -0.3247
vn -0.9183 0.2814 -0.2783
vn -0.9598 0.1921 -0.2047
vn -0.9932 0.0572 -0.1013
vn -0.2498 -0.5705 0.7824
vn -0.2532 -0.5654 0.7850
vn 0.0243 -0.8942 0.4470
vn 0.2461 -0.8034 0.5422
vn 0.0190 -0.4674 0.8838
vn 0.0162 -0.4631 0.8861
vn 0.2704 -0.3307 0.9042
vn 0.2681 -0.3264 0.9064
vn 0.4565 -0.6802 0.5735
vn 0.4585 -0.1995 0.8660
vn 0.4561 -0.1951 0.8683
vn 0.5839 -0.0935 0.8064
vn 0.5813 -0.0893 0.8087
vn 0.6530 -0.0261 0.7569
vn 0.6506 -0.0224 0.7591
vn -0.7739 -0.5855 0.2413
vn -0.4210 -0.9070 -0.0128
vn -0.7767 -0.5805 0.2444
vn -0.8720 -0.4886 -0.0308
vn -0.8695 -0.4929 -0.0334
vn -0.5115 -0.8251 -0.2399
vn -0.8855 -0.3638 -0.2891
vn -0.5394 -0.7088 -0.4546
vn -0.8879 -0.3596 -0.2871
vn -0.8474 -0.2325 -0.4774
vn -0.8449 -0.2369 -0.4796
vn -0.5240 -0.5873 -0.6169
vn -0.7842 -0.1327 -0.6061
vn -0.4879 -0.4813 -0.7282
vn -0.7868 -0.1286 -0.6037
vn -0.1727 0.7076 0.6852
vn -0.1535 0.7279 0.6683
vn 0.0885 0.5889 0.8034
vn 0.1044 0.6060 0.7886
vn 0.3158 0.4290 0.8463
vn 0.3287 0.4462 0.8324
vn 0.4703 0.2819 0.8363
vn 0.4845 0.2991 0.8221
vn 0.5711 0.1652 0.8041
vn 0.5866 0.1798 0.7896
vn 0.6333 0.0837 0.7694
vn 0.6473 0.0964 0.7561
vn -0.6020 0.5617 0.5675
vn -0.6770 0.3529 0.6459
vn -0.7157 0.1059 0.6903
vn -0.7098 -0.1354 0.6913
vn -0.6706 -0.3404 0.6591
vn -0.2740 -0.5322 0.8010
vn -0.0014 -0.4347 0.9006
vn 0.2540 -0.2985 0.9200
vn 0.4403 -0.1664 0.8823
vn 0.5639 -0.0630 0.8235
vn 0.6348 0.0009 0.7727
vn -0.7944 -0.5472 0.2638
vn -0.8877 -0.4601 -0.0145
vn -0.9027 -0.3317 -0.2742
vn -0.8627 -0.2038 -0.4629
vn -0.8028 -0.1023 -0.5875
vn 0.6821 0.0108 0.7312
vn 0.6683 0.0326 0.7432
vn 0.6936 0.0234 0.7200
vn 0.6805 0.0451 0.7314
vn -0.8282 0.2446 -0.5043
vn -0.7895 0.1261 -0.6007
vn -0.8140 0.2618 -0.5185
vn -0.7750 0.1408 -0.6161
vn -0.8161 0.5629 -0.1306
vn -0.8473 0.3956 -0.3544
vn -0.8013 0.5800 -0.1465
vn -0.8334 0.4128 -0.3674
vn -0.7098 0.6922 0.1307
vn -0.6929 0.7124 0.1114
vn 0.6842 0.0073 0.7293
vn 0.8163 -0.3403 0.4667
vn 0.8851 -0.2544 0.3897
vn 0.6956 0.0200 0.7182
vn 0.8461 0.1969 0.4954
vn 0.7857 0.0983 0.6107
vn 0.1106 0.7007 0.7048
vn 0.0949 0.7777 0.6215
vn 0.7408 0.0395 0.6706
vn 0.1102 0.6459 0.7554
vn 0.4712 0.3939 0.7891
vn 0.5062 0.4663 0.7255
vn 0.5420 0.5745 0.6133
vn 0.5349 -0.8431 0.0553
vn 0.4246 -0.9054 0.0009
vn 0.0559 -0.4728 0.8794
vn 0.3121 -0.3298 0.8910
vn 0.1965 -0.2875 -0.9374
vn 0.9509 -0.2659 -0.1586
vn 0.8929 0.3332 0.3029
vn -0.2831 0.2994 -0.9112
vn 0.3163 -0.9466 -0.0634
vn 0.2380 -0.9641 -0.1182
vn -0.4326 -0.6303 0.6447
vn -0.2320 -0.5852 0.7770
vn 0.1919 -0.9684 -0.1590
vn 0.1525 -0.9665 -0.2064
vn -0.6406 -0.6362 0.4300
vn -0.5429 -0.6400 0.5437
vn 0.7793 -0.6181 0.1037
vn 0.6971 -0.0112 0.7169
vn 0.0998 -0.9528 -0.2869
vn 0.0380 -0.9165 -0.3983
vn -0.8637 -0.4992 -0.0699
vn -0.7675 -0.6006 0.2241
vn -0.0660 -0.7180 -0.6929
vn -0.0496 -0.7883 -0.6133
vn -0.0668 -0.6675 -0.7416
vn -0.7173 -0.0795 -0.6923
vn -0.7622 -0.1383 -0.6324
vn -0.8230 -0.2361 -0.5166
vn -0.0146 -0.8589 -0.5120
vn -0.8709 -0.3637 -0.3304
vn -0.0613 -0.6422 -0.7641
vn -0.6935 -0.0511 -0.7187
vn 0.4388 0.6194 -0.6510
vn 0.5492 0.6296 -0.5495
vn 0.4420 0.6138 -0.6541
vn 0.6473 0.6254 -0.4357
vn 0.6508 0.6198 -0.4386
vn 0.7952 0.1115 -0.5960
vn 0.7123 0.1110 -0.6930
vn 0.6180 0.1064 -0.7789
vn -0.3261 0.7968 0.5087
vn -0.4386 0.8035 0.4025
vn -0.2748 0.8479 0.4534
vn -0.3838 0.8553 0.3480
vn -0.4854 0.8418 0.2360
vn -0.5409 0.7906 0.2870
vn 0.4176 0.6547 -0.6301
vn 0.5268 0.6654 -0.5288
vn 0.3650 0.7308 -0.5769
vn 0.4707 0.7425 -0.4766
vn 0.5678 0.7366 -0.3675
vn 0.6248 0.6606 -0.4162
vn -0.6986 0.0190 -0.7152
vn -0.6862 -0.0037 -0.7274
vn -0.7252 0.0727 -0.6847
vn -0.6938 0.1152 -0.7109
vn -0.6679 0.0555 -0.7422
vn -0.6551 0.0300 -0.7549
vn -0.6842 -0.0072 -0.7292
vn -0.6530 0.0261 -0.7569
vn -0.3766 -0.3242 -0.8678
vn -0.4094 -0.3523 -0.8416
vn 0.8639 -0.2886 0.4128
vn 0.8054 -0.5895 0.0612
vn 0.8223 -0.5690 -0.0038
vn 0.9103 -0.2375 0.3390
vn 0.8323 -0.5437 -0.1078
vn 0.9639 -0.1615 0.2116
vn 0.6846 0.1548 0.7123
vn 0.7277 0.2281 0.6469
vn 0.6711 0.3071 0.6747
vn 0.6282 0.2410 0.7398
vn 0.7829 0.3244 0.5309
vn 0.7257 0.3835 0.5712
vn 0.6519 0.4394 0.6181
vn 0.5878 0.3952 0.7059
vn 0.5352 0.3503 0.7686
vn 0.4374 0.5370 0.7213
vn 0.3822 0.4929 0.7817
vn 0.4969 0.5956 0.6311
vn 0.2813 0.8146 0.5072
vn 0.2107 0.7312 0.6488
vn 0.1551 0.6647 0.7308
vn -0.0942 0.7968 0.5968
vn -0.0172 0.8713 0.4904
vn -0.1751 0.9229 0.3429
vn 0.0993 0.9425 0.3191
vn -0.0254 0.9841 0.1759
vn 0.2669 0.9566 0.1170
vn 0.1520 0.9883 -0.0092
vn 0.4281 0.8511 0.3039
vn 0.6155 0.7692 0.1718
vn 0.4556 0.8895 -0.0350
vn 0.3272 0.9298 -0.1685
vn 0.4704 0.8344 -0.2871
vn 0.6019 0.7890 -0.1231
vn 0.6956 0.6948 -0.1827
vn 0.7333 0.6682 0.1254
vn 0.8052 0.5871 0.0839
vn 0.7720 0.5028 0.3888
vn 0.8267 0.4452 0.3441
vn 0.6981 0.5719 0.4308
vn 0.5729 0.6581 0.4885
vn -0.7256 0.2021 -0.6578
vn -0.6610 0.2688 -0.7006
vn -0.6292 0.1891 -0.7539
vn -0.7604 0.3131 -0.5690
vn -0.6973 0.3583 -0.6208
vn -0.6087 0.4032 -0.6833
vn -0.5580 0.3466 -0.7540
vn -0.5142 0.2872 -0.8082
vn -0.3775 0.4698 -0.7980
vn -0.3295 0.4120 -0.8495
vn -0.4238 0.5397 -0.7274
vn -0.1731 0.7466 -0.6424
vn -0.1202 0.6437 -0.7558
vn -0.0742 0.5618 -0.8239
vn 0.1857 0.6802 -0.7092
vn 0.1205 0.7752 -0.6201
vn 0.2788 0.8289 -0.4849
vn 0.0249 0.8771 -0.4796
vn 0.1531 0.9248 -0.3482
vn -0.1349 0.9451 -0.2978
vn -0.0134 0.9836 -0.1799
vn -0.3135 0.8298 -0.4617
vn -0.5203 0.7916 -0.3204
vn -0.3418 0.9299 -0.1363
vn -0.2039 0.9790 -0.0084
vn -0.3739 0.9172 0.1377
vn -0.5147 0.8570 -0.0232
vn -0.6214 0.7817 0.0525
vn -0.6617 0.7062 -0.2519
vn -0.7436 0.6389 -0.1971
vn -0.7215 0.5037 -0.4751
vn -0.7823 0.4594 -0.4206
vn -0.6311 0.5632 -0.5334
vn -0.4879 0.6277 -0.6066
vn 0.7708 0.5906 -0.2390
vn 0.7740 0.5854 -0.2414
vn 0.8669 0.4972 0.0355
vn 0.8695 0.4928 0.0333
vn 0.9809 0.0262 -0.1926
vn 0.8991 0.0933 -0.4277
vn 0.8830 0.3678 0.2915
vn 0.8855 0.3638 0.2891
vn 0.8423 0.2410 0.4820
vn 0.8449 0.2368 0.4796
vn 0.9970 -0.0700 0.0330
vn 0.7818 0.1370 0.6083
vn 0.7843 0.1327 0.6061
vn 0.7323 0.0698 0.6774
vn 0.7345 0.0659 0.6754
vn 0.4538 0.0805 -0.8875
vn 0.2499 0.5704 -0.7825
vn 0.2234 0.0045 -0.9747
vn -0.0190 0.4673 -0.8839
vn -0.0213 0.4718 -0.8815
vn 0.2472 0.5755 -0.7795
vn 0.0012 -0.0986 -0.9951
vn -0.2704 0.3306 -0.9042
vn -0.1758 -0.1942 -0.9651
vn -0.4585 0.1994 -0.8661
vn -0.4611 0.2036 -0.8637
vn -0.2729 0.3346 -0.9020
vn -0.3028 -0.2723 -0.9133
vn -0.5839 0.0934 -0.8064
vn -0.5863 0.0977 -0.8042
vn -0.1366 0.7483 0.6491
vn 0.1191 0.6234 0.7728
vn 0.3440 0.4608 0.8181
vn 0.4995 0.3148 0.8071
vn 0.5995 0.1972 0.7757
vn 0.6587 0.1124 0.7440
vn -0.2751 0.9309 0.2405
vn -0.1123 0.9903 0.0813
vn 0.0700 0.9930 -0.0955
vn 0.2393 0.9361 -0.2578
vn 0.3762 0.8415 -0.3878
vn 0.7496 0.6234 -0.2226
vn 0.8493 0.5256 0.0500
vn 0.8666 0.3931 0.3074
vn 0.8250 0.2679 0.4976
vn 0.7659 0.1650 0.6214
vn 0.7184 0.0953 0.6891
vn 0.2292 0.6084 -0.7598
vn -0.0371 0.5002 -0.8651
vn -0.2901 0.3599 -0.8868
vn -0.4780 0.2305 -0.8476
vn -0.6007 0.1258 -0.7895
vn 0.6915 0.0588 0.7200
vn 0.7047 0.0362 0.7086
vn -0.7611 0.1582 -0.6290
vn -0.7990 0.2776 -0.5334
vn -0.8191 0.4275 -0.3826
vn -0.7856 0.5974 -0.1612
vn -0.6737 0.7329 0.0946
vn 0.7067 0.0327 0.7068
vn 0.8374 -0.3165 0.4456
vn -0.5217 0.4434 0.7288
vn -0.3941 0.4718 0.7888
vn -0.6079 0.4259 0.6701
vn -0.6149 -0.1253 0.7786
vn -0.4489 -0.0985 0.8881
vn -0.2159 -0.0220 0.9762
vn 0.8233 -0.5175 -0.2331
vn 0.8930 0.3261 0.3101
vn 0.8849 0.4631 0.0504
vn 0.7901 -0.4927 -0.3647
vn 0.7371 -0.4715 -0.4842
vn 0.7878 0.5661 -0.2428
vn 0.6600 0.6032 -0.4479
vn 0.6852 -0.4592 -0.5654
vn 0.6454 -0.4565 -0.6124
vn 0.5621 0.6075 -0.5613
vn 0.4520 0.5972 -0.6626
vn 0.5998 -0.4616 -0.6536
vn 0.7928 -0.6028 0.0901
vn 0.7169 0.0112 0.6971
vn 0.5206 -0.4777 -0.7077
vn 0.2523 0.5508 -0.7956
vn -0.0347 0.4367 -0.8989
vn 0.4035 -0.5038 -0.7638
vn 0.1497 -0.5633 -0.8126
vn 0.0462 -0.5913 -0.8051
vn -0.4731 0.1590 -0.8665
vn -0.5875 0.0589 -0.8070
vn -0.6472 -0.0004 -0.7623
vn -0.0188 -0.6132 -0.7897
vn 0.2739 -0.5332 -0.8004
vn -0.2900 0.2921 -0.9113
vn -0.0477 -0.6269 -0.7777
vn -0.6736 -0.0287 -0.7385
vn -0.2499 -0.5704 0.7824
vn 0.0190 -0.4674 0.8839
vn -0.4420 -0.6138 0.6541
vn -0.0051 -0.9829 0.1840
vn 0.1259 -0.9483 0.2912
vn 0.3230 -0.8715 0.3690
vn 0.4382 0.3465 0.8294
vn 0.4272 0.3346 0.8399
vn 0.3938 0.3065 0.8666
vn 0.7879 -0.5645 0.2460
vn 0.8092 -0.5446 0.2206
vn 0.8167 -0.5375 0.2100
vn -0.8063 0.5768 -0.1315
vn -0.8204 0.5627 -0.1011
vn -0.7997 0.5836 -0.1408
vn -0.8241 0.3103 -0.4738
vn -0.8347 0.2984 -0.4629
vn -0.8616 0.2705 -0.4295
vn -0.2533 0.5034 0.8261
vn -0.1197 0.5353 0.8361
vn 0.0095 0.0809 0.9967
vn 0.1894 0.1765 0.9659
vn -0.2993 0.9538 0.0276
vn -0.4167 0.9081 -0.0418
vn -0.2141 0.9729 0.0872
vn 0.1433 0.9280 -0.3440
vn -0.0146 0.8872 -0.4611
vn -0.2384 0.7951 -0.5576
vn -0.0096 0.5650 0.8251
vn 0.0589 0.5880 0.8067
vn 0.3186 0.2545 0.9131
vn -0.5354 0.8387 -0.0995
vn -0.6395 0.7566 -0.1367
vn -0.4506 0.6697 -0.5903
vn -0.6113 0.5414 -0.5772
vn -0.7573 0.4367 0.4856
vn -0.7009 0.4233 0.5741
vn -0.8139 0.4597 0.3554
vn -0.9816 -0.0440 0.1856
vn -0.8991 -0.1114 0.4234
vn -0.7942 -0.1305 0.5934
vn -0.7201 0.6768 -0.1528
vn -0.7691 0.6207 -0.1524
vn -0.7215 0.4310 -0.5419
vn -0.7842 0.3579 -0.5069
vn -0.8475 0.4863 0.2126
vn -0.8541 0.5143 0.0779
vn -0.9638 0.1434 -0.2247
vn -0.9977 0.0520 -0.0432
vn -0.1640 0.9776 0.1317
vn -0.1211 0.9756 0.1832
vn 0.3226 0.9331 -0.1589
vn 0.2358 0.9379 -0.2544
vn -0.8403 0.5411 -0.0326
vn -0.9090 0.2193 -0.3544
vn 0.1038 0.6188 0.7787
vn 0.0987 0.6094 0.7867
vn 0.4486 0.3587 0.8186
vn -0.0637 0.9605 0.2708
vn 0.0031 0.9201 0.3916
vn 0.5273 0.8171 0.2329
vn 0.4356 0.9001 0.0036
vn -0.6575 0.4204 0.6252
vn -0.7104 -0.1302 0.6917
vn -0.7918 0.5931 -0.1459
vn -0.8134 0.3225 -0.4842
vn 0.0589 0.8558 0.5140
vn 0.5566 0.6986 0.4496
vn 0.0893 0.6025 0.7931
vn 0.4549 -0.8561 -0.2453
vn 0.4015 -0.8789 -0.2574
vn 0.3099 -0.9497 -0.0448
vn 0.4327 -0.9014 -0.0151
vn 0.3520 -0.8964 -0.2693
vn 0.2117 -0.9737 -0.0842
vn 0.3369 -0.9075 -0.2510
vn 0.3873 -0.8952 -0.2207
vn 0.4593 -0.8649 -0.2025
vn 0.6175 -0.6725 -0.4080
vn 0.6243 -0.6942 -0.3581
vn 0.7869 -0.5624 -0.2539
vn 0.7808 -0.5085 -0.3631
vn 0.6230 -0.7154 -0.3163
vn 0.7750 -0.6090 -0.1687
vn 0.6410 -0.7105 -0.2904
vn 0.6504 -0.6822 -0.3340
vn 0.6514 -0.6480 -0.3946
vn -0.5839 0.0935 -0.8064
vn -0.4585 0.1994 -0.8660
vn -0.0201 -0.3893 -0.9209
vn -0.1043 -0.4728 -0.8750
vn -0.1464 -0.5272 -0.8371
vn -0.1685 -0.5657 -0.8072
vn -0.1792 -0.5729 -0.7998
vn -0.2047 -0.5930 -0.7787
vn 0.2703 -0.3306 0.9042
vn 0.4585 -0.1994 0.8660
vn 0.5103 -0.7734 0.3762
vn 0.6485 -0.6801 0.3420
vn 0.7881 -0.0874 -0.6093
vn 0.7165 -0.0921 -0.6915
vn 0.6366 -0.0917 -0.7657
vn 0.7392 -0.6078 0.2900
vn 0.7067 0.0327 0.7067
vn 0.8252 -0.5265 0.2046
vn 0.8462 -0.4987 0.1877
vn 0.8695 0.4929 0.0334
vn 0.9520 -0.1614 -0.2600
vn 0.8808 -0.0961 -0.4637
vn -0.7740 -0.5854 0.2414
vn -0.6508 -0.6198 0.4386
vn -0.8695 -0.4928 -0.0334
vn -0.3340 -0.8904 -0.3094
vn -0.2605 -0.9594 -0.1077
vn -0.1567 -0.9873 0.0275
vn -0.6842 -0.0073 -0.7293
vn -0.1632 -0.5549 -0.8158
vn 0.8449 0.2369 0.4796
vn 0.9302 -0.3620 0.0602
vn 0.9617 -0.2638 -0.0752
vn -0.3019 -0.7074 -0.6391
vn -0.3379 -0.7977 -0.4995
vn 0.8840 -0.4444 0.1453
vn -0.7843 -0.1327 -0.6061
vn -0.2490 -0.6362 -0.7303
vn 0.2499 0.5704 -0.7824
vn -0.0190 0.4674 -0.8839
vn 0.4943 -0.1072 -0.8626
vn 0.2950 -0.1803 -0.9383
vn -0.0799 -0.9913 0.1050
vn -0.2703 0.3306 -0.9042
vn 0.1135 -0.2881 -0.9509
vn 0.5439 -0.6284 -0.5561
vn 0.4981 -0.6521 -0.5715
vn 0.4462 -0.6774 -0.5848
vn 0.3972 -0.7008 -0.5926
vn 0.4591 -0.7813 -0.4230
vn 0.3560 -0.7230 -0.5920
vn 0.3225 -0.7417 -0.5881
vn 0.3001 -0.7547 -0.5833
vn 0.6051 -0.6491 -0.4610
vn 0.5906 -0.6270 -0.5079
vn 0.6135 -0.7457 -0.2598
vn 0.6186 -0.7332 -0.2824
vn 0.5724 -0.6195 -0.5372
vn 0.2888 -0.7618 -0.5799
vn 0.2847 -0.7645 -0.5784
vn 0.6083 -0.7552 -0.2443
vn 0.6099 -0.7525 -0.2484
vn 0.2836 -0.8610 -0.4222
vn 0.2945 -0.8820 -0.3679
vn 0.3054 -0.8977 -0.3175
vn 0.2756 -0.8139 -0.5116
vn 0.2759 -0.8377 -0.4713
vn 0.2809 -0.7764 -0.5642
vn 0.2777 -0.7922 -0.5434
vn 0.5030 -0.8312 -0.2368
vn 0.5426 -0.8062 -0.2359
vn 0.5739 -0.7837 -0.2377
vn 0.5943 -0.7674 -0.2407
vn 0.3219 -0.9023 -0.2867
vn 0.2834 -0.7678 -0.5746
vn 0.6046 -0.7585 -0.2431
vn 0.6090 -0.7549 -0.2433
vn 0.6119 -0.7522 -0.2446
vn 0.2837 -0.7643 -0.5792
vn 0.2850 -0.7616 -0.5820
vn 0.2898 -0.7548 -0.5884
vn 0.3033 -0.7413 -0.5987
vn 0.3306 -0.7194 -0.6109
vn 0.3736 -0.6902 -0.6197
vn 0.4333 -0.6542 -0.6199
vn 0.5037 -0.6212 -0.6003
vn 0.5535 -0.6078 -0.5694
vn 0.5801 -0.6054 -0.5450
vn 0.6036 -0.6064 -0.5177
vn 0.6332 -0.6175 -0.4666
vn 0.6285 -0.7320 -0.2629
vn 0.6182 -0.7454 -0.2494
vn 0.6075 -0.7572 -0.2402
vn 0.6023 -0.7634 -0.2335
vn 0.5888 -0.7768 -0.2232
vn 0.5620 -0.7996 -0.2115
vn 0.5196 -0.8299 -0.2032
vn 0.3103 -0.9099 -0.2753
vn 0.2868 -0.9089 -0.3027
vn 0.2578 -0.8989 -0.3544
vn 0.2412 -0.8711 -0.4278
vn 0.2428 -0.8378 -0.4889
vn 0.2516 -0.8085 -0.5319
vn 0.2635 -0.7862 -0.5590
vn 0.2739 -0.7728 -0.5725
vn 0.2806 -0.7666 -0.5776
vn 0.7562 -0.6454 -0.1075
vn 0.7394 -0.6693 -0.0720
vn 0.5390 -0.8423 -0.0060
vn 0.6186 -0.7856 -0.0123
vn 0.6608 -0.4100 -0.6287
vn 0.6087 -0.4225 -0.6716
vn 0.7024 -0.4198 -0.5749
vn 0.6737 -0.7386 -0.0250
vn 0.7054 -0.7078 -0.0379
vn 0.0987 -0.7001 -0.7072
vn 0.0935 -0.7053 -0.7027
vn 0.1144 -0.6873 -0.7173
vn 0.5193 -0.4616 -0.7192
vn 0.4021 -0.5193 -0.7541
vn 0.1560 -0.9800 -0.1238
vn 0.1180 -0.9764 -0.1810
vn 0.7291 -0.6820 -0.0563
vn 0.7247 -0.6872 -0.0511
vn 0.2947 -0.5765 -0.7621
vn 0.2105 -0.6252 -0.7515
vn 0.0893 -0.7108 -0.6977
vn 0.0803 -0.7258 -0.6832
vn 0.0812 -0.9563 -0.2810
vn 0.0540 -0.9123 -0.4060
vn 0.1497 -0.6628 -0.7336
vn 0.7197 -0.6927 -0.0469
vn 0.0468 -0.8564 -0.5142
vn 0.0540 -0.8018 -0.5951
vn 0.7481 -0.4550 -0.4830
vn 0.0673 -0.7560 -0.6512
vn -0.8437 -0.2342 -0.4831
vn -0.8028 -0.2980 -0.5164
vn 0.4620 -0.1967 0.8648
vn 0.4983 -0.2606 0.8269
vn -0.4620 0.1967 -0.8648
vn -0.4224 0.1314 -0.8968
vn 0.8437 0.2342 0.4831
vn 0.8787 0.1688 0.4465
vn 0.3434 0.9307 -0.1259
vn 0.7810 0.3653 -0.5065
vn 0.6612 0.3731 -0.6508
vn 0.2363 0.9376 -0.2550
vn -0.0277 0.8904 -0.4543
vn 0.3660 0.3203 -0.8738
vn 0.2019 0.2617 -0.9438
vn -0.1744 0.8381 -0.5169
vn 0.0351 0.1845 -0.9822
vn -0.3236 0.7690 -0.5512
vn -0.1280 0.0916 -0.9875
vn -0.4694 0.6859 -0.5560
vn -0.2811 -0.0135 -0.9596
vn -0.6063 0.5920 -0.5310
vn -0.4183 -0.1267 -0.8994
vn -0.7290 0.4908 -0.4772
vn -0.5344 -0.2436 -0.8094
vn -0.8327 0.3862 -0.3967
vn -0.6248 -0.3598 -0.6929
vn -0.9136 0.2823 -0.2926
vn -0.6862 -0.4708 -0.5545
vn -0.9685 0.1830 -0.1688
vn -0.7161 -0.5724 -0.3994
vn -0.9953 0.0922 -0.0301
vn -0.7135 -0.6606 -0.2336
vn -0.9929 0.0134 0.1181
vn -0.6783 -0.7320 -0.0636
vn -0.9615 -0.0505 0.2701
vn -0.6121 -0.7839 0.1042
vn -0.9022 -0.0969 0.4202
vn -0.5172 -0.8143 0.2634
vn -0.8174 -0.1241 0.5625
vn -0.3974 -0.8221 0.4078
vn -0.7103 -0.1310 0.6916
vn -0.2572 -0.8069 0.5318
vn -0.5850 -0.1174 0.8025
vn -0.1021 -0.7693 0.6307
vn -0.4463 -0.0838 0.8910
vn 0.0620 -0.7107 0.7007
vn -0.2995 -0.0315 0.9536
vn 0.2288 -0.6335 0.7391
vn -0.1504 0.0376 0.9879
vn 0.3918 -0.5406 0.7445
vn -0.0046 0.1207 0.9927
vn 0.5449 -0.4355 0.7165
vn 0.1323 0.2146 0.9677
vn 0.6821 -0.3223 0.6564
vn 0.2550 0.3158 0.9139
vn 0.7982 -0.2054 0.5663
vn 0.3588 0.4204 0.8334
vn 0.8886 -0.0892 0.4498
vn 0.4397 0.5243 0.7292
vn 0.9500 0.0219 0.3114
vn 0.4945 0.6236 0.6055
vn 0.9800 0.1234 0.1563
vn 0.5213 0.7144 0.4668
vn 0.9773 0.2116 -0.0094
vn 0.5189 0.7932 0.3186
vn 0.9422 0.2830 -0.1795
vn 0.4875 0.8571 0.1665
vn 0.8759 0.3349 -0.3473
vn 0.4283 0.9035 0.0164
vn 0.5744 0.1696 -0.8008
vn 0.7035 0.1836 -0.6865
vn 0.8139 0.1765 -0.5535
vn 0.9014 0.1484 -0.4068
vn 0.9624 0.1006 -0.2522
vn 0.9948 0.0348 -0.0954
vn 0.9973 -0.0465 0.0573
vn 0.9697 -0.1401 0.2002
vn 0.9131 -0.2424 0.3278
vn 0.8297 -0.3495 0.4352
vn 0.7228 -0.4573 0.5182
vn 0.5963 -0.5616 0.5736
vn 0.4553 -0.6584 0.5993
vn 0.3050 -0.7441 0.5944
vn 0.1513 -0.8152 0.5590
vn 0.0000 -0.8692 0.4945
vn -0.1429 -0.9038 0.4034
vn -0.2721 -0.9178 0.2891
vn -0.3825 -0.9107 0.1560
vn -0.4699 -0.8827 0.0093
vn -0.5310 -0.8348 -0.1453
vn -0.5634 -0.7690 -0.3021
vn -0.5658 -0.6877 -0.4548
vn -0.5382 -0.5942 -0.5977
vn -0.4817 -0.4918 -0.7253
vn -0.3983 -0.3847 -0.8327
vn -0.2913 -0.2770 -0.9156
vn -0.1649 -0.1727 -0.9711
vn -0.0238 -0.0758 -0.9968
vn 0.1265 0.0098 -0.9919
vn 0.2802 0.0810 -0.9565
vn 0.4314 0.1349 -0.8920
vn 0.5211 0.3579 -0.7749
vn 0.1110 0.9240 -0.3659
vn 0.6121 0.7839 -0.1043
vn 0.5172 0.8143 -0.2634
vn 0.6783 0.7320 0.0636
vn 0.7135 0.6606 0.2336
vn 0.7161 0.5724 0.3994
vn 0.6862 0.4708 0.5545
vn 0.6248 0.3598 0.6929
vn 0.5344 0.2436 0.8094
vn 0.4183 0.1267 0.8994
vn 0.2811 0.0135 0.9596
vn 0.1280 -0.0916 0.9875
vn -0.0351 -0.1845 0.9822
vn -0.2019 -0.2617 0.9438
vn -0.3660 -0.3203 0.8738
vn -0.5211 -0.3579 0.7749
vn -0.6612 -0.3731 0.6508
vn -0.7810 -0.3653 0.5065
vn -0.8759 -0.3349 0.3473
vn -0.9422 -0.2830 0.1795
vn -0.9773 -0.2116 0.0094
vn -0.9800 -0.1234 -0.1563
vn -0.9500 -0.0219 -0.3114
vn -0.8886 0.0892 -0.4498
vn -0.7982 0.2054 -0.5663
vn -0.6821 0.3223 -0.6564
vn -0.5449 0.4355 -0.7165
vn -0.3918 0.5406 -0.7445
vn -0.2288 0.6335 -0.7391
vn -0.0620 0.7107 -0.7007
vn 0.1021 0.7693 -0.6307
vn 0.2572 0.8069 -0.5318
vn 0.3974 0.8221 -0.4078
vn 0.7900 0.1413 0.5965
vn -0.0730 -0.5076 0.8585
vn -0.2444 -0.5688 0.7854
vn -0.7900 -0.1413 -0.5965
vn -0.6121 -0.7839 0.1043
vn -0.9500 -0.0218 -0.3114
vn 0.8826 0.4553 0.1171
vn -0.8826 -0.4553 -0.1171
vn 0.7680 0.5205 0.3731
vn 0.7374 0.4169 0.5314
vn 0.9365 -0.3485 0.0390
vn 0.9593 -0.2713 -0.0789
vn 0.6121 0.7839 -0.1042
vn 0.6618 0.7363 -0.1407
vn 0.5650 0.7674 -0.3031
vn 0.7294 0.6834 0.0305
vn 0.7653 0.6105 0.2040
vn 0.6748 0.3037 0.6726
vn 0.5825 0.1851 0.7915
vn 0.4641 0.0658 0.8833
vn 0.3241 -0.0497 0.9447
vn 0.1679 -0.1569 0.9732
vn 0.0015 -0.2518 0.9678
vn -0.1687 -0.3305 0.9286
vn -0.3361 -0.3903 0.8572
vn -0.4944 -0.4286 0.7562
vn -0.6374 -0.4441 0.6297
vn -0.7596 -0.4362 0.4824
vn -0.8564 -0.4052 0.3200
vn -0.9240 -0.3522 0.1488
vn -0.9599 -0.2794 -0.0248
vn -0.9626 -0.1894 -0.1939
vn -0.9320 -0.0858 -0.3521
vn -0.8694 0.0275 -0.4934
vn -0.7771 0.1461 -0.6122
vn -0.6587 0.2654 -0.7041
vn -0.5187 0.3809 -0.7654
vn -0.3625 0.4881 -0.7940
vn -0.1961 0.5829 -0.7885
vn -0.0259 0.6617 -0.7493
vn 0.1415 0.7214 -0.6779
vn 0.2998 0.7598 -0.5770
vn 0.4428 0.7753 -0.4504
vn 0.6105 -0.0931 -0.7865
vn 0.7170 -0.0816 -0.6923
vn 0.8081 -0.0875 -0.5825
vn 0.8802 -0.1106 -0.4616
vn 0.9305 -0.1500 -0.3341
vn 0.9572 -0.2043 -0.2048
vn 0.8899 -0.4329 0.1442
vn 0.8211 -0.5212 0.2327
vn 0.7329 -0.6100 0.3011
vn 0.6286 -0.6961 0.3469
vn 0.5123 -0.7759 0.3681
vn 0.3884 -0.8465 0.3640
vn 0.2616 -0.9052 0.3348
vn 0.1369 -0.9497 0.2816
vn 0.0191 -0.9783 0.2065
vn -0.0875 -0.9898 0.1122
vn -0.1785 -0.9839 0.0025
vn -0.2506 -0.9608 -0.1184
vn -0.3010 -0.9214 -0.2460
vn -0.3277 -0.8671 -0.3752
vn -0.3297 -0.8001 -0.5012
vn -0.3069 -0.7229 -0.6190
vn -0.2603 -0.6386 -0.7242
vn -0.1915 -0.5502 -0.8127
vn -0.1033 -0.4614 -0.8812
vn 0.0009 -0.3753 -0.9269
vn 0.1173 -0.2955 -0.9481
vn 0.2412 -0.2249 -0.9441
vn 0.3679 -0.1662 -0.9149
vn 0.4926 -0.1217 -0.8617
vn 0.7170 -0.0816 -0.6922
vn 0.8898 -0.4329 0.1442
vn 0.9305 -0.1500 -0.3340
vn 0.1891 0.2886 -0.9386
vn 0.3546 0.3476 -0.8680
vn 0.5169 0.8146 -0.2632
vn 0.3971 0.8223 -0.4075
vn 0.4533 0.7634 -0.4603
vn 0.5760 0.7554 -0.3124
vn -0.7341 -0.6416 -0.2223
vn -0.7368 -0.5527 -0.3895
vn 0.3807 -0.5206 0.7642
vn 0.2163 -0.6144 0.7588
vn 0.8690 0.3624 -0.3370
vn 0.9358 0.3100 -0.1677
vn -0.5534 -0.2211 -0.8030
vn -0.4364 -0.1031 -0.8938
vn -0.2739 -0.7892 0.5497
vn -0.4153 -0.8045 0.4246
vn 0.9437 0.0467 0.3274
vn 0.8818 -0.0653 0.4670
vn 0.5111 0.3855 -0.7682
vn -0.7066 -0.4503 -0.5459
vn 0.0480 -0.6922 0.7201
vn 0.9713 0.2380 0.0038
vn -0.2980 0.0110 -0.9545
vn -0.5361 -0.7967 0.2790
vn 0.7906 -0.1825 0.5845
vn 0.0209 0.2107 -0.9773
vn -0.6986 -0.7137 -0.0508
vn 0.5351 -0.4146 0.7360
vn 0.7733 0.3931 -0.4975
vn -0.6446 -0.3383 -0.6856
vn -0.1175 -0.7513 0.6495
vn 0.9739 0.1491 0.1710
vn -0.1436 0.1170 -0.9827
vn -0.6318 -0.7660 0.1185
vn 0.6735 -0.3005 0.6753
vn -0.3355 0.8930 0.3001
vn -0.3656 0.8897 0.2735
vn -0.3989 0.8816 0.2522
vn -0.4342 0.8690 0.2372
vn -0.4701 0.8524 0.2289
vn -0.5051 0.8325 0.2277
vn -0.5380 0.8099 0.2338
vn -0.5675 0.7856 0.2467
vn -0.5924 0.7604 0.2660
vn -0.6119 0.7354 0.2911
vn -0.6251 0.7116 0.3208
vn -0.6315 0.6897 0.3542
vn -0.6309 0.6708 0.3898
vn -0.6234 0.6554 0.4263
vn -0.6091 0.6443 0.4624
vn -0.5888 0.6378 0.4966
vn -0.5630 0.6361 0.5277
vn -0.5329 0.6394 0.5543
vn -0.4995 0.6474 0.5756
vn -0.4643 0.6600 0.5906
vn -0.4284 0.6766 0.5989
vn -0.3934 0.6966 0.6000
vn -0.3605 0.7192 0.5940
vn -0.3310 0.7435 0.5811
vn -0.3060 0.7686 0.5617
vn -0.2866 0.7936 0.5367
vn -0.2734 0.8175 0.5070
vn -0.2670 0.8393 0.4736
vn -0.2675 0.8582 0.4380
vn -0.2751 0.8736 0.4014
vn -0.2893 0.8848 0.3654
vn -0.3097 0.8913 0.3312
vn 0.6524 0.4009 -0.6431
vn -0.9501 -0.0215 -0.3111
vn -0.9801 -0.1230 -0.1561
vn -0.9575 -0.2051 -0.2027
vn -0.9269 -0.1011 -0.3616
vn -0.2021 -0.2613 0.9439
vn -0.0353 -0.1841 0.9823
vn 0.0103 -0.2677 0.9635
vn -0.1605 -0.3468 0.9241
vn 0.7368 0.5527 0.3895
vn 0.7341 0.6416 0.2223
vn 0.9774 0.2112 -0.0096
vn 0.9801 0.1230 0.1561
vn -0.5451 0.4358 -0.7162
vn -0.6823 0.3227 -0.6561
vn -0.6524 0.2515 -0.7149
vn -0.5119 0.3674 -0.7765
vn 0.7066 0.4503 0.5459
vn 0.9501 0.0215 0.3112
vn -0.3920 0.5409 -0.7442
vn -0.3551 0.4750 -0.8051
vn 0.5534 0.2211 0.8030
vn 0.6447 0.3383 0.6855
vn 0.8887 -0.0895 0.4496
vn 0.7983 -0.2057 0.5660
vn -0.6614 -0.3726 0.6510
vn -0.5212 -0.3574 0.7750
vn -0.4875 -0.4452 0.7511
vn -0.6311 -0.4608 0.6240
vn -0.3807 0.5206 -0.7642
vn -0.5351 0.4146 -0.7360
vn -0.2808 -0.0139 -0.9597
vn -0.1277 0.0912 -0.9876
vn 0.6986 0.7137 0.0508
vn 0.9423 0.2826 -0.1797
vn -0.3546 -0.3477 0.8680
vn -0.1891 -0.2886 0.9386
vn 0.0622 -0.7110 0.7004
vn -0.1019 -0.7695 0.6304
vn -0.8818 0.0653 -0.4670
vn -0.9437 -0.0467 -0.3274
vn -0.6859 -0.4712 -0.5546
vn -0.6245 -0.3602 -0.6930
vn -0.0622 0.7110 -0.7004
vn -0.2290 0.6338 -0.7388
vn -0.1881 0.5702 -0.7997
vn -0.0172 0.6493 -0.7603
vn 0.4153 0.8045 -0.4246
vn 0.2739 0.7892 -0.5497
vn 0.5212 0.3574 -0.7750
vn 0.6614 0.3726 -0.6510
vn 0.2980 -0.0110 0.9545
vn 0.4364 0.1031 0.8938
vn 0.6823 -0.3227 0.6561
vn 0.5451 -0.4358 0.7162
vn -0.9713 -0.2380 -0.0038
vn -0.9358 -0.3101 0.1677
vn -0.6780 -0.7323 -0.0638
vn -0.7132 -0.6609 -0.2338
vn -0.8690 -0.3624 0.3370
vn -0.6118 -0.7842 0.1040
vn -0.7733 -0.3931 0.4975
vn -0.5169 -0.8146 0.2632
vn -0.3661 -0.3198 0.8739
vn -0.3286 -0.4067 0.8524
vn -0.7906 0.1825 -0.5845
vn -0.5340 -0.2440 -0.8095
vn 0.2570 0.8071 -0.5315
vn 0.1019 0.7696 -0.6304
vn 0.1508 0.7093 -0.6886
vn 0.3097 0.7478 -0.5873
vn 0.4180 0.1270 0.8995
vn 0.5341 0.2440 0.8095
vn 0.5936 0.1709 0.7864
vn 0.4747 0.0511 0.8787
vn -0.2163 0.6143 -0.7588
vn 0.0353 0.1841 -0.9823
vn -0.6524 -0.4009 0.6431
vn -0.3971 -0.8223 0.4075
vn -0.6735 0.3005 -0.6753
vn -0.4180 -0.1270 -0.8995
vn 0.6318 0.7660 -0.1185
vn 0.8760 0.3345 -0.3475
vn -0.0209 -0.2107 0.9773
vn 0.2290 -0.6338 0.7388
vn -0.9739 -0.1491 -0.1710
vn -0.7158 -0.5727 -0.3996
vn 0.1175 0.7513 -0.6495
vn -0.0480 0.6922 -0.7201
vn 0.2021 0.2613 -0.9439
vn 0.3661 0.3198 -0.8739
vn 0.5744 -0.1022 0.8121
vn 0.6956 0.0199 0.7181
vn 0.5361 0.7967 -0.2790
vn -0.5111 -0.3856 0.7682
vn 0.1436 -0.1170 0.9827
vn -0.5744 0.1021 -0.8121
vn 0.1011 -0.4271 0.8986
vn 0.2444 0.5687 -0.7854
vn -0.9774 -0.2112 0.0096
vn -0.9548 -0.2954 -0.0329
vn 0.3920 -0.5409 0.7441
vn 0.6780 0.7323 0.0638
vn 0.6117 0.7842 -0.1040
vn 0.6732 0.7242 -0.1494
vn 0.7410 0.6711 0.0225
vn -0.7983 0.2057 -0.5660
vn -0.7713 0.1317 -0.6227
vn -0.2570 -0.8071 0.5315
vn 0.6245 0.3602 0.6930
vn 0.6859 0.4712 0.5546
vn 0.7491 0.4036 0.5253
vn 0.6862 0.2899 0.6671
vn -0.8760 -0.3345 0.3475
vn -0.7812 -0.3649 0.5066
vn -0.7538 -0.4529 0.4762
vn -0.8509 -0.4217 0.3132
vn 0.2808 0.0139 0.9597
vn 0.3341 -0.0649 0.9403
vn -0.8888 0.0895 -0.4496
vn -0.8640 0.0126 -0.5034
vn 0.7158 0.5727 0.3996
vn 0.7132 0.6609 0.2338
vn 0.7770 0.5979 0.1967
vn 0.7798 0.5076 0.3665
vn -0.9423 -0.2826 0.1797
vn -0.9188 -0.3685 0.1412
vn 0.7812 0.3649 -0.5066
vn 0.1277 -0.0912 0.9876
vn 0.1773 -0.1725 0.9689
vn 0.5744 -0.1021 0.8121
vn 0.2443 0.5688 -0.7854
vn 0.0730 0.5076 -0.8585
vn -0.0283 0.9804 -0.1948
vn 0.0767 0.9918 -0.1019
vn -0.1445 0.9523 -0.2689
vn -0.2674 0.9084 -0.3213
vn -0.3923 0.8506 -0.3501
vn -0.5145 0.7810 -0.3541
vn -0.6291 0.7023 -0.3332
vn -0.7319 0.6175 -0.2881
vn -0.8189 0.5299 -0.2207
vn -0.8866 0.4428 -0.1334
vn -0.9326 0.3597 -0.0297
vn -0.9550 0.2836 0.0865
vn -0.9531 0.2175 0.2106
vn -0.9267 0.1640 0.3380
vn -0.8771 0.1252 0.4637
vn -0.8060 0.1024 0.5830
vn -0.7163 0.0966 0.6911
vn -0.6113 0.1079 0.7840
vn -0.4951 0.1361 0.8581
vn -0.3722 0.1800 0.9106
vn -0.2472 0.2378 0.9393
vn -0.1251 0.3074 0.9433
vn -0.0104 0.3861 0.9224
vn 0.0924 0.4709 0.8773
vn 0.1793 0.5585 0.8099
vn 0.2471 0.6456 0.7226
vn 0.2931 0.7287 0.6189
vn 0.3155 0.8048 0.5028
vn 0.3135 0.8708 0.3786
vn 0.2872 0.9244 0.2512
vn 0.2375 0.9632 0.1255
vn 0.1665 0.9860 0.0063
usemtl Material.001
s 1
f 487/1/1 17/2/2 27/3/3 28/4/4
f 11/5/5 336/6/6 21/7/7
f 492/8/8 491/9/9 35/10/10
f 488/11/11 487/1/1 28/4/4 29/12/12
f 12/13/13 11/5/5 21/7/7 22/14/14
f 489/15/15 488/11/11 29/12/12 30/16/16
f 13/17/17 12/13/13 22/14/14 23/18/18
f 18/19/19 489/15/15 30/16/16 31/20/20
f 14/21/21 13/17/17 23/18/18 24/22/22
f 19/23/23 18/19/19 31/20/20 32/24/24
f 15/25/25 14/21/21 24/22/22 25/26/26
f 20/27/27 19/23/23 32/24/24 33/28/28
f 16/29/29 15/25/25 25/26/26 26/30/30
f 490/31/31 20/27/27 33/28/28 34/32/32
f 17/2/2 16/29/29 26/30/30 27/3/3
f 491/9/9 490/31/31 34/32/32 35/10/10
f 27/3/3 26/30/30 41/33/33 42/34/34
f 35/10/10 34/32/32 49/35/35 50/36/36
f 28/4/4 27/3/3 42/34/34 43/37/37
f 21/7/7 336/38/6 36/39/38
f 492/40/8 35/10/10 50/36/36
f 29/12/12 28/4/4 43/37/37 44/41/39
f 22/14/14 21/7/7 36/39/38 37/42/40
f 30/16/16 29/12/12 44/41/39 45/43/41
f 23/18/18 22/14/14 37/42/40 38/44/42
f 31/20/20 30/16/16 45/43/41 46/45/43
f 24/22/22 23/18/18 38/44/42 39/46/44
f 32/24/24 31/20/20 46/45/43 47/47/45
f 25/26/26 24/22/22 39/46/44 40/48/46
f 33/28/28 32/24/24 47/47/45 48/49/47
f 26/30/30 25/26/26 40/48/46 41/33/33
f 34/32/32 33/28/28 48/49/47 49/35/35
f 46/45/43 45/43/41 60/50/48 61/51/49
f 39/46/44 38/44/42 53/52/50 54/53/51
f 47/47/45 46/45/43 61/51/49 62/54/52
f 40/48/46 39/46/44 54/53/51 55/55/53
f 48/49/47 47/47/45 62/54/52 63/56/54
f 41/33/33 40/48/46 55/55/53 56/57/55
f 49/35/35 48/49/47 63/56/54 64/58/56
f 42/34/34 41/33/33 56/57/55 57/59/57
f 50/36/36 49/35/35 64/58/56 65/60/58
f 43/37/37 42/34/34 57/59/57 58/61/59
f 36/39/38 336/62/6 51/63/60
f 492/64/8 50/36/36 65/60/58
f 44/41/39 43/37/37 58/61/59 59/65/61
f 37/42/40 36/39/38 51/63/60 52/66/62
f 45/43/41 44/41/39 59/65/61 60/50/48
f 38/44/42 37/42/40 52/66/62 53/52/50
f 65/60/58 64/58/56 79/67/63 80/68/64
f 58/61/59 57/59/57 72/69/65 73/70/66
f 51/63/60 336/71/6 66/72/67
f 492/73/8 65/60/58 80/68/64
f 59/65/61 58/61/59 73/70/66 74/74/68
f 52/66/62 51/63/60 66/72/67 67/75/69
f 60/50/48 59/65/61 74/74/68 75/76/70
f 53/52/50 52/66/62 67/75/69 68/77/71
f 61/51/49 60/50/48 75/76/70 76/78/72
f 54/53/51 53/52/50 68/77/71 69/79/73
f 62/54/52 61/51/49 76/78/72 77/80/74
f 55/55/53 54/53/51 69/79/73 70/81/75
f 63/56/54 62/54/52 77/80/74 78/82/76
f 56/57/55 55/55/53 70/81/75 71/83/77
f 64/58/56 63/56/54 78/82/76 79/67/63
f 57/59/57 56/57/55 71/83/77 72/69/65
f 69/79/73 68/77/71 83/84/78 84/85/79
f 77/80/74 76/78/72 91/86/80 92/87/81
f 70/81/75 69/79/73 84/85/79 85/88/82
f 78/82/76 77/80/74 92/87/81 93/89/83
f 71/83/77 70/81/75 85/88/82 86/90/84
f 79/67/63 78/82/76 93/89/83 94/91/85
f 72/69/65 71/83/77 86/90/84 87/92/86
f 80/68/64 79/67/63 94/91/85 95/93/87
f 73/70/66 72/69/65 87/92/86 88/94/88
f 66/72/67 336/95/6 81/96/89
f 492/97/8 80/68/64 95/93/87
f 74/74/68 73/70/66 88/94/88 89/98/90
f 67/75/69 66/72/67 81/96/89 82/99/91
f 75/76/70 74/74/68 89/98/90 90/100/92
f 68/77/71 67/75/69 82/99/91 83/84/78
f 76/78/72 75/76/70 90/100/92 91/86/80
f 88/94/88 87/92/86 102/101/93 103/102/94
f 81/96/89 336/103/6 96/104/95
f 492/105/8 95/93/87 110/106/96
f 89/98/90 88/94/88 103/102/94 104/107/97
f 82/99/91 81/96/89 96/104/95 97/108/98
f 90/100/92 89/98/90 104/107/97 105/109/99
f 83/84/78 82/99/91 97/108/98 98/110/100
f 91/86/80 90/100/92 105/109/99 106/111/101
f 84/85/79 83/84/78 98/110/100 99/112/102
f 92/87/81 91/86/80 106/111/101 107/113/103
f 85/88/82 84/85/79 99/112/102 100/114/104
f 93/89/83 92/87/81 107/113/103 108/115/105
f 86/90/84 85/88/82 100/114/104 101/116/106
f 94/91/85 93/89/83 108/115/105 109/117/107
f 87/92/86 86/90/84 101/116/106 102/101/93
f 95/93/87 94/91/85 109/117/107 110/106/96
f 107/113/103 106/111/101 121/118/108 122/119/109
f 100/114/104 99/112/102 114/120/110 115/121/111
f 108/115/105 107/113/103 122/119/109 123/122/112
f 101/116/106 100/114/104 115/121/111 116/123/113
f 109/117/107 108/115/105 123/122/112 124/124/114
f 102/101/93 101/116/106 116/123/113 117/125/115
f 110/106/96 109/117/107 124/124/114 125/126/116
f 103/102/94 102/101/93 117/125/115 118/127/117
f 96/104/95 336/128/6 111/129/118
f 492/130/8 110/106/96 125/126/116
f 104/107/97 103/102/94 118/127/117 119/131/119
f 97/108/98 96/104/95 111/129/118 112/132/120
f 105/109/99 104/107/97 119/131/119 120/133/121
f 98/110/100 97/108/98 112/132/120 113/134/122
f 106/111/101 105/109/99 120/133/121 121/118/108
f 99/112/102 98/110/100 113/134/122 114/120/110
f 492/135/8 125/126/116 140/136/123
f 119/131/119 118/127/117 133/137/124 134/138/125
f 112/132/120 111/129/118 126/139/126 127/140/127
f 120/133/121 119/131/119 134/138/125 135/141/128
f 113/134/122 112/132/120 127/140/127 128/142/129
f 121/118/108 120/133/121 135/141/128 136/143/130
f 114/120/110 113/134/122 128/142/129 129/144/131
f 122/119/109 121/118/108 136/143/130 137/145/132
f 115/121/111 114/120/110 129/144/131 130/146/133
f 123/122/112 122/119/109 137/145/132 138/147/134
f 116/123/113 115/121/111 130/146/133 131/148/135
f 124/124/114 123/122/112 138/147/134 139/149/136
f 117/125/115 116/123/113 131/148/135 132/150/137
f 125/126/116 124/124/114 139/149/136 140/136/123
f 118/127/117 117/125/115 132/150/137 133/137/124
f 111/129/118 336/151/6 126/139/126
f 138/147/134 137/145/132 152/152/138 153/153/139
f 131/148/135 130/146/133 145/154/140 146/155/141
f 139/149/136 138/147/134 153/153/139 154/156/142
f 132/150/137 131/148/135 146/155/141 147/157/143
f 140/136/123 139/149/136 154/156/142 155/158/144
f 133/137/124 132/150/137 147/157/143 148/159/145
f 126/139/126 336/160/6 141/161/146
f 492/162/8 140/136/123 155/158/144
f 134/138/125 133/137/124 148/159/145 149/163/147
f 127/140/127 126/139/126 141/161/146 142/164/148
f 135/141/128 134/138/125 149/163/147 150/165/149
f 128/142/129 127/140/127 142/164/148 143/166/150
f 136/143/130 135/141/128 150/165/149 151/167/151
f 129/144/131 128/142/129 143/166/150 144/168/152
f 137/145/132 136/143/130 151/167/151 152/152/138
f 130/146/133 129/144/131 144/168/152 145/154/140
f 142/164/148 141/161/146 156/169/153 157/170/154
f 150/165/149 149/163/147 164/171/155 165/172/156
f 143/166/150 142/164/148 157/170/154 158/173/157
f 151/167/151 150/165/149 165/172/156 166/174/158
f 144/168/152 143/166/150 158/173/157 159/175/159
f 152/152/138 151/167/151 166/174/158 167/176/160
f 145/154/140 144/168/152 159/175/159 160/177/161
f 153/153/139 152/152/138 167/176/160 168/178/162
f 146/155/141 145/154/140 160/177/161 161/179/163
f 154/156/142 153/153/139 168/178/162 169/180/164
f 147/157/143 146/155/141 161/179/163 162/181/165
f 155/158/144 154/156/142 169/180/164 170/182/166
f 148/159/145 147/157/143 162/181/165 163/183/167
f 141/161/146 336/184/6 156/169/153
f 492/185/8 155/158/144 170/182/166
f 149/163/147 148/159/145 163/183/167 164/171/155
f 161/179/163 160/177/161 175/186/168 176/187/169
f 169/180/164 168/178/162 183/188/170 184/189/171
f 162/181/165 161/179/163 176/187/169 177/190/172
f 170/182/166 169/180/164 184/189/171 185/191/173
f 163/183/167 162/181/165 177/190/172 178/192/174
f 156/169/153 336/193/6 171/194/175
f 492/195/8 170/182/166 185/191/173
f 164/171/155 163/183/167 178/192/174 179/196/176
f 157/170/154 156/169/153 171/194/175 172/197/177
f 165/172/156 164/171/155 179/196/176 180/198/178
f 158/173/157 157/170/154 172/197/177 173/199/179
f 166/174/158 165/172/156 180/198/178 181/200/180
f 159/175/159 158/173/157 173/199/179 174/201/181
f 167/176/160 166/174/158 181/200/180 182/202/182
f 160/177/161 159/175/159 174/201/181 175/186/168
f 168/178/162 167/176/160 182/202/182 183/188/170
f 180/198/178 179/196/176 194/203/183 195/204/184
f 173/199/179 172/197/177 187/205/185 188/206/186
f 181/200/180 180/198/178 195/204/184 196/207/187
f 174/201/181 173/199/179 188/206/186 189/208/188
f 182/202/182 181/200/180 196/207/187 197/209/189
f 175/186/168 174/201/181 189/208/188 190/210/190
f 183/188/170 182/202/182 197/209/189 198/211/191
f 176/187/169 175/186/168 190/210/190 191/212/192
f 184/189/171 183/188/170 198/211/191 199/213/193
f 177/190/172 176/187/169 191/212/192 192/214/194
f 185/191/173 184/189/171 199/213/193 200/215/195
f 178/192/174 177/190/172 192/214/194 193/216/196
f 171/194/175 336/217/6 186/218/197
f 492/219/8 185/191/173 200/215/195
f 179/196/176 178/192/174 193/216/196 194/203/183
f 172/197/177 171/194/175 186/218/197 187/205/185
f 199/213/193 198/211/191 213/220/198 214/221/199
f 192/214/194 191/212/192 206/222/200 207/223/201
f 200/215/195 199/213/193 214/221/199 215/224/202
f 193/216/196 192/214/194 207/223/201 208/225/203
f 186/218/197 336/226/6 201/227/204
f 492/228/8 200/215/195 215/224/202
f 194/203/183 193/216/196 208/225/203 209/229/205
f 187/205/185 186/218/197 201/227/204 202/230/206
f 195/204/184 194/203/183 209/229/205 210/231/207
f 188/206/186 187/205/185 202/230/206 203/232/208
f 196/207/187 195/204/184 210/231/207 211/233/209
f 189/208/188 188/206/186 203/232/208 204/234/210
f 197/209/189 196/207/187 211/233/209 212/235/211
f 190/210/190 189/208/188 204/234/210 205/236/212
f 198/211/191 197/209/189 212/235/211 213/220/198
f 191/212/192 190/210/190 205/236/212 206/222/200
f 203/232/208 202/230/206 217/237/213 218/238/214
f 211/233/209 210/231/207 225/239/215 226/240/216
f 204/234/210 203/232/208 218/238/214 219/241/217
f 212/235/211 211/233/209 226/240/216 227/242/218
f 205/236/212 204/234/210 219/241/217 220/243/219
f 213/220/198 212/235/211 227/242/218 228/244/220
f 206/222/200 205/236/212 220/243/219 221/245/221
f 214/221/199 213/220/198 228/244/220 229/246/222
f 207/223/201 206/222/200 221/245/221 222/247/223
f 215/224/202 214/221/199 229/246/222 230/248/224
f 208/225/203 207/223/201 222/247/223 223/249/225
f 201/227/204 336/250/6 216/251/226
f 492/252/8 215/224/202 230/248/224
f 209/229/205 208/225/203 223/249/225 224/253/227
f 202/230/206 201/227/204 216/251/226 217/237/213
f 210/231/207 209/229/205 224/253/227 225/239/215
f 222/247/223 221/245/221 236/254/228 237/255/229
f 230/248/224 229/246/222 244/256/230 245/257/231
f 223/249/225 222/247/223 237/255/229 238/258/232
f 216/251/226 336/259/6 231/260/233
f 492/261/8 230/248/224 245/257/231
f 224/253/227 223/249/225 238/258/232 239/262/234
f 217/237/213 216/251/226 231/260/233 232/263/235
f 225/239/215 224/253/227 239/262/234 240/264/236
f 218/238/214 217/237/213 232/263/235 233/265/237
f 226/240/216 225/239/215 240/264/236 241/266/238
f 219/241/217 218/238/214 233/265/237 234/267/239
f 227/242/218 226/240/216 241/266/238 242/268/240
f 220/243/219 219/241/217 234/267/239 235/269/241
f 228/244/220 227/242/218 242/268/240 243/270/242
f 221/245/221 220/243/219 235/269/241 236/254/228
f 229/246/222 228/244/220 243/270/242 244/256/230
f 241/266/238 240/264/236 255/271/243 256/272/244
f 234/267/239 233/265/237 248/273/245 249/274/246
f 242/268/240 241/266/238 256/272/244 257/275/247
f 235/269/241 234/267/239 249/274/246 250/276/248
f 243/270/242 242/268/240 257/275/247 258/277/249
f 236/254/228 235/269/241 250/276/248 251/278/250
f 244/256/230 243/270/242 258/277/249 259/279/251
f 237/255/229 236/254/228 251/278/250 252/280/252
f 245/257/231 244/256/230 259/279/251 260/281/253
f 238/258/232 237/255/229 252/280/252 253/282/254
f 231/260/233 336/283/6 246/284/255
f 492/285/8 245/257/231 260/281/253
f 239/262/234 238/258/232 253/282/254 254/286/256
f 232/263/235 231/260/233 246/284/255 247/287/257
f 240/264/236 239/262/234 254/286/256 255/271/243
f 233/265/237 232/263/235 247/287/257 248/273/245
f 260/281/253 259/279/251 274/288/258 275/289/259
f 253/282/254 252/280/252 267/290/260 268/291/261
f 246/284/255 336/292/6 261/293/262
f 492/294/8 260/281/253 275/289/259
f 254/286/256 253/282/254 268/291/261 269/295/263
f 247/287/257 246/284/255 261/293/262 262/296/264
f 255/271/243 254/286/256 269/295/263 270/297/265
f 248/273/245 247/287/257 262/296/264 263/298/266
f 256/272/244 255/271/243 270/297/265 271/299/267
f 249/274/246 248/273/245 263/298/266 264/300/268
f 257/275/247 256/272/244 271/299/267 272/301/269
f 250/276/248 249/274/246 264/300/268 265/302/270
f 258/277/249 257/275/247 272/301/269 273/303/271
f 251/278/250 250/276/248 265/302/270 266/304/272
f 259/279/251 258/277/249 273/303/271 274/288/258
f 252/280/252 251/278/250 266/304/272 267/290/260
f 272/301/269 271/299/267 286/305/273 287/306/274
f 265/302/270 264/300/268 279/307/275 280/308/276
f 273/303/271 272/301/269 287/306/274 288/309/277
f 266/304/272 265/302/270 280/308/276 281/310/278
f 274/288/258 273/303/271 288/309/277 289/311/279
f 267/290/260 266/304/272 281/310/278 282/312/280
f 275/289/259 274/288/258 289/311/279 290/313/281
f 268/291/261 267/290/260 282/312/280 283/314/282
f 261/293/262 336/315/6 276/316/283
f 492/317/8 275/289/259 290/313/281
f 269/295/263 268/291/261 283/314/282 284/318/284
f 262/296/264 261/293/262 276/316/283 277/319/285
f 270/297/265 269/295/263 284/318/284 285/320/286
f 263/298/266 262/296/264 277/319/285 278/321/287
f 271/299/267 270/297/265 285/320/286 286/305/273
f 264/300/268 263/298/266 278/321/287 279/307/275
f 276/316/283 336/322/6 291/323/288
f 492/324/8 290/313/281 305/325/289
f 284/318/284 283/314/282 298/326/290 299/327/291
f 277/319/285 276/316/283 291/323/288 292/328/292
f 285/320/286 284/318/284 299/327/291 300/329/293
f 278/321/287 277/319/285 292/328/292 293/330/294
f 286/305/273 285/320/286 300/329/293 301/331/295
f 279/307/275 278/321/287 293/330/294 294/332/296
f 287/306/274 286/305/273 301/331/295 302/333/297
f 280/308/276 279/307/275 294/332/296 295/334/298
f 288/309/277 287/306/274 302/333/297 303/335/299
f 281/310/278 280/308/276 295/334/298 296/336/300
f 289/311/279 288/309/277 303/335/299 304/337/301
f 282/312/280 281/310/278 296/336/300 297/338/302
f 290/313/281 289/311/279 304/337/301 305/325/289
f 283/314/282 282/312/280 297/338/302 298/326/290
f 295/334/298 294/332/296 309/339/303 310/340/304
f 303/335/299 302/333/297 317/341/305 318/342/306
f 296/336/300 295/334/298 310/340/304 311/343/307
f 304/337/301 303/335/299 318/342/306 319/344/308
f 297/338/302 296/336/300 311/343/307 312/345/309
f 305/325/289 304/337/301 319/344/308 320/346/310
f 298/326/290 297/338/302 312/345/309 313/347/311
f 291/323/288 336/348/6 306/349/312
f 492/350/8 305/325/289 320/346/310
f 299/327/291 298/326/290 313/347/311 314/351/313
f 292/328/292 291/323/288 306/349/312 307/352/314
f 300/329/293 299/327/291 314/351/313 315/353/315
f 293/330/294 292/328/292 307/352/314 308/354/316
f 301/331/295 300/329/293 315/353/315 316/355/317
f 294/332/296 293/330/294 308/354/316 309/339/303
f 302/333/297 301/331/295 316/355/317 317/341/305
f 314/351/313 313/347/311 328/356/318 329/357/319
f 307/352/314 306/349/312 321/358/320 322/359/321
f 315/353/315 314/351/313 329/357/319 330/360/322
f 308/354/316 307/352/314 322/359/321 323/361/323
f 316/355/317 315/353/315 330/360/322 331/362/324
f 309/339/303 308/354/316 323/361/323 324/363/325
f 317/341/305 316/355/317 331/362/324 332/364/326
f 310/340/304 309/339/303 324/363/325 325/365/327
f 318/342/306 317/341/305 332/364/326 333/366/328
f 311/343/307 310/340/304 325/365/327 326/367/329
f 319/344/308 318/342/306 333/366/328 334/368/330
f 312/345/309 311/343/307 326/367/329 327/369/331
f 320/346/310 319/344/308 334/368/330 335/370/332
f 313/347/311 312/345/309 327/369/331 328/356/318
f 306/349/312 336/371/6 321/358/320
f 492/372/8 320/346/310 335/370/332
f 333/366/328 332/364/326 348/373/333 349/374/334
f 326/367/329 325/365/327 341/375/335 342/376/336
f 334/368/330 333/366/328 349/374/334 350/377/337
f 327/369/331 326/367/329 342/376/336 343/378/338
f 335/370/332 334/368/330 350/377/337 351/379/339
f 328/356/318 327/369/331 343/378/338 344/380/340
f 321/358/320 336/381/6 337/382/341
f 492/383/8 335/370/332 351/379/339
f 329/357/319 328/356/318 344/380/340 345/384/342
f 322/359/321 321/358/320 337/382/341 338/385/343
f 330/360/322 329/357/319 345/384/342 346/386/344
f 323/361/323 322/359/321 338/385/343 339/387/345
f 331/362/324 330/360/322 346/386/344 347/388/346
f 324/363/325 323/361/323 339/387/345 340/389/347
f 332/364/326 331/362/324 347/388/346 348/373/333
f 325/365/327 324/363/325 340/389/347 341/375/335
f 338/385/343 337/382/341 352/390/348 353/391/349
f 346/386/344 345/384/342 360/392/350 361/393/351
f 339/387/345 338/385/343 353/391/349 354/394/352
f 347/388/346 346/386/344 361/393/351 362/395/353
f 340/389/347 339/387/345 354/394/352 355/396/354
f 348/373/333 347/388/346 362/395/353 363/397/355
f 341/375/335 340/389/347 355/396/354 356/398/356
f 349/374/334 348/373/333 363/397/355 364/399/357
f 342/376/336 341/375/335 356/398/356 357/400/358
f 350/377/337 349/374/334 364/399/357 365/401/359
f 343/378/338 342/376/336 357/400/358 358/402/360
f 351/379/339 350/377/337 365/401/359 366/403/361
f 344/380/340 343/378/338 358/402/360 359/404/362
f 337/382/341 336/405/6 352/390/348
f 492/406/8 351/379/339 366/403/361
f 345/384/342 344/380/340 359/404/362 360/392/350
f 357/400/358 356/398/356 371/407/363 372/408/364
f 365/401/359 364/399/357 379/409/365 380/410/366
f 358/402/360 357/400/358 372/408/364 373/411/367
f 366/403/361 365/401/359 380/410/366 381/412/368
f 359/404/362 358/402/360 373/411/367 374/413/369
f 352/390/348 336/414/6 367/415/370
f 492/416/8 366/403/361 381/412/368
f 360/392/350 359/404/362 374/413/369 375/417/371
f 353/391/349 352/390/348 367/415/370 368/418/372
f 361/393/351 360/392/350 375/417/371 376/419/373
f 354/394/352 353/391/349 368/418/372 369/420/374
f 362/395/353 361/393/351 376/419/373 377/421/375
f 355/396/354 354/394/352 369/420/374 370/422/376
f 363/397/355 362/395/353 377/421/375 378/423/377
f 356/398/356 355/396/354 370/422/376 371/407/363
f 364/399/357 363/397/355 378/423/377 379/409/365
f 376/424/373 375/425/371 390/426/378 391/427/379
f 369/428/374 368/429/372 383/430/380 384/431/381
f 377/432/375 376/424/373 391/427/379 392/433/382
f 370/434/376 369/428/374 384/431/381 385/435/383
f 378/436/377 377/432/375 392/433/382 393/437/384
f 371/438/363 370/434/376 385/435/383 386/439/385
f 379/440/365 378/436/377 393/437/384 394/441/386
f 372/442/364 371/438/363 386/439/385 387/443/387
f 380/444/366 379/440/365 394/441/386 395/445/388
f 373/446/367 372/442/364 387/443/387 388/447/389
f 381/448/368 380/444/366 395/445/388 396/449/390
f 374/450/369 373/446/367 388/447/389 389/451/391
f 367/452/370 336/453/6 382/454/392
f 492/455/8 381/448/368 396/449/390
f 375/425/371 374/450/369 389/451/391 390/426/378
f 368/429/372 367/452/370 382/454/392 383/430/380
f 395/445/388 394/441/386 409/456/393 410/457/394
f 388/447/389 387/443/387 402/458/395 403/459/396
f 396/449/390 395/445/388 410/457/394 411/460/397
f 389/451/391 388/447/389 403/459/396 404/461/398
f 382/454/392 336/462/6 397/463/399
f 492/464/8 396/449/390 411/460/397
f 390/426/378 389/451/391 404/461/398 405/465/400
f 383/430/380 382/454/392 397/463/399 398/466/401
f 391/427/379 390/426/378 405/465/400 406/467/402
f 384/431/381 383/430/380 398/466/401 399/468/403
f 392/433/382 391/427/379 406/467/402 407/469/404
f 385/435/383 384/431/381 399/468/403 400/470/405
f 393/437/384 392/433/382 407/469/404 408/471/406
f 386/439/385 385/435/383 400/470/405 401/472/407
f 394/441/386 393/437/384 408/471/406 409/456/393
f 387/443/387 386/439/385 401/472/407 402/458/395
f 407/469/404 406/467/402 421/473/408 422/474/409
f 400/470/405 399/468/403 414/475/410 415/476/411
f 408/471/406 407/469/404 422/474/409 423/477/412
f 401/472/407 400/470/405 415/476/411 416/478/413
f 409/456/393 408/471/406 423/477/412 424/479/414
f 402/458/395 401/472/407 416/478/413 417/480/415
f 410/457/394 409/456/393 424/479/414 425/481/416
f 403/459/396 402/458/395 417/480/415 418/482/417
f 411/460/397 410/457/394 425/481/416 426/483/418
f 404/461/398 403/459/396 418/482/417 419/484/419
f 397/463/399 336/485/6 412/486/420
f 492/487/8 411/460/397 426/483/418
f 405/465/400 404/461/398 419/484/419 420/488/421
f 398/466/401 397/463/399 412/486/420 413/489/422
f 406/467/402 405/465/400 420/488/421 421/473/408
f 399/468/403 398/466/401 413/489/422 414/475/410
f 426/483/418 425/481/416 440/490/423 441/491/424
f 419/484/419 418/482/417 433/492/425 434/493/426
f 412/486/420 336/494/6 427/495/427
f 492/496/8 426/483/418 441/491/424
f 420/488/421 419/484/419 434/493/426 435/497/428
f 413/489/422 412/486/420 427/495/427 428/498/429
f 421/473/408 420/488/421 435/497/428 436/499/430
f 414/475/410 413/489/422 428/498/429 429/500/431
f 422/474/409 421/473/408 436/499/430 437/501/432
f 415/476/411 414/475/410 429/500/431 430/502/433
f 423/477/412 422/474/409 437/501/432 438/503/434
f 416/478/413 415/476/411 430/502/433 431/504/435
f 424/479/414 423/477/412 438/503/434 439/505/436
f 417/480/415 416/478/413 431/504/435 432/506/437
f 425/481/416 424/479/414 439/505/436 440/490/423
f 418/482/417 417/480/415 432/506/437 433/492/425
f 430/502/433 429/500/431 444/507/438 445/508/439
f 438/503/434 437/501/432 452/509/440 453/510/441
f 431/504/435 430/502/433 445/508/439 446/511/442
f 439/505/436 438/503/434 453/510/441 454/512/443
f 432/506/437 431/504/435 446/511/442 447/513/444
f 440/490/423 439/505/436 454/512/443 455/514/445
f 433/492/425 432/506/437 447/513/444 448/515/446
f 441/491/424 440/490/423 455/514/445 456/516/447
f 434/493/426 433/492/425 448/515/446 449/517/448
f 427/495/427 336/518/6 442/519/449
f 492/520/8 441/491/424 456/516/447
f 435/497/428 434/493/426 449/517/448 450/521/450
f 428/498/429 427/495/427 442/519/449 443/522/451
f 436/499/430 435/497/428 450/521/450 451/523/452
f 429/500/431 428/498/429 443/522/451 444/507/438
f 437/501/432 436/499/430 451/523/452 452/509/440
f 449/517/448 448/515/446 463/524/453 464/525/454
f 442/519/449 336/526/6 457/527/455
f 492/528/8 456/516/447 471/529/456
f 450/521/450 449/517/448 464/525/454 465/530/457
f 443/522/451 442/519/449 457/527/455 458/531/458
f 451/523/452 450/521/450 465/530/457 466/532/459
f 444/507/438 443/522/451 458/531/458 459/533/460
f 452/509/440 451/523/452 466/532/459 467/534/461
f 445/508/439 444/507/438 459/533/460 460/535/462
f 453/510/441 452/509/440 467/534/461 468/536/463
f 446/511/442 445/508/439 460/535/462 461/537/464
f 454/512/443 453/510/441 468/536/463 469/538/465
f 447/513/444 446/511/442 461/537/464 462/539/466
f 455/514/445 454/512/443 469/538/465 470/540/467
f 448/515/446 447/513/444 462/539/466 463/524/453
f 456/516/447 455/514/445 470/540/467 471/529/456
f 468/536/463 467/534/461 482/541/468 483/542/469
f 461/537/464 460/535/462 475/543/470 476/544/471
f 469/538/465 468/536/463 483/542/469 484/545/472
f 462/539/466 461/537/464 476/544/471 477/546/473
f 470/540/467 469/538/465 484/545/472 485/547/474
f 463/524/453 462/539/466 477/546/473 478/548/475
f 471/529/456 470/540/467 485/547/474 486/549/476
f 464/525/454 463/524/453 478/548/475 479/550/477
f 457/527/455 336/551/6 472/552/478
f 492/553/8 471/529/456 486/549/476
f 465/530/457 464/525/454 479/550/477 480/554/479
f 458/531/458 457/527/455 472/552/478 473/555/480
f 466/532/459 465/530/457 480/554/479 481/556/481
f 459/533/460 458/531/458 473/555/480 474/557/482
f 467/534/461 466/532/459 481/556/481 482/541/468
f 460/535/462 459/533/460 474/557/482 475/543/470
f 472/552/478 336/558/6 11/5/5
f 492/559/8 486/549/476 491/9/9
f 480/554/479 479/550/477 487/1/1 488/11/11
f 473/555/480 472/552/478 11/5/5 12/13/13
f 481/556/481 480/554/479 488/11/11 489/15/15
f 474/557/482 473/555/480 12/13/13 13/17/17
f 482/541/468 481/556/481 489/15/15 18/19/19
f 475/543/470 474/557/482 13/17/17 14/21/21
f 483/542/469 482/541/468 18/19/19 19/23/23
f 476/544/471 475/543/470 14/21/21 15/25/25
f 484/545/472 483/542/469 19/23/23 20/27/27
f 477/546/473 476/544/471 15/25/25 16/29/29
f 485/547/474 484/545/472 20/27/27 490/31/31
f 478/548/475 477/546/473 16/29/29 17/2/2
f 486/549/476 485/547/474 490/31/31 491/9/9
f 479/550/477 478/548/475 17/2/2 487/1/1
f 1397/560/483 1618/561/484 1929/562/254 1643/563/485
f 1618/561/484 1401/564/486 1644/565/487 1929/562/254
f 1929/562/254 1644/565/487 1394/566/488 1608/567/489
f 1643/563/485 1929/562/254 1608/567/489 1390/568/490
f 1429/569/491 1664/570/8 1930/571/492 1627/572/493
f 1664/570/8 1433/573/494 1649/574/495 1930/571/492
f 1930/571/492 1649/574/495 1419/575/496 1631/576/497
f 1627/572/493 1930/571/492 1631/576/497 1406/577/498
f 1397/560/483 1643/563/485 1931/578/499 1639/579/500
f 1643/563/485 1390/568/490 1635/580/501 1931/578/499
f 1931/578/499 1635/580/501 1407/581/502 1634/582/503
f 1639/579/500 1931/578/499 1634/582/503 1418/583/504
f 1440/584/505 1645/585/506 1932/586/507 1663/587/508
f 1645/585/506 1398/588/509 1642/589/510 1932/586/507
f 1932/586/507 1642/589/510 1417/590/511 1630/591/512
f 1663/587/508 1932/586/507 1630/591/512 1436/592/513
f 1440/584/505 1661/593/514 1933/594/515 1645/585/506
f 1661/593/514 1439/595/516 1652/596/517 1933/594/515
f 1933/594/515 1652/596/517 1402/597/518 1626/598/519
f 1645/585/506 1933/594/515 1626/598/519 1398/588/509
f 1393/599/520 1615/600/521 1934/601/522 1676/602/523
f 1615/600/521 1395/603/524 1675/604/525 1934/601/522
f 1934/601/522 1675/604/525 1443/605/526 1667/606/527
f 1676/602/523 1934/601/522 1667/606/527 1444/607/528
f 1405/608/529 1572/609/530 1935/610/531 1571/611/532
f 1572/609/530 1408/612/533 1573/613/534 1935/610/531
f 1935/610/531 1573/613/534 1410/614/535 1574/615/536
f 1571/611/532 1935/610/531 1574/615/536 1409/616/537
f 1408/617/533 1575/618/538 1936/619/539 1573/620/534
f 1575/618/538 1412/621/540 1576/622/541 1936/619/539
f 1936/619/539 1576/622/541 1413/623/542 1577/624/543
f 1573/620/534 1936/619/539 1577/624/543 1410/625/535
f 1406/577/498 1579/626/544 1937/627/545 1578/628/546
f 1579/626/544 1411/629/547 1580/630/548 1937/627/545
f 1937/627/545 1580/630/548 1413/623/542 1576/622/541
f 1578/628/546 1937/627/545 1576/622/541 1412/621/540
f 1411/629/547 1581/631/549 1938/632/550 1580/630/548
f 1581/631/549 1415/633/551 1582/634/552 1938/632/550
f 1938/632/550 1582/634/552 1416/635/553 1583/636/554
f 1580/630/548 1938/632/550 1583/636/554 1413/623/542
f 1407/581/502 1585/637/555 1939/638/556 1584/639/557
f 1585/637/555 1414/640/558 1586/641/559 1939/638/556
f 1939/638/556 1586/641/559 1416/642/553 1582/643/552
f 1584/639/557 1939/638/556 1582/643/552 1415/644/551
f 1414/645/558 1587/646/560 1940/647/561 1586/648/559
f 1587/646/560 1409/616/537 1574/615/536 1940/647/561
f 1940/647/561 1574/615/536 1410/614/535 1588/649/562
f 1586/648/559 1940/647/561 1588/649/562 1416/650/553
f 1410/625/535 1577/624/543 1941/651/563 1588/652/562
f 1413/623/542 1583/636/554 1941/651/563 1577/624/543
f 1416/635/553 1588/652/562 1941/651/563 1583/636/554
f 1417/590/511 1590/653/564 1942/654/565 1589/655/566
f 1590/653/564 1420/656/567 1591/657/568 1942/654/565
f 1942/654/565 1591/657/568 1422/658/569 1592/659/570
f 1589/655/566 1942/654/565 1592/659/570 1421/660/571
f 1420/656/567 1593/661/572 1943/662/573 1591/657/568
f 1593/661/572 1424/663/574 1594/664/575 1943/662/573
f 1943/662/573 1594/664/575 1425/665/576 1595/666/577
f 1591/657/568 1943/662/573 1595/666/577 1422/658/569
f 1418/583/504 1597/667/578 1944/668/579 1596/669/580
f 1597/667/578 1423/670/581 1598/671/582 1944/668/579
f 1944/668/579 1598/671/582 1425/665/576 1594/664/575
f 1596/669/580 1944/668/579 1594/664/575 1424/663/574
f 1423/672/581 1599/673/583 1945/674/584 1598/675/582
f 1599/673/583 1427/676/585 1600/677/586 1945/674/584
f 1945/674/584 1600/677/586 1428/678/587 1601/679/588
f 1598/675/582 1945/674/584 1601/679/588 1425/680/576
f 1419/575/496 1603/681/589 1946/682/590 1602/683/591
f 1603/681/589 1426/684/592 1604/685/593 1946/682/590
f 1946/682/590 1604/685/593 1428/678/587 1600/677/586
f 1602/683/591 1946/682/590 1600/677/586 1427/676/585
f 1426/684/592 1605/686/594 1947/687/595 1604/685/593
f 1605/686/594 1421/660/571 1592/659/570 1947/687/595
f 1947/687/595 1592/659/570 1422/658/569 1606/688/596
f 1604/685/593 1947/687/595 1606/688/596 1428/678/587
f 1422/689/569 1595/690/577 1948/691/597 1606/692/596
f 1425/680/576 1601/679/588 1948/691/597 1595/690/577
f 1428/678/587 1606/692/596 1948/691/597 1601/679/588
f 1390/568/490 1608/567/489 1949/693/598 1607/694/599
f 1608/567/489 1394/566/488 1609/695/600 1949/693/598
f 1949/693/598 1609/695/600 1396/696/601 1610/697/602
f 1607/694/599 1949/693/598 1610/697/602 1392/698/603
f 1392/699/603 1610/700/602 1950/701/604 1611/702/605
f 1610/700/602 1396/703/601 1612/704/606 1950/701/604
f 1950/701/604 1612/704/606 1395/603/524 1613/705/607
f 1611/702/605 1950/701/604 1613/705/607 1391/706/608
f 1391/706/608 1613/705/607 1951/707/609 1614/708/610
f 1613/705/607 1395/603/524 1615/600/521 1951/707/609
f 1951/707/609 1615/600/521 1393/599/520 1616/709/611
f 1614/708/610 1951/707/609 1616/709/611 1389/710/612
f 1401/564/486 1618/561/484 1952/711/613 1617/712/614
f 1618/561/484 1397/560/483 1619/713/615 1952/711/613
f 1952/711/613 1619/713/615 1399/714/616 1620/715/617
f 1617/712/614 1952/711/613 1620/715/617 1403/716/618
f 1403/716/618 1620/715/617 1953/717/619 1621/718/620
f 1620/715/617 1399/714/616 1622/719/621 1953/717/619
f 1953/717/619 1622/719/621 1400/720/622 1623/721/623
f 1621/718/620 1953/717/619 1623/721/623 1404/722/624
f 1404/722/624 1623/721/623 1954/723/625 1624/724/626
f 1623/721/623 1400/720/622 1625/725/627 1954/723/625
f 1954/723/625 1625/725/627 1398/588/509 1626/598/519
f 1624/724/626 1954/723/625 1626/598/519 1402/597/518
f 1429/569/491 1627/572/493 1955/726/628 1659/727/629
f 1627/572/493 1406/577/498 1578/628/546 1955/726/628
f 1955/726/628 1578/628/546 1412/621/540 1646/728/630
f 1659/727/629 1955/726/628 1646/728/630 1430/729/631
f 1430/729/631 1646/728/630 1956/730/632 1658/731/633
f 1646/728/630 1412/621/540 1575/618/538 1956/730/632
f 1956/730/632 1575/618/538 1408/617/533 1647/732/634
f 1658/731/633 1956/730/632 1647/732/634 1431/733/635
f 1431/734/635 1647/735/634 1957/736/636 1657/737/637
f 1647/735/634 1408/612/533 1572/609/530 1957/736/636
f 1957/736/636 1572/609/530 1405/608/529 1648/738/638
f 1657/737/637 1957/736/636 1648/738/638 1432/739/639
f 1406/577/498 1631/576/497 1958/740/640 1579/626/544
f 1631/576/497 1419/575/496 1602/683/591 1958/740/640
f 1958/740/640 1602/683/591 1427/676/585 1632/741/641
f 1579/626/544 1958/740/640 1632/741/641 1411/629/547
f 1411/629/547 1632/741/641 1959/742/642 1581/631/549
f 1632/741/641 1427/676/585 1599/673/583 1959/742/642
f 1959/742/642 1599/673/583 1423/672/581 1633/743/643
f 1581/631/549 1959/742/642 1633/743/643 1415/633/551
f 1415/644/551 1633/744/643 1960/745/644 1584/639/557
f 1633/744/643 1423/670/581 1597/667/578 1960/745/644
f 1960/745/644 1597/667/578 1418/583/504 1634/582/503
f 1584/639/557 1960/745/644 1634/582/503 1407/581/502
f 1407/581/502 1635/580/501 1961/746/645 1585/637/555
f 1635/580/501 1390/568/490 1607/694/599 1961/746/645
f 1961/746/645 1607/694/599 1392/698/603 1636/747/646
f 1585/637/555 1961/746/645 1636/747/646 1414/640/558
f 1414/645/558 1636/748/646 1962/749/647 1587/646/560
f 1636/748/646 1392/699/603 1611/702/605 1962/749/647
f 1962/749/647 1611/702/605 1391/706/608 1637/750/648
f 1587/646/560 1962/749/647 1637/750/648 1409/616/537
f 1409/616/537 1637/750/648 1963/751/649 1571/611/532
f 1637/750/648 1391/706/608 1614/708/610 1963/751/649
f 1963/751/649 1614/708/610 1389/710/612 1638/752/650
f 1571/611/532 1963/751/649 1638/752/650 1405/608/529
f 1397/560/483 1639/579/500 1964/753/651 1619/713/615
f 1639/579/500 1418/583/504 1596/669/580 1964/753/651
f 1964/753/651 1596/669/580 1424/663/574 1640/754/652
f 1619/713/615 1964/753/651 1640/754/652 1399/714/616
f 1399/714/616 1640/754/652 1965/755/653 1622/719/621
f 1640/754/652 1424/663/574 1593/661/572 1965/755/653
f 1965/755/653 1593/661/572 1420/656/567 1641/756/654
f 1622/719/621 1965/755/653 1641/756/654 1400/720/622
f 1400/720/622 1641/756/654 1966/757/655 1625/725/627
f 1641/756/654 1420/656/567 1590/653/564 1966/757/655
f 1966/757/655 1590/653/564 1417/590/511 1642/589/510
f 1625/725/627 1966/757/655 1642/589/510 1398/588/509
f 1389/710/612 1650/758/656 1967/759/657 1638/752/650
f 1650/758/656 1437/760/658 1653/761/659 1967/759/657
f 1967/759/657 1653/761/659 1432/739/639 1648/738/638
f 1638/752/650 1967/759/657 1648/738/638 1405/608/529
f 1421/660/571 1629/762/660 1968/763/661 1589/655/566
f 1629/762/660 1435/764/662 1654/765/663 1968/763/661
f 1968/763/661 1654/765/663 1436/592/513 1630/591/512
f 1589/655/566 1968/763/661 1630/591/512 1417/590/511
f 1426/684/592 1628/766/664 1969/767/665 1605/686/594
f 1628/766/664 1434/768/666 1655/769/667 1969/767/665
f 1969/767/665 1655/769/667 1435/764/662 1629/762/660
f 1605/686/594 1969/767/665 1629/762/660 1421/660/571
f 1419/575/496 1649/574/495 1970/770/668 1603/681/589
f 1649/574/495 1433/573/494 1656/771/669 1970/770/668
f 1970/770/668 1656/771/669 1434/768/666 1628/766/664
f 1603/681/589 1970/770/668 1628/766/664 1426/684/592
f 1389/710/612 1616/709/611 1971/772/670 1650/758/656
f 1616/709/611 1393/599/520 1651/773/671 1971/772/670
f 1971/772/670 1651/773/671 1438/774/672 1662/775/673
f 1650/758/656 1971/772/670 1662/775/673 1437/760/658
f 1493/776/674 1769/777/675 1972/778/676 1806/779/677
f 1769/777/675 1494/780/678 1805/781/679 1972/778/676
f 1972/778/676 1805/781/679 1512/782/680 1796/783/681
f 1806/779/677 1972/778/676 1796/783/681 1511/784/682
f 1395/603/524 1612/704/606 1973/785/683 1675/604/525
f 1612/704/606 1396/703/601 1677/786/684 1973/785/683
f 1973/785/683 1677/786/684 1442/787/685 1666/788/686
f 1675/604/525 1973/785/683 1666/788/686 1443/605/526
f 1439/789/516 1660/790/1 1974/791/1 1679/792/687
f 1660/790/1 1438/793/672 1678/794/688 1974/791/1
f 1974/791/1 1678/794/688 1449/795/689 1674/796/1
f 1679/792/687 1974/791/1 1674/796/1 1450/797/690
f 1396/696/601 1609/695/600 1975/798/691 1677/799/684
f 1609/695/600 1394/566/488 1680/800/692 1975/798/691
f 1975/798/691 1680/800/692 1441/801/693 1665/802/694
f 1677/799/684 1975/798/691 1665/802/694 1442/803/685
f 1394/566/488 1644/565/487 1976/804/695 1680/800/692
f 1644/565/487 1401/564/486 1681/805/696 1976/804/695
f 1976/804/695 1681/805/696 1446/806/697 1671/807/698
f 1680/800/692 1976/804/695 1671/807/698 1441/801/693
f 1438/774/672 1651/773/671 1977/808/699 1678/809/688
f 1651/773/671 1393/599/520 1676/602/523 1977/808/699
f 1977/808/699 1676/602/523 1444/607/528 1672/810/700
f 1678/809/688 1977/808/699 1672/810/700 1449/811/689
f 1401/564/486 1617/712/614 1978/812/701 1681/805/696
f 1617/712/614 1403/716/618 1682/813/702 1978/812/701
f 1978/812/701 1682/813/702 1445/814/703 1668/815/704
f 1681/805/696 1978/812/701 1668/815/704 1446/806/697
f 1404/722/624 1624/724/626 1979/816/705 1684/817/706
f 1624/724/626 1402/597/518 1683/818/707 1979/816/705
f 1979/816/705 1683/818/707 1448/819/708 1670/820/709
f 1684/817/706 1979/816/705 1670/820/709 1447/821/710
f 1403/716/618 1621/718/620 1980/822/711 1682/813/702
f 1621/718/620 1404/722/624 1684/817/706 1980/822/711
f 1980/822/711 1684/817/706 1447/821/710 1669/823/712
f 1682/813/702 1980/822/711 1669/823/712 1445/814/703
f 1402/597/518 1652/596/517 1981/824/713 1683/818/707
f 1652/596/517 1439/595/516 1679/825/687 1981/824/713
f 1981/824/713 1679/825/687 1450/826/690 1673/827/714
f 1683/818/707 1981/824/713 1673/827/714 1448/819/708
f 1459/828/715 1757/829/716 1982/830/1 1732/831/717
f 1757/829/716 1452/832/718 1722/833/719 1982/830/1
f 1982/830/1 1722/833/719 1456/834/720 1758/835/721
f 1732/831/717 1982/830/1 1758/835/721 1463/836/722
f 1429/569/491 1741/837/723 1983/838/724 1664/570/8
f 1741/837/723 1468/839/725 1745/840/726 1983/838/724
f 1983/838/724 1745/840/726 1481/841/727 1763/842/728
f 1664/570/8 1983/838/724 1763/842/728 1433/573/494
f 1459/828/715 1753/843/729 1984/844/730 1757/829/716
f 1753/843/729 1480/845/731 1748/846/732 1984/844/730
f 1984/844/730 1748/846/732 1469/847/733 1749/848/734
f 1757/829/716 1984/844/730 1749/848/734 1452/832/718
f 1440/584/505 1663/587/508 1985/849/735 1759/850/736
f 1663/587/508 1436/592/513 1744/851/737 1985/849/735
f 1985/849/735 1744/851/737 1479/852/738 1756/853/739
f 1759/850/736 1985/849/735 1756/853/739 1460/854/740
f 1440/584/505 1759/850/736 1986/855/741 1661/593/514
f 1759/850/736 1460/854/740 1740/856/742 1986/855/741
f 1986/855/741 1740/856/742 1464/857/743 1766/858/744
f 1661/593/514 1986/855/741 1766/858/744 1439/595/516
f 1455/859/745 1777/860/746 1987/861/747 1729/862/748
f 1777/860/746 1494/780/678 1769/777/675 1987/861/747
f 1987/861/747 1769/777/675 1493/776/674 1776/863/749
f 1729/862/748 1987/861/747 1776/863/749 1457/864/750
f 1467/865/751 1685/866/752 1988/867/753 1686/868/754
f 1685/866/752 1471/869/755 1688/870/756 1988/867/753
f 1988/867/753 1688/870/756 1472/871/757 1687/872/758
f 1686/868/754 1988/867/753 1687/872/758 1470/873/759
f 1470/874/759 1687/875/758 1989/876/760 1689/877/761
f 1687/875/758 1472/878/757 1691/879/762 1989/876/760
f 1989/876/760 1691/879/762 1475/880/763 1690/881/764
f 1689/877/761 1989/876/760 1690/881/764 1474/882/765
f 1468/839/725 1692/883/766 1990/884/767 1693/885/768
f 1692/883/766 1474/882/765 1690/881/764 1990/884/767
f 1990/884/767 1690/881/764 1475/880/763 1694/886/769
f 1693/885/768 1990/884/767 1694/886/769 1473/887/770
f 1473/887/770 1694/886/769 1991/888/771 1695/889/772
f 1694/886/769 1475/880/763 1697/890/773 1991/888/771
f 1991/888/771 1697/890/773 1478/891/774 1696/892/775
f 1695/889/772 1991/888/771 1696/892/775 1477/893/776
f 1469/847/733 1698/894/777 1992/895/778 1699/896/779
f 1698/894/777 1477/897/776 1696/898/775 1992/895/778
f 1992/895/778 1696/898/775 1478/899/774 1700/900/780
f 1699/896/779 1992/895/778 1700/900/780 1476/901/781
f 1476/902/781 1700/903/780 1993/904/782 1701/905/783
f 1700/903/780 1478/906/774 1702/907/784 1993/904/782
f 1993/904/782 1702/907/784 1472/871/757 1688/870/756
f 1701/905/783 1993/904/782 1688/870/756 1471/869/755
f 1472/878/757 1702/908/784 1994/909/785 1691/879/762
f 1478/891/774 1697/890/773 1994/909/785 1702/908/784
f 1475/880/763 1691/879/762 1994/909/785 1697/890/773
f 1479/852/738 1703/910/786 1995/911/787 1704/912/788
f 1703/910/786 1483/913/789 1706/914/790 1995/911/787
f 1995/911/787 1706/914/790 1484/915/791 1705/916/792
f 1704/912/788 1995/911/787 1705/916/792 1482/917/793
f 1482/917/793 1705/916/792 1996/918/794 1707/919/795
f 1705/916/792 1484/915/791 1709/920/796 1996/918/794
f 1996/918/794 1709/920/796 1487/921/797 1708/922/798
f 1707/919/795 1996/918/794 1708/922/798 1486/923/799
f 1480/845/731 1710/924/800 1997/925/801 1711/926/802
f 1710/924/800 1486/923/799 1708/922/798 1997/925/801
f 1997/925/801 1708/922/798 1487/921/797 1712/927/803
f 1711/926/802 1997/925/801 1712/927/803 1485/928/804
f 1485/929/804 1712/930/803 1998/931/805 1713/932/806
f 1712/930/803 1487/933/797 1715/934/807 1998/931/805
f 1998/931/805 1715/934/807 1490/935/808 1714/936/809
f 1713/932/806 1998/931/805 1714/936/809 1489/937/810
f 1481/841/727 1716/938/811 1999/939/812 1717/940/813
f 1716/938/811 1489/937/810 1714/936/809 1999/939/812
f 1999/939/812 1714/936/809 1490/935/808 1718/941/814
f 1717/940/813 1999/939/812 1718/941/814 1488/942/815
f 1488/942/815 1718/941/814 2000/943/816 1719/944/817
f 1718/941/814 1490/935/808 1720/945/818 2000/943/816
f 2000/943/816 1720/945/818 1484/915/791 1706/914/790
f 1719/944/817 2000/943/816 1706/914/790 1483/913/789
f 1484/946/791 1720/947/818 2001/948/819 1709/949/796
f 1490/935/808 1715/934/807 2001/948/819 1720/947/818
f 1487/933/797 1709/949/796 2001/948/819 1715/934/807
f 1452/832/718 1721/950/820 2002/951/821 1722/833/719
f 1721/950/820 1454/952/822 1724/953/823 2002/951/821
f 2002/951/821 1724/953/823 1458/954/824 1723/955/825
f 1722/833/719 2002/951/821 1723/955/825 1456/834/720
f 1454/956/822 1725/957/826 2003/958/827 1724/959/823
f 1725/957/826 1453/960/828 1727/961/829 2003/958/827
f 2003/958/827 1727/961/829 1457/864/750 1726/962/830
f 1724/959/823 2003/958/827 1726/962/830 1458/963/824
f 1453/960/828 1728/964/831 2004/965/832 1727/961/829
f 1728/964/831 1451/966/833 1730/967/834 2004/965/832
f 2004/965/832 1730/967/834 1455/859/745 1729/862/748
f 1727/961/829 2004/965/832 1729/862/748 1457/864/750
f 1463/836/722 1731/968/835 2005/969/836 1732/831/717
f 1731/968/835 1465/970/837 1734/971/838 2005/969/836
f 2005/969/836 1734/971/838 1461/972/839 1733/973/840
f 1732/831/717 2005/969/836 1733/973/840 1459/828/715
f 1465/970/837 1735/974/841 2006/975/842 1734/971/838
f 1735/974/841 1466/976/843 1737/977/844 2006/975/842
f 2006/975/842 1737/977/844 1462/978/845 1736/979/846
f 1734/971/838 2006/975/842 1736/979/846 1461/972/839
f 1466/976/843 1738/980/847 2007/981/848 1737/977/844
f 1738/980/847 1464/857/743 1740/856/742 2007/981/848
f 2007/981/848 1740/856/742 1460/854/740 1739/982/849
f 1737/977/844 2007/981/848 1739/982/849 1462/978/845
f 1429/569/491 1659/727/629 2008/983/850 1741/837/723
f 1659/727/629 1430/729/631 1760/984/851 2008/983/850
f 2008/983/850 1760/984/851 1474/882/765 1692/883/766
f 1741/837/723 2008/983/850 1692/883/766 1468/839/725
f 1430/729/631 1658/731/633 2009/985/852 1760/984/851
f 1658/731/633 1431/733/635 1761/986/853 2009/985/852
f 2009/985/852 1761/986/853 1470/874/759 1689/877/761
f 1760/984/851 2009/985/852 1689/877/761 1474/882/765
f 1431/734/635 1657/737/637 2010/987/854 1761/988/853
f 1657/737/637 1432/739/639 1762/989/855 2010/987/854
f 2010/987/854 1762/989/855 1467/865/751 1686/868/754
f 1761/988/853 2010/987/854 1686/868/754 1470/873/759
f 1468/839/725 1693/885/768 2011/990/856 1745/840/726
f 1693/885/768 1473/887/770 1746/991/857 2011/990/856
f 2011/990/856 1746/991/857 1489/937/810 1716/938/811
f 1745/840/726 2011/990/856 1716/938/811 1481/841/727
f 1473/887/770 1695/889/772 2012/992/858 1746/991/857
f 1695/889/772 1477/893/776 1747/993/859 2012/992/858
f 2012/992/858 1747/993/859 1485/929/804 1713/932/806
f 1746/991/857 2012/992/858 1713/932/806 1489/937/810
f 1477/897/776 1698/894/777 2013/994/860 1747/995/859
f 1698/894/777 1469/847/733 1748/846/732 2013/994/860
f 2013/994/860 1748/846/732 1480/845/731 1711/926/802
f 1747/995/859 2013/994/860 1711/926/802 1485/928/804
f 1469/847/733 1699/896/779 2014/996/861 1749/848/734
f 1699/896/779 1476/901/781 1750/997/862 2014/996/861
f 2014/996/861 1750/997/862 1454/952/822 1721/950/820
f 1749/848/734 2014/996/861 1721/950/820 1452/832/718
f 1476/902/781 1701/905/783 2015/998/863 1750/999/862
f 1701/905/783 1471/869/755 1751/1000/864 2015/998/863
f 2015/998/863 1751/1000/864 1453/960/828 1725/957/826
f 1750/999/862 2015/998/863 1725/957/826 1454/956/822
f 1471/869/755 1685/866/752 2016/1001/865 1751/1000/864
f 1685/866/752 1467/865/751 1752/1002/866 2016/1001/865
f 2016/1001/865 1752/1002/866 1451/966/833 1728/964/831
f 1751/1000/864 2016/1001/865 1728/964/831 1453/960/828
f 1459/828/715 1733/973/840 2017/1003/867 1753/843/729
f 1733/973/840 1461/972/839 1754/1004/868 2017/1003/867
f 2017/1003/867 1754/1004/868 1486/923/799 1710/924/800
f 1753/843/729 2017/1003/867 1710/924/800 1480/845/731
f 1461/972/839 1736/979/846 2018/1005/869 1754/1004/868
f 1736/979/846 1462/978/845 1755/1006/870 2018/1005/869
f 2018/1005/869 1755/1006/870 1482/917/793 1707/919/795
f 1754/1004/868 2018/1005/869 1707/919/795 1486/923/799
f 1462/978/845 1739/982/849 2019/1007/871 1755/1006/870
f 1739/982/849 1460/854/740 1756/853/739 2019/1007/871
f 2019/1007/871 1756/853/739 1479/852/738 1704/912/788
f 1755/1006/870 2019/1007/871 1704/912/788 1482/917/793
f 1451/966/833 1752/1002/866 2020/1008/872 1764/1009/873
f 1752/1002/866 1467/865/751 1762/989/855 2020/1008/872
f 2020/1008/872 1762/989/855 1432/739/639 1653/761/659
f 1764/1009/873 2020/1008/872 1653/761/659 1437/760/658
f 1483/913/789 1703/910/786 2021/1010/874 1743/1011/875
f 1703/910/786 1479/852/738 1744/851/737 2021/1010/874
f 2021/1010/874 1744/851/737 1436/592/513 1654/765/663
f 1743/1011/875 2021/1010/874 1654/765/663 1435/764/662
f 1488/942/815 1719/944/817 2022/1012/876 1742/1013/877
f 1719/944/817 1483/913/789 1743/1011/875 2022/1012/876
f 2022/1012/876 1743/1011/875 1435/764/662 1655/769/667
f 1742/1013/877 2022/1012/876 1655/769/667 1434/768/666
f 1481/841/727 1717/940/813 2023/1014/878 1763/842/728
f 1717/940/813 1488/942/815 1742/1013/877 2023/1014/878
f 2023/1014/878 1742/1013/877 1434/768/666 1656/771/669
f 1763/842/728 2023/1014/878 1656/771/669 1433/573/494
f 1451/966/833 1764/1009/873 2024/1015/879 1730/967/834
f 1764/1009/873 1437/760/658 1662/775/673 2024/1015/879
f 2024/1015/879 1662/775/673 1438/774/672 1765/1016/880
f 1730/967/834 2024/1015/879 1765/1016/880 1455/859/745
f 1442/803/685 1665/802/694 2025/1017/881 1804/1018/882
f 1665/802/694 1441/801/693 1803/1019/883 2025/1017/881
f 2025/1017/881 1803/1019/883 1499/1020/884 1784/1021/885
f 1804/1018/882 2025/1017/881 1784/1021/885 1500/1022/886
f 1457/864/750 1776/863/749 2026/1023/887 1726/962/830
f 1776/863/749 1493/776/674 1768/1024/888 2026/1023/887
f 2026/1023/887 1768/1024/888 1492/1025/889 1778/1026/890
f 1726/962/830 2026/1023/887 1778/1026/890 1458/963/824
f 1458/954/824 1778/1027/890 2027/1028/891 1723/955/825
f 1778/1027/890 1492/1029/889 1767/1030/892 2027/1028/891
f 2027/1028/891 1767/1030/892 1491/1031/893 1779/1032/894
f 1723/955/825 2027/1028/891 1779/1032/894 1456/834/720
f 1456/834/720 1779/1032/894 2028/1033/895 1758/835/721
f 1779/1032/894 1491/1031/893 1773/1034/896 2028/1033/895
f 2028/1033/895 1773/1034/896 1496/1035/897 1780/1036/898
f 1758/835/721 2028/1033/895 1780/1036/898 1463/836/722
f 1438/774/672 1678/809/688 2029/1037/899 1765/1016/880
f 1678/809/688 1449/811/689 1774/1038/900 2029/1037/899
f 2029/1037/899 1774/1038/900 1494/780/678 1777/860/746
f 1765/1016/880 2029/1037/899 1777/860/746 1455/859/745
f 1463/836/722 1780/1036/898 2030/1039/901 1731/968/835
f 1780/1036/898 1496/1035/897 1770/1040/902 2030/1039/901
f 2030/1039/901 1770/1040/902 1495/1041/903 1781/1042/904
f 1731/968/835 2030/1039/901 1781/1042/904 1465/970/837
f 1466/976/843 1783/1043/905 2031/1044/906 1738/980/847
f 1783/1043/905 1497/1045/907 1772/1046/908 2031/1044/906
f 2031/1044/906 1772/1046/908 1498/1047/909 1782/1048/910
f 1738/980/847 2031/1044/906 1782/1048/910 1464/857/743
f 1465/970/837 1781/1042/904 2032/1049/911 1735/974/841
f 1781/1042/904 1495/1041/903 1771/1050/912 2032/1049/911
f 2032/1049/911 1771/1050/912 1497/1045/907 1783/1043/905
f 1735/974/841 2032/1049/911 1783/1043/905 1466/976/843
f 1464/857/743 1782/1048/910 2033/1051/913 1766/858/744
f 1782/1048/910 1498/1047/909 1775/1052/914 2033/1051/913
f 2033/1051/913 1775/1052/914 1450/826/690 1679/825/687
f 1766/858/744 2033/1051/913 1679/825/687 1439/595/516
f 1500/1022/886 1784/1021/885 2034/1053/915 1842/1054/916
f 1784/1021/885 1499/1020/884 1841/1055/917 2034/1053/915
f 2034/1053/915 1841/1055/917 1535/1056/918 1821/1057/919
f 1842/1054/916 2034/1053/915 1821/1057/919 1536/1058/920
f 1507/1059/921 1791/1060/922 2035/1061/670 1840/1062/369
f 1791/1060/922 1502/1063/923 1793/1064/611 2035/1061/670
f 2035/1061/670 1793/1064/611 1538/1065/924 1828/1066/925
f 1840/1062/369 2035/1061/670 1828/1066/925 1543/1067/926
f 1448/819/708 1673/827/714 2036/1068/927 1808/1069/928
f 1673/827/714 1450/826/690 1807/1070/929 2036/1068/927
f 2036/1068/927 1807/1070/929 1508/1071/930 1792/1072/931
f 1808/1069/928 2036/1068/927 1792/1072/931 1506/1073/932
f 1443/605/526 1666/788/686 2037/1074/933 1809/1075/934
f 1666/788/686 1442/787/685 1804/1076/882 2037/1074/933
f 2037/1074/933 1804/1076/882 1500/1077/886 1785/1078/935
f 1809/1075/934 2037/1074/933 1785/1078/935 1501/1079/936
f 1495/1041/903 1770/1040/902 2038/1080/937 1811/1081/938
f 1770/1040/902 1496/1035/897 1810/1082/939 2038/1080/937
f 2038/1080/937 1810/1082/939 1514/1083/940 1797/1084/941
f 1811/1081/938 2038/1080/937 1797/1084/941 1513/1085/942
f 1444/607/528 1667/606/527 2039/1086/943 1812/1087/944
f 1667/606/527 1443/605/526 1809/1075/934 2039/1086/943
f 2039/1086/943 1809/1075/934 1501/1079/936 1786/1088/945
f 1812/1087/944 2039/1086/943 1786/1088/945 1502/1063/923
f 1497/1045/907 1771/1050/912 2040/1089/946 1813/1090/947
f 1771/1050/912 1495/1041/903 1811/1081/938 2040/1089/946
f 2040/1089/946 1811/1081/938 1513/1085/942 1798/1091/948
f 1813/1090/947 2040/1089/946 1798/1091/948 1515/1092/949
f 1446/806/697 1668/815/704 2041/1093/950 1815/1094/951
f 1668/815/704 1445/814/703 1814/1095/952 2041/1093/950
f 2041/1093/950 1814/1095/952 1503/1096/953 1787/1097/954
f 1815/1094/951 2041/1093/950 1787/1097/954 1504/1098/955
f 1498/1047/909 1772/1046/908 2042/1099/956 1816/1100/957
f 1772/1046/908 1497/1045/907 1813/1090/947 2042/1099/956
f 2042/1099/956 1813/1090/947 1515/1092/949 1799/1101/958
f 1816/1100/957 2042/1099/956 1799/1101/958 1516/1102/959
f 1445/814/703 1669/823/712 2043/1103/960 1814/1095/952
f 1669/823/712 1447/821/710 1817/1104/961 2043/1103/960
f 2043/1103/960 1817/1104/961 1505/1105/962 1788/1106/963
f 1814/1095/952 2043/1103/960 1788/1106/963 1503/1096/953
f 1496/1035/897 1773/1034/896 2044/1107/964 1810/1082/939
f 1773/1034/896 1491/1031/893 1818/1108/965 2044/1107/964
f 2044/1107/964 1818/1108/965 1509/1109/966 1800/1110/967
f 1810/1082/939 2044/1107/964 1800/1110/967 1514/1083/940
f 1447/821/710 1670/820/709 2045/1111/968 1817/1104/961
f 1670/820/709 1448/819/708 1808/1069/928 2045/1111/968
f 2045/1111/968 1808/1069/928 1506/1073/932 1789/1112/969
f 1817/1104/961 2045/1111/968 1789/1112/969 1505/1105/962
f 1494/780/678 1774/1038/900 2046/1113/970 1805/781/679
f 1774/1038/900 1449/811/689 1819/1114/971 2046/1113/970
f 2046/1113/970 1819/1114/971 1507/1059/921 1801/1115/972
f 1805/781/679 2046/1113/970 1801/1115/972 1512/782/680
f 1491/1031/893 1767/1030/892 2047/1116/973 1818/1108/965
f 1767/1030/892 1492/1029/889 1820/1117/974 2047/1116/973
f 2047/1116/973 1820/1117/974 1510/1118/975 1794/1119/976
f 1818/1108/965 2047/1116/973 1794/1119/976 1509/1109/966
f 1441/801/693 1671/807/698 2048/1120/977 1803/1019/883
f 1671/807/698 1446/806/697 1815/1094/951 2048/1120/977
f 2048/1120/977 1815/1094/951 1504/1098/955 1790/1121/978
f 1803/1019/883 2048/1120/977 1790/1121/978 1499/1020/884
f 1450/826/690 1775/1052/914 2049/1122/979 1807/1070/929
f 1775/1052/914 1498/1047/909 1816/1100/957 2049/1122/979
f 2049/1122/979 1816/1100/957 1516/1102/959 1802/1123/980
f 1807/1070/929 2049/1122/979 1802/1123/980 1508/1071/930
f 1492/1025/889 1768/1024/888 2050/1124/981 1820/1125/974
f 1768/1024/888 1493/776/674 1806/779/677 2050/1124/981
f 2050/1124/981 1806/779/677 1511/784/682 1795/1126/982
f 1820/1125/974 2050/1124/981 1795/1126/982 1510/1127/975
f 1449/811/689 1672/810/700 2051/1128/983 1819/1114/971
f 1672/810/700 1444/607/528 1812/1087/944 2051/1128/983
f 2051/1128/983 1812/1087/944 1502/1063/923 1791/1060/922
f 1819/1114/971 2051/1128/983 1791/1060/922 1507/1059/921
f 1531/1129/984 1869/1130/985 2052/1131/986 1914/1132/987
f 1869/1130/985 1532/1133/988 1913/1134/989 2052/1131/986
f 2052/1131/986 1913/1134/989 1568/1135/990 1906/1136/991
f 1914/1132/987 2052/1131/986 1906/1136/991 1567/1137/992
f 1521/1138/993 1861/1139/994 2053/1140/995 1912/1141/996
f 1861/1139/994 1523/1142/997 1830/1143/998 2053/1140/995
f 2053/1140/995 1830/1143/998 1561/1144/999 1898/1145/1000
f 1912/1141/996 2053/1140/995 1898/1145/1000 1559/1146/1001
f 1516/1102/959 1799/1101/958 2054/1147/1002 1844/1148/742
f 1799/1101/958 1515/1092/949 1843/1149/1003 2054/1147/1002
f 2054/1147/1002 1843/1149/1003 1551/1150/1004 1836/1151/1005
f 1844/1148/742 2054/1147/1002 1836/1151/1005 1552/1152/1006
f 1506/1073/932 1792/1072/931 2055/1153/515 1846/1154/519
f 1792/1072/931 1508/1071/930 1845/1155/124 2055/1153/515
f 2055/1153/515 1845/1155/124 1544/1156/1007 1829/1157/1008
f 1846/1154/519 2055/1153/515 1829/1157/1008 1542/1158/1009
f 1501/1079/936 1785/1078/935 2056/1159/1010 1847/1160/1011
f 1785/1078/935 1500/1077/886 1842/1161/916 2056/1159/1010
f 2056/1159/1010 1842/1161/916 1536/1162/920 1822/1163/1012
f 1847/1160/1011 2056/1159/1010 1822/1163/1012 1537/1164/1013
f 1514/1083/940 1800/1110/967 2057/1165/1 1849/1166/717
f 1800/1110/967 1509/1109/966 1848/1167/719 2057/1165/1
f 2057/1165/1 1848/1167/719 1545/1168/1014 1837/1169/1015
f 1849/1166/717 2057/1165/1 1837/1169/1015 1550/1170/1016
f 1502/1063/923 1786/1088/945 2058/1171/609 1793/1064/611
f 1786/1088/945 1501/1079/936 1847/1160/1011 2058/1171/609
f 2058/1171/609 1847/1160/1011 1537/1164/1013 1823/1172/1017
f 1793/1064/611 2058/1171/609 1823/1172/1017 1538/1065/924
f 1512/782/680 1801/1115/972 2059/1173/1018 1850/1174/834
f 1801/1115/972 1507/1059/921 1840/1062/369 2059/1173/1018
f 2059/1173/1018 1840/1062/369 1543/1067/926 1838/1175/1019
f 1850/1174/834 2059/1173/1018 1838/1175/1019 1548/1176/1020
f 1509/1109/966 1794/1119/976 2060/1177/821 1848/1167/719
f 1794/1119/976 1510/1118/975 1851/1178/1021 2060/1177/821
f 2060/1177/821 1851/1178/1021 1546/1179/1022 1831/1180/1023
f 1848/1167/719 2060/1177/821 1831/1180/1023 1545/1168/1014
f 1504/1098/955 1787/1097/954 2061/1181/1024 1853/1182/1025
f 1787/1097/954 1503/1096/953 1852/1183/1026 2061/1181/1024
f 2061/1181/1024 1852/1183/1026 1539/1184/1027 1824/1185/1028
f 1853/1182/1025 2061/1181/1024 1824/1185/1028 1540/1186/1029
f 1508/1071/930 1802/1123/980 2062/1187/1030 1845/1155/124
f 1802/1123/980 1516/1102/959 1844/1148/742 2062/1187/1030
f 2062/1187/1030 1844/1148/742 1552/1152/1006 1839/1188/1031
f 1845/1155/124 2062/1187/1030 1839/1188/1031 1544/1156/1007
f 1510/1127/975 1795/1126/982 2063/1189/827 1851/1190/1021
f 1795/1126/982 1511/784/682 1854/1191/1032 2063/1189/827
f 2063/1189/827 1854/1191/1032 1547/1192/1033 1832/1193/1034
f 1851/1190/1021 2063/1189/827 1832/1193/1034 1546/1194/1022
f 1503/1096/953 1788/1106/963 2064/1195/619 1852/1183/1026
f 1788/1106/963 1505/1105/962 1855/1196/623 2064/1195/619
f 2064/1195/619 1855/1196/623 1541/1197/1035 1825/1198/1036
f 1852/1183/1026 2064/1195/619 1825/1198/1036 1539/1184/1027
f 1511/784/682 1796/783/681 2065/1199/832 1854/1191/1032
f 1796/783/681 1512/782/680 1850/1174/834 2065/1199/832
f 2065/1199/832 1850/1174/834 1548/1176/1020 1833/1200/1037
f 1854/1191/1032 2065/1199/832 1833/1200/1037 1547/1192/1033
f 1505/1105/962 1789/1112/969 2066/1201/1038 1855/1196/623
f 1789/1112/969 1506/1073/932 1846/1154/519 2066/1201/1038
f 2066/1201/1038 1846/1154/519 1542/1158/1009 1826/1202/1039
f 1855/1196/623 2066/1201/1038 1826/1202/1039 1541/1197/1035
f 1513/1085/942 1797/1084/941 2067/1203/1040 1856/1204/1041
f 1797/1084/941 1514/1083/940 1849/1166/717 2067/1203/1040
f 2067/1203/1040 1849/1166/717 1550/1170/1016 1834/1205/1042
f 1856/1204/1041 2067/1203/1040 1834/1205/1042 1549/1206/1043
f 1499/1020/884 1790/1121/978 2068/1207/254 1841/1055/917
f 1790/1121/978 1504/1098/955 1853/1182/1025 2068/1207/254
f 2068/1207/254 1853/1182/1025 1540/1186/1029 1827/1208/1044
f 1841/1055/917 2068/1207/254 1827/1208/1044 1535/1056/918
f 1515/1092/949 1798/1091/948 2069/1209/1045 1843/1149/1003
f 1798/1091/948 1513/1085/942 1856/1204/1041 2069/1209/1045
f 2069/1209/1045 1856/1204/1041 1549/1206/1043 1835/1210/1046
f 1843/1149/1003 2069/1209/1045 1835/1210/1046 1551/1150/1004
f 1517/1211/1047 1857/1212/1048 2070/1213/6 1875/1214/6
f 1857/1212/1048 1518/1215/1049 1876/1216/6 2070/1213/6
f 2070/1213/6 1876/1216/6 1536/1217/920 1821/1218/919
f 1875/1214/6 2070/1213/6 1821/1218/919 1535/1219/918
f 1518/1215/1049 1858/1220/1050 2071/1221/1051 1876/1216/6
f 1858/1220/1050 1519/1222/1052 1877/1223/6 2071/1221/1051
f 2071/1221/1051 1877/1223/6 1537/1224/1013 1822/1225/1012
f 1876/1216/6 2071/1221/1051 1822/1225/1012 1536/1217/920
f 1519/1222/1052 1859/1226/1053 2072/1227/1051 1877/1223/6
f 1859/1226/1053 1520/1228/1054 1878/1229/1051 2072/1227/1051
f 2072/1227/1051 1878/1229/1051 1538/1230/924 1823/1231/1017
f 1877/1223/6 2072/1227/1051 1823/1231/1017 1537/1224/1013
f 1521/1138/993 1860/1232/1055 2073/1233/6 1879/1234/6
f 1860/1232/1055 1522/1235/1056 1880/1236/6 2073/1233/6
f 2073/1233/6 1880/1236/6 1540/1237/1029 1824/1238/1028
f 1879/1234/6 2073/1233/6 1824/1238/1028 1539/1239/1027
f 1523/1142/997 1861/1139/994 2074/1240/6 1881/1241/6
f 1861/1139/994 1521/1138/993 1879/1234/6 2074/1240/6
f 2074/1240/6 1879/1234/6 1539/1239/1027 1825/1242/1036
f 1881/1241/6 2074/1240/6 1825/1242/1036 1541/1243/1035
f 1524/1244/1057 1862/1245/1058 2075/1246/6 1882/1247/6
f 1862/1245/1058 1523/1142/997 1881/1241/6 2075/1246/6
f 2075/1246/6 1881/1241/6 1541/1243/1035 1826/1248/1039
f 1882/1247/6 2075/1246/6 1826/1248/1039 1542/1158/1009
f 1522/1235/1056 1863/1249/1059 2076/1250/6 1880/1236/6
f 1863/1249/1059 1517/1211/1047 1875/1214/6 2076/1250/6
f 2076/1250/6 1875/1214/6 1535/1219/918 1827/1251/1044
f 1880/1236/6 2076/1250/6 1827/1251/1044 1540/1237/1029
f 1520/1228/1054 1864/1252/1060 2077/1253/6 1878/1229/1051
f 1864/1252/1060 1525/1254/1061 1883/1255/6 2077/1253/6
f 2077/1253/6 1883/1255/6 1543/1256/926 1828/1257/925
f 1878/1229/1051 2077/1253/6 1828/1257/925 1538/1230/924
f 1526/1258/1062 1865/1259/1063 2078/1260/6 1884/1261/6
f 1865/1259/1063 1524/1244/1057 1882/1247/6 2078/1260/6
f 2078/1260/6 1882/1247/6 1542/1158/1009 1829/1157/1008
f 1884/1261/6 2078/1260/6 1829/1157/1008 1544/1156/1007
f 1528/1262/1064 1866/1263/1065 2079/1264/6 1885/1265/6
f 1866/1263/1065 1527/1266/1066 1886/1267/6 2079/1264/6
f 2079/1264/6 1886/1267/6 1545/1268/1014 1831/1269/1023
f 1885/1265/6 2079/1264/6 1831/1269/1023 1546/1270/1022
f 1529/1271/1067 1867/1272/1068 2080/1273/6 1887/1274/6
f 1867/1272/1068 1528/1262/1064 1885/1265/6 2080/1273/6
f 2080/1273/6 1885/1265/6 1546/1270/1022 1832/1275/1034
f 1887/1274/6 2080/1273/6 1832/1275/1034 1547/1276/1033
f 1530/1277/1069 1868/1278/1070 2081/1279/6 1888/1280/1051
f 1868/1278/1070 1529/1271/1067 1887/1274/6 2081/1279/6
f 2081/1279/6 1887/1274/6 1547/1276/1033 1833/1281/1037
f 1888/1280/1051 2081/1279/6 1833/1281/1037 1548/1282/1020
f 1532/1133/988 1869/1130/985 2082/1283/6 1889/1284/6
f 1869/1130/985 1531/1129/984 1890/1285/6 2082/1283/6
f 2082/1283/6 1890/1285/6 1549/1286/1043 1834/1287/1042
f 1889/1284/6 2082/1283/6 1834/1287/1042 1550/1288/1016
f 1531/1129/984 1870/1289/1071 2083/1290/6 1890/1285/6
f 1870/1289/1071 1533/1291/1072 1891/1292/6 2083/1290/6
f 2083/1290/6 1891/1292/6 1551/1293/1004 1835/1294/1046
f 1890/1285/6 2083/1290/6 1835/1294/1046 1549/1286/1043
f 1533/1291/1072 1871/1295/1073 2084/1296/6 1891/1292/6
f 1871/1295/1073 1534/1297/1074 1892/1298/6 2084/1296/6
f 2084/1296/6 1892/1298/6 1552/1152/1006 1836/1299/1005
f 1891/1292/6 2084/1296/6 1836/1299/1005 1551/1293/1004
f 1527/1266/1066 1872/1300/1075 2085/1301/6 1886/1267/6
f 1872/1300/1075 1532/1133/988 1889/1284/6 2085/1301/6
f 2085/1301/6 1889/1284/6 1550/1288/1016 1837/1302/1015
f 1886/1267/6 2085/1301/6 1837/1302/1015 1545/1268/1014
f 1525/1254/1061 1873/1303/1076 2086/1304/1051 1883/1255/6
f 1873/1303/1076 1530/1277/1069 1888/1280/1051 2086/1304/1051
f 2086/1304/1051 1888/1280/1051 1548/1282/1020 1838/1305/1019
f 1883/1255/6 2086/1304/1051 1838/1305/1019 1543/1256/926
f 1534/1297/1074 1874/1306/1077 2087/1307/6 1892/1298/6
f 1874/1306/1077 1526/1258/1062 1884/1261/6 2087/1307/6
f 2087/1307/6 1884/1261/6 1544/1156/1007 1839/1188/1031
f 1892/1298/6 2087/1307/6 1839/1188/1031 1552/1152/1006
f 1554/1308/1078 1893/1309/6 2088/1310/6 1902/1311/1079
f 1553/1312/1080 1901/1313/1081 2088/1310/6 1893/1309/6
f 1558/1314/1082 1896/1315/1083 2088/1310/6 1901/1313/1081
f 1557/1316/1084 1895/1317/1085 2088/1310/6 1896/1315/1083
f 1556/1318/1086 1894/1319/1087 2088/1310/6 1895/1317/1085
f 1555/1320/1088 1900/1321/1089 2088/1310/6 1894/1319/1087
f 1560/1322/1090 1897/1323/1091 2088/1310/6 1900/1321/1089
f 1559/1146/1001 1898/1145/1000 2088/1310/6 1897/1323/1091
f 1561/1144/999 1899/1324/1092 2088/1310/6 1898/1145/1000
f 1562/1325/1093 1902/1311/1079 2088/1310/6 1899/1324/1092
f 1554/1308/1078 1911/1326/1094 2089/1327/6 1893/1309/6
f 1570/1328/1095 1908/1329/1096 2089/1327/6 1911/1326/1094
f 1569/1330/1097 1907/1331/1098 2089/1327/6 1908/1329/1096
f 1567/1137/992 1906/1136/991 2089/1327/6 1907/1331/1098
f 1568/1135/990 1909/1332/1099 2089/1327/6 1906/1136/991
f 1563/1333/1100 1903/1334/1101 2089/1327/6 1909/1332/1099
f 1564/1335/1102 1904/1336/1103 2089/1327/6 1903/1334/1101
f 1565/1337/1104 1905/1338/1105 2089/1327/6 1904/1336/1103
f 1566/1339/1106 1910/1340/1107 2089/1327/6 1905/1338/1105
f 1553/1312/1080 1893/1309/6 2089/1327/6 1910/1340/1107
f 1523/1142/997 1862/1245/1058 2090/1341/1108 1830/1143/998
f 1862/1245/1058 1524/1244/1057 1915/1342/1109 2090/1341/1108
f 2090/1341/1108 1915/1342/1109 1562/1325/1093 1899/1324/1092
f 1830/1143/998 2090/1341/1108 1899/1324/1092 1561/1144/999
f 1533/1291/1072 1870/1289/1071 2091/1343/1110 1916/1344/1111
f 1870/1289/1071 1531/1129/984 1914/1132/987 2091/1343/1110
f 2091/1343/1110 1914/1132/987 1567/1137/992 1907/1331/1098
f 1916/1344/1111 2091/1343/1110 1907/1331/1098 1569/1330/1097
f 1517/1211/1047 1863/1249/1059 2092/1345/1112 1918/1346/1113
f 1863/1249/1059 1522/1235/1056 1917/1347/1114 2092/1345/1112
f 2092/1345/1112 1917/1347/1114 1560/1322/1090 1900/1321/1089
f 1918/1346/1113 2092/1345/1112 1900/1321/1089 1555/1320/1088
f 1534/1297/1074 1871/1295/1073 2093/1348/1115 1919/1349/1116
f 1871/1295/1073 1533/1291/1072 1916/1344/1111 2093/1348/1115
f 2093/1348/1115 1916/1344/1111 1569/1330/1097 1908/1329/1096
f 1919/1349/1116 2093/1348/1115 1908/1329/1096 1570/1328/1095
f 1525/1254/1061 1864/1252/1060 2094/1350/1117 1921/1351/1118
f 1864/1252/1060 1520/1228/1054 1920/1352/1119 2094/1350/1117
f 2094/1350/1117 1920/1352/1119 1558/1314/1082 1901/1313/1081
f 1921/1351/1118 2094/1350/1117 1901/1313/1081 1553/1312/1080
f 1518/1215/1049 1857/1212/1048 2095/1353/1120 1922/1354/1121
f 1857/1212/1048 1517/1211/1047 1918/1346/1113 2095/1353/1120
f 2095/1353/1120 1918/1346/1113 1555/1320/1088 1894/1319/1087
f 1922/1354/1121 2095/1353/1120 1894/1319/1087 1556/1318/1086
f 1532/1133/988 1872/1300/1075 2096/1355/1122 1913/1134/989
f 1872/1300/1075 1527/1266/1066 1923/1356/1123 2096/1355/1122
f 2096/1355/1122 1923/1356/1123 1563/1333/1100 1909/1332/1099
f 1913/1134/989 2096/1355/1122 1909/1332/1099 1568/1135/990
f 1524/1244/1057 1865/1259/1063 2097/1357/1124 1915/1342/1109
f 1865/1259/1063 1526/1258/1062 1924/1358/1125 2097/1357/1124
f 2097/1357/1124 1924/1358/1125 1554/1308/1078 1902/1311/1079
f 1915/1342/1109 2097/1357/1124 1902/1311/1079 1562/1325/1093
f 1519/1222/1052 1858/1220/1050 2098/1359/1126 1925/1360/1127
f 1858/1220/1050 1518/1215/1049 1922/1354/1121 2098/1359/1126
f 2098/1359/1126 1922/1354/1121 1556/1318/1086 1895/1317/1085
f 1925/1360/1127 2098/1359/1126 1895/1317/1085 1557/1316/1084
f 1530/1277/1069 1873/1303/1076 2099/1361/1128 1926/1362/1129
f 1873/1303/1076 1525/1254/1061 1921/1351/1118 2099/1361/1128
f 2099/1361/1128 1921/1351/1118 1553/1312/1080 1910/1340/1107
f 1926/1362/1129 2099/1361/1128 1910/1340/1107 1566/1339/1106
f 1527/1266/1066 1866/1263/1065 2100/1363/1130 1923/1356/1123
f 1866/1263/1065 1528/1262/1064 1927/1364/1131 2100/1363/1130
f 2100/1363/1130 1927/1364/1131 1564/1335/1102 1903/1334/1101
f 1923/1356/1123 2100/1363/1130 1903/1334/1101 1563/1333/1100
f 1520/1228/1054 1859/1226/1053 2101/1365/1132 1920/1352/1119
f 1859/1226/1053 1519/1222/1052 1925/1360/1127 2101/1365/1132
f 2101/1365/1132 1925/1360/1127 1557/1316/1084 1896/1315/1083
f 1920/1352/1119 2101/1365/1132 1896/1315/1083 1558/1314/1082
f 1526/1258/1062 1874/1306/1077 2102/1366/1133 1924/1358/1125
f 1874/1306/1077 1534/1297/1074 1919/1349/1116 2102/1366/1133
f 2102/1366/1133 1919/1349/1116 1570/1328/1095 1911/1326/1094
f 1924/1358/1125 2102/1366/1133 1911/1326/1094 1554/1308/1078
f 1528/1262/1064 1867/1272/1068 2103/1367/1134 1927/1364/1131
f 1867/1272/1068 1529/1271/1067 1928/1368/1135 2103/1367/1134
f 2103/1367/1134 1928/1368/1135 1565/1337/1104 1904/1336/1103
f 1927/1364/1131 2103/1367/1134 1904/1336/1103 1564/1335/1102
f 1522/1235/1056 1860/1232/1055 2104/1369/1136 1917/1347/1114
f 1860/1232/1055 1521/1138/993 1912/1141/996 2104/1369/1136
f 2104/1369/1136 1912/1141/996 1559/1146/1001 1897/1323/1091
f 1917/1347/1114 2104/1369/1136 1897/1323/1091 1560/1322/1090
f 1529/1271/1067 1868/1278/1070 2105/1370/1137 1928/1368/1135
f 1868/1278/1070 1530/1277/1069 1926/1362/1129 2105/1370/1137
f 2105/1370/1137 1926/1362/1129 1566/1339/1106 1905/1338/1105
f 1928/1368/1135 2105/1370/1137 1905/1338/1105 1565/1337/1104
usemtl Material.002
s off
f 3/1371/1138 4/1372/1138 2/1373/1138 1/1374/1138
f 6/1375/8 3/1371/8 1/1376/8
f 4/1372/1139 5/1377/1139 2/1373/1139
f 7/1378/1140 1/1374/1140 2/1373/1140 8/1379/1140
f 6/1375/8 1/1376/8 7/1378/8
f 8/1379/1141 2/1373/1141 5/1377/1141
f 3/1371/1142 9/1380/1142 10/1381/1142 4/1372/1142
f 6/1375/8 9/1382/8 3/1371/8
f 4/1372/1143 10/1381/1143 5/1377/1143
f 7/1378/1144 8/1379/1144 10/1381/1144 9/1380/1144
f 6/1375/8 7/1378/8 9/1382/8
f 8/1379/1145 5/1377/1145 10/1381/1145
usemtl Material.003
s 1
f 907/1383/1146 1002/1384/1147 910/1385/1148 845/1386/1149
f 849/1387/1150 915/1388/1151 918/1389/1152 851/1390/1153
f 851/1390/1153 918/1389/1152 921/1391/1154 853/1392/1155
f 853/1392/1155 921/1391/1154 924/1393/1156 855/1394/1157
f 855/1394/1157 924/1393/1156 927/1395/1158 857/1396/1159
f 857/1396/1159 927/1395/1158 930/1397/1160 859/1398/1161
f 859/1398/1161 930/1397/1160 933/1399/1162 861/1400/1163
f 861/1400/1163 933/1399/1162 936/1401/1164 863/1402/1165
f 863/1402/1165 936/1401/1164 939/1403/1166 865/1404/1167
f 865/1404/1167 939/1403/1166 942/1405/1168 867/1406/1169
f 867/1406/1169 942/1405/1168 945/1407/1170 869/1408/1171
f 869/1408/1171 945/1407/1170 948/1409/1172 871/1410/1173
f 871/1410/1173 948/1409/1172 951/1411/1174 873/1412/1175
f 873/1412/1175 951/1411/1174 954/1413/1176 875/1414/1177
f 875/1414/1177 954/1413/1176 957/1415/1178 877/1416/1179
f 877/1416/1179 957/1415/1178 960/1417/1180 879/1418/1181
f 879/1418/1181 960/1417/1180 963/1419/1182 881/1420/1183
f 881/1420/1183 963/1419/1182 966/1421/1184 883/1422/1185
f 883/1422/1185 966/1421/1184 969/1423/1186 885/1424/1187
f 885/1424/1187 969/1423/1186 972/1425/1188 887/1426/1189
f 887/1426/1189 972/1425/1188 975/1427/1190 889/1428/1191
f 889/1428/1191 975/1427/1190 978/1429/1192 891/1430/1193
f 891/1430/1193 978/1429/1192 981/1431/1194 893/1432/1195
f 893/1432/1195 981/1431/1194 984/1433/1196 895/1434/1197
f 895/1434/1197 984/1433/1196 987/1435/1198 897/1436/1199
f 897/1436/1199 987/1435/1198 990/1437/1200 899/1438/1201
f 899/1438/1201 990/1437/1200 993/1439/1202 901/1440/1203
f 901/1440/1203 993/1439/1202 996/1441/1204 903/1442/1205
f 903/1442/1205 996/1441/1204 999/1443/1206 905/1444/1207
f 905/1444/1207 999/1443/1206 1002/1384/1147 907/1383/1146
f 848/1445/1208 846/1446/1209 908/1447/1210 906/1448/1211 904/1449/1212 902/1450/1213 900/1451/1214 898/1452/1215 896/1453/1216 894/1454/1217 892/1455/1218 890/1456/1219 888/1457/1220 886/1458/1221 884/1459/1222 882/1460/1223 880/1461/1224 878/1462/1225 876/1463/1226 874/1464/1227 872/1465/1228 870/1466/1229 868/1467/1230 866/1468/1231 864/1469/1232 862/1470/1233 860/1471/1234 858/1472/1235 856/1473/1236 854/1474/1237 852/1475/1238 850/1476/1239
f 845/1477/1149 910/1478/1148 912/1479/1240 847/1480/1241
f 845/1481/1149 847/1482/1241 849/1483/1150 851/1484/1153 853/1485/1155 855/1486/1157 857/1487/1159 859/1488/1161 861/1489/1163 863/1490/1165 865/1491/1167 867/1492/1169 869/1493/1171 871/1494/1173 873/1495/1175 875/1496/1177 877/1497/1179 879/1498/1181 881/1499/1183 883/1500/1185 885/1501/1187 887/1502/1189 889/1503/1191 891/1504/1193 893/1505/1195 895/1506/1197 897/1507/1199 899/1508/1201 901/1509/1203 903/1510/1205 905/1511/1207 907/1512/1146
f 847/1480/1241 912/1479/1240 915/1388/1151 849/1387/1150
f 1000/1513/1242 906/1514/1211 908/1515/1210 1003/1516/1243
f 997/1517/1244 904/1518/1212 906/1514/1211 1000/1513/1242
f 994/1519/1245 902/1520/1213 904/1518/1212 997/1517/1244
f 991/1521/1246 900/1522/1214 902/1520/1213 994/1519/1245
f 988/1523/1247 898/1524/1215 900/1522/1214 991/1521/1246
f 985/1525/1248 896/1526/1216 898/1524/1215 988/1523/1247
f 982/1527/1249 894/1528/1217 896/1526/1216 985/1525/1248
f 979/1529/1250 892/1530/1218 894/1528/1217 982/1527/1249
f 976/1531/1251 890/1532/1219 892/1530/1218 979/1529/1250
f 973/1533/1252 888/1534/1220 890/1532/1219 976/1531/1251
f 970/1535/1253 886/1536/1221 888/1534/1220 973/1533/1252
f 967/1537/1254 884/1538/1222 886/1536/1221 970/1535/1253
f 964/1539/1255 882/1540/1223 884/1538/1222 967/1537/1254
f 961/1541/1256 880/1542/1224 882/1540/1223 964/1539/1255
f 958/1543/1257 878/1544/1225 880/1542/1224 961/1541/1256
f 955/1545/1258 876/1546/1226 878/1544/1225 958/1543/1257
f 952/1547/1259 874/1548/1227 876/1546/1226 955/1545/1258
f 949/1549/1260 872/1550/1228 874/1548/1227 952/1547/1259
f 946/1551/1261 870/1552/1229 872/1550/1228 949/1549/1260
f 943/1553/1262 868/1554/1230 870/1552/1229 946/1551/1261
f 940/1555/1263 866/1556/1231 868/1554/1230 943/1553/1262
f 937/1557/1264 864/1558/1232 866/1556/1231 940/1555/1263
f 934/1559/1265 862/1560/1233 864/1558/1232 937/1557/1264
f 931/1561/1266 860/1562/1234 862/1560/1233 934/1559/1265
f 928/1563/1267 858/1564/1235 860/1562/1234 931/1561/1266
f 925/1565/1268 856/1566/1236 858/1564/1235 928/1563/1267
f 922/1567/1269 854/1568/1237 856/1566/1236 925/1565/1268
f 919/1569/1270 852/1570/1238 854/1568/1237 922/1567/1269
f 916/1571/1271 850/1572/1239 852/1570/1238 919/1569/1270
f 913/1573/1272 848/1574/1208 850/1572/1239 916/1571/1271
f 909/1575/1273 846/1576/1209 848/1574/1208 913/1573/1272
f 1003/1516/1243 909/1577/1273 911/1578/1 1004/1579/477
f 1004/1579/477 911/1578/1 910/1385/1148 1002/1384/1147
f 1000/1513/1242 1003/1516/1243 1004/1579/477 1001/1580/454
f 1001/1580/454 1004/1579/477 1002/1384/1147 999/1443/1206
f 997/1517/1244 1000/1513/1242 1001/1580/454 998/1581/448
f 998/1581/448 1001/1580/454 999/1443/1206 996/1441/1204
f 994/1519/1245 997/1517/1244 998/1581/448 995/1582/426
f 995/1582/426 998/1581/448 996/1441/1204 993/1439/1202
f 991/1521/1246 994/1519/1245 995/1582/426 992/1583/419
f 992/1583/419 995/1582/426 993/1439/1202 990/1437/1200
f 988/1523/1247 991/1521/1246 992/1583/419 989/1584/398
f 989/1584/398 992/1583/419 990/1437/1200 987/1435/1198
f 985/1525/1248 988/1523/1247 989/1584/398 986/1585/1274
f 986/1585/1274 989/1584/398 987/1435/1198 984/1433/1196
f 982/1527/1249 985/1525/1248 986/1585/1274 983/1586/369
f 983/1586/369 986/1585/1274 984/1433/1196 981/1431/1194
f 979/1529/1250 982/1527/1249 983/1586/369 980/1587/362
f 980/1587/362 983/1586/369 981/1431/1194 978/1429/1192
f 976/1531/1251 979/1529/1250 980/1587/362 977/1588/340
f 977/1588/340 980/1587/362 978/1429/1192 975/1427/1190
f 973/1533/1252 976/1531/1251 977/1588/340 974/1589/318
f 974/1589/318 977/1588/340 975/1427/1190 972/1425/1188
f 970/1535/1253 973/1533/1252 974/1589/318 971/1590/311
f 971/1590/311 974/1589/318 972/1425/1188 969/1423/1186
f 967/1537/1254 970/1535/1253 971/1590/311 968/1591/1275
f 968/1591/1275 971/1590/311 969/1423/1186 966/1421/1184
f 964/1539/1255 967/1537/1254 968/1591/1275 965/1592/1276
f 965/1592/1276 968/1591/1275 966/1421/1184 963/1419/1182
f 961/1541/1256 964/1539/1255 965/1592/1276 962/1593/261
f 962/1593/261 965/1592/1276 963/1419/1182 960/1417/1180
f 958/1543/1257 961/1541/1256 962/1593/261 959/1594/254
f 959/1594/254 962/1593/261 960/1417/1180 957/1415/1178
f 955/1545/1258 958/1543/1257 959/1594/254 956/1595/232
f 956/1595/232 959/1594/254 957/1415/1178 954/1413/1176
f 952/1547/1259 955/1545/1258 956/1595/232 953/1596/225
f 953/1596/225 956/1595/232 954/1413/1176 951/1411/1174
f 949/1549/1260 952/1547/1259 953/1596/225 950/1597/203
f 950/1597/203 953/1596/225 951/1411/1174 948/1409/1172
f 946/1551/1261 949/1549/1260 950/1597/203 947/1598/196
f 947/1598/196 950/1597/203 948/1409/1172 945/1407/1170
f 943/1553/1262 946/1551/1261 947/1598/196 944/1599/174
f 944/1599/174 947/1598/196 945/1407/1170 942/1405/1168
f 940/1555/1263 943/1553/1262 944/1599/174 941/1600/167
f 941/1600/167 944/1599/174 942/1405/1168 939/1403/1166
f 937/1557/1264 940/1555/1263 941/1600/167 938/1601/1277
f 938/1601/1277 941/1600/167 939/1403/1166 936/1401/1164
f 934/1559/1265 937/1557/1264 938/1601/1277 935/1602/124
f 935/1602/124 938/1601/1277 936/1401/1164 933/1399/1162
f 931/1561/1266 934/1559/1265 935/1602/124 932/1603/117
f 932/1603/117 935/1602/124 933/1399/1162 930/1397/1160
f 928/1563/1267 931/1561/1266 932/1603/117 929/1604/94
f 929/1604/94 932/1603/117 930/1397/1160 927/1395/1158
f 925/1565/1268 928/1563/1267 929/1604/94 926/1605/88
f 926/1605/88 929/1604/94 927/1395/1158 924/1393/1156
f 922/1567/1269 925/1565/1268 926/1605/88 923/1606/66
f 923/1606/66 926/1605/88 924/1393/1156 921/1391/1154
f 919/1569/1270 922/1567/1269 923/1606/66 920/1607/59
f 920/1607/59 923/1606/66 921/1391/1154 918/1389/1152
f 916/1571/1271 919/1569/1270 920/1607/59 917/1608/37
f 917/1608/37 920/1607/59 918/1389/1152 915/1388/1151
f 913/1573/1272 916/1571/1271 917/1608/37 914/1609/4
f 914/1609/4 917/1608/37 915/1388/1151 912/1479/1240
f 909/1575/1273 913/1573/1272 914/1609/4 911/1610/1
f 911/1610/1 914/1609/4 912/1479/1240 910/1478/1148
f 1003/1516/1243 908/1515/1210 846/1611/1209 909/1577/1273
f 908/1612/1210 1130/1613/1147 1038/1614/1148 846/1615/1209
f 850/1616/1239 1043/1617/1151 1046/1618/1152 852/1619/1238
f 852/1619/1238 1046/1618/1152 1049/1620/1154 854/1621/1237
f 854/1621/1237 1049/1620/1154 1052/1622/1156 856/1623/1236
f 856/1623/1236 1052/1622/1156 1055/1624/1158 858/1625/1235
f 858/1625/1235 1055/1624/1158 1058/1626/1160 860/1627/1234
f 860/1627/1234 1058/1626/1160 1061/1628/1162 862/1629/1233
f 862/1629/1233 1061/1628/1162 1064/1630/1164 864/1631/1232
f 864/1631/1232 1064/1630/1164 1067/1632/1166 866/1633/1231
f 866/1633/1231 1067/1632/1166 1070/1634/1168 868/1635/1230
f 868/1635/1230 1070/1634/1168 1073/1636/1170 870/1637/1229
f 870/1637/1229 1073/1636/1170 1076/1638/1172 872/1639/1228
f 872/1639/1228 1076/1638/1172 1079/1640/1278 874/1641/1227
f 874/1641/1227 1079/1640/1278 1082/1642/1176 876/1643/1226
f 876/1643/1226 1082/1642/1176 1085/1644/1178 878/1645/1225
f 878/1645/1225 1085/1644/1178 1088/1646/1180 880/1647/1224
f 880/1647/1224 1088/1646/1180 1091/1648/1182 882/1649/1223
f 882/1649/1223 1091/1648/1182 1094/1650/1184 884/1651/1222
f 884/1651/1222 1094/1650/1184 1097/1652/1186 886/1653/1221
f 886/1653/1221 1097/1652/1186 1100/1654/1188 888/1655/1220
f 888/1655/1220 1100/1654/1188 1103/1656/1190 890/1657/1219
f 890/1657/1219 1103/1656/1190 1106/1658/1192 892/1659/1218
f 892/1659/1218 1106/1658/1192 1109/1660/1194 894/1661/1217
f 894/1661/1217 1109/1660/1194 1112/1662/1196 896/1663/1216
f 896/1663/1216 1112/1662/1196 1115/1664/1198 898/1665/1215
f 898/1665/1215 1115/1664/1198 1118/1666/1200 900/1667/1214
f 900/1667/1214 1118/1666/1200 1121/1668/1202 902/1669/1213
f 902/1669/1213 1121/1668/1202 1124/1670/1204 904/1671/1212
f 904/1671/1212 1124/1670/1204 1127/1672/1206 906/1673/1211
f 906/1673/1211 1127/1672/1206 1130/1613/1147 908/1612/1210
f 1006/1674/1208 1005/1675/1209 1036/1676/1210 1035/1677/1211 1034/1678/1212 1033/1679/1213 1032/1680/1214 1031/1681/1215 1030/1682/1216 1029/1683/1217 1028/1684/1218 1027/1685/1219 1026/1686/1220 1025/1687/1221 1024/1688/1222 1023/1689/1223 1022/1690/1224 1021/1691/1225 1020/1692/1226 1019/1693/1227 1018/1694/1228 1017/1695/1229 1016/1696/1230 1015/1697/1231 1014/1698/1232 1013/1699/1233 1012/1700/1234 1011/1701/1235 1010/1702/1236 1009/1703/1237 1008/1704/1238 1007/1705/1239
f 846/1706/1209 1038/1707/1148 1040/1708/1240 848/1709/1208
f 848/1709/1208 1040/1708/1240 1043/1617/1151 850/1616/1239
f 1128/1710/1242 1035/1711/1211 1036/1712/1210 1131/1713/1243
f 1125/1714/1244 1034/1715/1212 1035/1711/1211 1128/1710/1242
f 1122/1716/1245 1033/1717/1213 1034/1715/1212 1125/1714/1244
f 1119/1718/1246 1032/1719/1214 1033/1717/1213 1122/1716/1245
f 1116/1720/1247 1031/1721/1215 1032/1719/1214 1119/1718/1246
f 1113/1722/1248 1030/1723/1216 1031/1721/1215 1116/1720/1247
f 1110/1724/1249 1029/1725/1217 1030/1723/1216 1113/1722/1248
f 1107/1726/1250 1028/1727/1218 1029/1725/1217 1110/1724/1249
f 1104/1728/1251 1027/1729/1219 1028/1727/1218 1107/1726/1250
f 1101/1730/1252 1026/1731/1220 1027/1729/1219 1104/1728/1251
f 1098/1732/1253 1025/1733/1221 1026/1731/1220 1101/1730/1252
f 1095/1734/1254 1024/1735/1222 1025/1733/1221 1098/1732/1253
f 1092/1736/1255 1023/1737/1223 1024/1735/1222 1095/1734/1254
f 1089/1738/1256 1022/1739/1224 1023/1737/1223 1092/1736/1255
f 1086/1740/1257 1021/1741/1225 1022/1739/1224 1089/1738/1256
f 1083/1742/1258 1020/1743/1226 1021/1741/1225 1086/1740/1257
f 1080/1744/1259 1019/1745/1227 1020/1743/1226 1083/1742/1258
f 1077/1746/1260 1018/1747/1228 1019/1745/1227 1080/1744/1259
f 1074/1748/1261 1017/1749/1229 1018/1747/1228 1077/1746/1260
f 1071/1750/1262 1016/1751/1230 1017/1749/1229 1074/1748/1261
f 1068/1752/1279 1015/1753/1231 1016/1751/1230 1071/1750/1262
f 1065/1754/1264 1014/1755/1232 1015/1753/1231 1068/1752/1279
f 1062/1756/1265 1013/1757/1233 1014/1755/1232 1065/1754/1264
f 1059/1758/1266 1012/1759/1234 1013/1757/1233 1062/1756/1265
f 1056/1760/1267 1011/1761/1235 1012/1759/1234 1059/1758/1266
f 1053/1762/1268 1010/1763/1236 1011/1761/1235 1056/1760/1267
f 1050/1764/1269 1009/1765/1237 1010/1763/1236 1053/1762/1268
f 1047/1766/1270 1008/1767/1238 1009/1765/1237 1050/1764/1269
f 1044/1768/1271 1007/1769/1239 1008/1767/1238 1047/1766/1270
f 1041/1770/1272 1006/1771/1208 1007/1769/1239 1044/1768/1271
f 1037/1772/1273 1005/1773/1209 1006/1771/1208 1041/1770/1272
f 1131/1713/1243 1037/1774/1273 1039/1775/1 1132/1776/477
f 1132/1776/477 1039/1775/1 1038/1614/1148 1130/1613/1147
f 1128/1710/1242 1131/1713/1243 1132/1776/477 1129/1777/454
f 1129/1777/454 1132/1776/477 1130/1613/1147 1127/1672/1206
f 1125/1714/1244 1128/1710/1242 1129/1777/454 1126/1778/448
f 1126/1778/448 1129/1777/454 1127/1672/1206 1124/1670/1204
f 1122/1716/1245 1125/1714/1244 1126/1778/448 1123/1779/1280
f 1123/1779/1280 1126/1778/448 1124/1670/1204 1121/1668/1202
f 1119/1718/1246 1122/1716/1245 1123/1779/1280 1120/1780/419
f 1120/1780/419 1123/1779/1280 1121/1668/1202 1118/1666/1200
f 1116/1720/1247 1119/1718/1246 1120/1780/419 1117/1781/398
f 1117/1781/398 1120/1780/419 1118/1666/1200 1115/1664/1198
f 1113/1722/1248 1116/1720/1247 1117/1781/398 1114/1782/1274
f 1114/1782/1274 1117/1781/398 1115/1664/1198 1112/1662/1196
f 1110/1724/1249 1113/1722/1248 1114/1782/1274 1111/1783/369
f 1111/1783/369 1114/1782/1274 1112/1662/1196 1109/1660/1194
f 1107/1726/1250 1110/1724/1249 1111/1783/369 1108/1784/362
f 1108/1784/362 1111/1783/369 1109/1660/1194 1106/1658/1192
f 1104/1728/1251 1107/1726/1250 1108/1784/362 1105/1785/340
f 1105/1785/340 1108/1784/362 1106/1658/1192 1103/1656/1190
f 1101/1730/1252 1104/1728/1251 1105/1785/340 1102/1786/318
f 1102/1786/318 1105/1785/340 1103/1656/1190 1100/1654/1188
f 1098/1732/1253 1101/1730/1252 1102/1786/318 1099/1787/311
f 1099/1787/311 1102/1786/318 1100/1654/1188 1097/1652/1186
f 1095/1734/1254 1098/1732/1253 1099/1787/311 1096/1788/290
f 1096/1788/290 1099/1787/311 1097/1652/1186 1094/1650/1184
f 1092/1736/1255 1095/1734/1254 1096/1788/290 1093/1789/282
f 1093/1789/282 1096/1788/290 1094/1650/1184 1091/1648/1182
f 1089/1738/1256 1092/1736/1255 1093/1789/282 1090/1790/261
f 1090/1790/261 1093/1789/282 1091/1648/1182 1088/1646/1180
f 1086/1740/1257 1089/1738/1256 1090/1790/261 1087/1791/254
f 1087/1791/254 1090/1790/261 1088/1646/1180 1085/1644/1178
f 1083/1742/1258 1086/1740/1257 1087/1791/254 1084/1792/232
f 1084/1792/232 1087/1791/254 1085/1644/1178 1082/1642/1176
f 1080/1744/1259 1083/1742/1258 1084/1792/232 1081/1793/225
f 1081/1793/225 1084/1792/232 1082/1642/1176 1079/1640/1278
f 1077/1746/1260 1080/1744/1259 1081/1793/225 1078/1794/203
f 1078/1794/203 1081/1793/225 1079/1640/1278 1076/1638/1172
f 1074/1748/1261 1077/1746/1260 1078/1794/203 1075/1795/196
f 1075/1795/196 1078/1794/203 1076/1638/1172 1073/1636/1170
f 1071/1750/1262 1074/1748/1261 1075/1795/196 1072/1796/174
f 1072/1796/174 1075/1795/196 1073/1636/1170 1070/1634/1168
f 1068/1752/1279 1071/1750/1262 1072/1796/174 1069/1797/167
f 1069/1797/167 1072/1796/174 1070/1634/1168 1067/1632/1166
f 1065/1754/1264 1068/1752/1279 1069/1797/167 1066/1798/145
f 1066/1798/145 1069/1797/167 1067/1632/1166 1064/1630/1164
f 1062/1756/1265 1065/1754/1264 1066/1798/145 1063/1799/124
f 1063/1799/124 1066/1798/145 1064/1630/1164 1061/1628/1162
f 1059/1758/1266 1062/1756/1265 1063/1799/124 1060/1800/117
f 1060/1800/117 1063/1799/124 1061/1628/1162 1058/1626/1160
f 1056/1760/1267 1059/1758/1266 1060/1800/117 1057/1801/94
f 1057/1801/94 1060/1800/117 1058/1626/1160 1055/1624/1158
f 1053/1762/1268 1056/1760/1267 1057/1801/94 1054/1802/88
f 1054/1802/88 1057/1801/94 1055/1624/1158 1052/1622/1156
f 1050/1764/1269 1053/1762/1268 1054/1802/88 1051/1803/66
f 1051/1803/66 1054/1802/88 1052/1622/1156 1049/1620/1154
f 1047/1766/1270 1050/1764/1269 1051/1803/66 1048/1804/59
f 1048/1804/59 1051/1803/66 1049/1620/1154 1046/1618/1152
f 1044/1768/1271 1047/1766/1270 1048/1804/59 1045/1805/37
f 1045/1805/37 1048/1804/59 1046/1618/1152 1043/1617/1151
f 1041/1770/1272 1044/1768/1271 1045/1805/37 1042/1806/4
f 1042/1806/4 1045/1805/37 1043/1617/1151 1040/1708/1240
f 1037/1772/1273 1041/1770/1272 1042/1806/4 1039/1807/1
f 1039/1807/1 1042/1806/4 1040/1708/1240 1038/1707/1148
f 1131/1713/1243 1036/1712/1210 1005/1808/1209 1037/1774/1273
f 1036/1809/1210 1258/1810/1147 1166/1811/1148 1005/1812/1209
f 1007/1813/1239 1171/1814/1151 1174/1815/1152 1008/1816/1238
f 1008/1816/1238 1174/1815/1152 1177/1817/1154 1009/1818/1237
f 1009/1818/1237 1177/1817/1154 1180/1819/1156 1010/1820/1236
f 1010/1820/1236 1180/1819/1156 1183/1821/1158 1011/1822/1235
f 1011/1822/1235 1183/1821/1158 1186/1823/1160 1012/1824/1234
f 1012/1824/1234 1186/1823/1160 1189/1825/1162 1013/1826/1233
f 1013/1826/1233 1189/1825/1162 1192/1827/1164 1014/1828/1232
f 1014/1828/1232 1192/1827/1164 1195/1829/1166 1015/1830/1231
f 1015/1830/1231 1195/1829/1166 1198/1831/1168 1016/1832/1230
f 1016/1832/1230 1198/1831/1168 1201/1833/1170 1017/1834/1229
f 1017/1834/1229 1201/1833/1170 1204/1835/1172 1018/1836/1228
f 1018/1836/1228 1204/1835/1172 1207/1837/1278 1019/1838/1227
f 1019/1838/1227 1207/1837/1278 1210/1839/1176 1020/1840/1226
f 1020/1840/1226 1210/1839/1176 1213/1841/1178 1021/1842/1225
f 1021/1842/1225 1213/1841/1178 1216/1843/1180 1022/1844/1224
f 1022/1844/1224 1216/1843/1180 1219/1845/1182 1023/1846/1223
f 1023/1846/1223 1219/1845/1182 1222/1847/1184 1024/1848/1222
f 1024/1848/1222 1222/1847/1184 1225/1849/1186 1025/1850/1221
f 1025/1850/1221 1225/1849/1186 1228/1851/1188 1026/1852/1220
f 1026/1852/1220 1228/1851/1188 1231/1853/1190 1027/1854/1219
f 1027/1854/1219 1231/1853/1190 1234/1855/1192 1028/1856/1218
f 1028/1856/1218 1234/1855/1192 1237/1857/1194 1029/1858/1217
f 1029/1858/1217 1237/1857/1194 1240/1859/1196 1030/1860/1216
f 1030/1860/1216 1240/1859/1196 1243/1861/1198 1031/1862/1215
f 1031/1862/1215 1243/1861/1198 1246/1863/1200 1032/1864/1214
f 1032/1864/1214 1246/1863/1200 1249/1865/1202 1033/1866/1213
f 1033/1866/1213 1249/1865/1202 1252/1867/1204 1034/1868/1212
f 1034/1868/1212 1252/1867/1204 1255/1869/1206 1035/1870/1211
f 1035/1870/1211 1255/1869/1206 1258/1810/1147 1036/1809/1210
f 1134/1871/1208 1133/1872/1209 1164/1873/1210 1163/1874/1211 1162/1875/1212 1161/1876/1213 1160/1877/1214 1159/1878/1215 1158/1879/1216 1157/1880/1217 1156/1881/1218 1155/1882/1219 1154/1883/1220 1153/1884/1221 1152/1885/1222 1151/1886/1223 1150/1887/1224 1149/1888/1225 1148/1889/1226 1147/1890/1227 1146/1891/1228 1145/1892/1229 1144/1893/1230 1143/1894/1231 1142/1895/1232 1141/1896/1233 1140/1897/1234 1139/1898/1235 1138/1899/1236 1137/1900/1237 1136/1901/1238 1135/1902/1239
f 1005/1903/1209 1166/1904/1148 1168/1905/1240 1006/1906/1208
f 1006/1906/1208 1168/1905/1240 1171/1814/1151 1007/1813/1239
f 1256/1907/1242 1163/1908/1211 1164/1909/1210 1259/1910/1243
f 1253/1911/1244 1162/1912/1212 1163/1908/1211 1256/1907/1242
f 1250/1913/1245 1161/1914/1213 1162/1912/1212 1253/1911/1244
f 1247/1915/1246 1160/1916/1214 1161/1914/1213 1250/1913/1245
f 1244/1917/1247 1159/1918/1215 1160/1916/1214 1247/1915/1246
f 1241/1919/1248 1158/1920/1216 1159/1918/1215 1244/1917/1247
f 1238/1921/1249 1157/1922/1217 1158/1920/1216 1241/1919/1248
f 1235/1923/1250 1156/1924/1218 1157/1922/1217 1238/1921/1249
f 1232/1925/1251 1155/1926/1219 1156/1924/1218 1235/1923/1250
f 1229/1927/1252 1154/1928/1220 1155/1926/1219 1232/1925/1251
f 1226/1929/1253 1153/1930/1221 1154/1928/1220 1229/1927/1252
f 1223/1931/1254 1152/1932/1222 1153/1930/1221 1226/1929/1253
f 1220/1933/1255 1151/1934/1223 1152/1932/1222 1223/1931/1254
f 1217/1935/1256 1150/1936/1224 1151/1934/1223 1220/1933/1255
f 1214/1937/1257 1149/1938/1225 1150/1936/1224 1217/1935/1256
f 1211/1939/1258 1148/1940/1226 1149/1938/1225 1214/1937/1257
f 1208/1941/1259 1147/1942/1227 1148/1940/1226 1211/1939/1258
f 1205/1943/1260 1146/1944/1228 1147/1942/1227 1208/1941/1259
f 1202/1945/1261 1145/1946/1229 1146/1944/1228 1205/1943/1260
f 1199/1947/1262 1144/1948/1230 1145/1946/1229 1202/1945/1261
f 1196/1949/1263 1143/1950/1231 1144/1948/1230 1199/1947/1262
f 1193/1951/1264 1142/1952/1232 1143/1950/1231 1196/1949/1263
f 1190/1953/1265 1141/1954/1233 1142/1952/1232 1193/1951/1264
f 1187/1955/1266 1140/1956/1234 1141/1954/1233 1190/1953/1265
f 1184/1957/1267 1139/1958/1235 1140/1956/1234 1187/1955/1266
f 1181/1959/1268 1138/1960/1236 1139/1958/1235 1184/1957/1267
f 1178/1961/1269 1137/1962/1237 1138/1960/1236 1181/1959/1268
f 1175/1963/1270 1136/1964/1238 1137/1962/1237 1178/1961/1269
f 1172/1965/1271 1135/1966/1239 1136/1964/1238 1175/1963/1270
f 1169/1967/1272 1134/1968/1208 1135/1966/1239 1172/1965/1271
f 1165/1969/1273 1133/1970/1209 1134/1968/1208 1169/1967/1272
f 1259/1910/1243 1165/1971/1273 1167/1972/1 1260/1973/477
f 1260/1973/477 1167/1972/1 1166/1811/1148 1258/1810/1147
f 1256/1907/1242 1259/1910/1243 1260/1973/477 1257/1974/454
f 1257/1974/454 1260/1973/477 1258/1810/1147 1255/1869/1206
f 1253/1911/1244 1256/1907/1242 1257/1974/454 1254/1975/448
f 1254/1975/448 1257/1974/454 1255/1869/1206 1252/1867/1204
f 1250/1913/1245 1253/1911/1244 1254/1975/448 1251/1976/426
f 1251/1976/426 1254/1975/448 1252/1867/1204 1249/1865/1202
f 1247/1915/1246 1250/1913/1245 1251/1976/426 1248/1977/419
f 1248/1977/419 1251/1976/426 1249/1865/1202 1246/1863/1200
f 1244/1917/1247 1247/1915/1246 1248/1977/419 1245/1978/398
f 1245/1978/398 1248/1977/419 1246/1863/1200 1243/1861/1198
f 1241/1919/1248 1244/1917/1247 1245/1978/398 1242/1979/391
f 1242/1979/391 1245/1978/398 1243/1861/1198 1240/1859/1196
f 1238/1921/1249 1241/1919/1248 1242/1979/391 1239/1980/369
f 1239/1980/369 1242/1979/391 1240/1859/1196 1237/1857/1194
f 1235/1923/1250 1238/1921/1249 1239/1980/369 1236/1981/362
f 1236/1981/362 1239/1980/369 1237/1857/1194 1234/1855/1192
f 1232/1925/1251 1235/1923/1250 1236/1981/362 1233/1982/340
f 1233/1982/340 1236/1981/362 1234/1855/1192 1231/1853/1190
f 1229/1927/1252 1232/1925/1251 1233/1982/340 1230/1983/318
f 1230/1983/318 1233/1982/340 1231/1853/1190 1228/1851/1188
f 1226/1929/1253 1229/1927/1252 1230/1983/318 1227/1984/311
f 1227/1984/311 1230/1983/318 1228/1851/1188 1225/1849/1186
f 1223/1931/1254 1226/1929/1253 1227/1984/311 1224/1985/1275
f 1224/1985/1275 1227/1984/311 1225/1849/1186 1222/1847/1184
f 1220/1933/1255 1223/1931/1254 1224/1985/1275 1221/1986/282
f 1221/1986/282 1224/1985/1275 1222/1847/1184 1219/1845/1182
f 1217/1935/1256 1220/1933/1255 1221/1986/282 1218/1987/261
f 1218/1987/261 1221/1986/282 1219/1845/1182 1216/1843/1180
f 1214/1937/1257 1217/1935/1256 1218/1987/261 1215/1988/254
f 1215/1988/254 1218/1987/261 1216/1843/1180 1213/1841/1178
f 1211/1939/1258 1214/1937/1257 1215/1988/254 1212/1989/232
f 1212/1989/232 1215/1988/254 1213/1841/1178 1210/1839/1176
f 1208/1941/1259 1211/1939/1258 1212/1989/232 1209/1990/225
f 1209/1990/225 1212/1989/232 1210/1839/1176 1207/1837/1278
f 1205/1943/1260 1208/1941/1259 1209/1990/225 1206/1991/203
f 1206/1991/203 1209/1990/225 1207/1837/1278 1204/1835/1172
f 1202/1945/1261 1205/1943/1260 1206/1991/203 1203/1992/1281
f 1203/1992/1281 1206/1991/203 1204/1835/1172 1201/1833/1170
f 1199/1947/1262 1202/1945/1261 1203/1992/1281 1200/1993/174
f 1200/1993/174 1203/1992/1281 1201/1833/1170 1198/1831/1168
f 1196/1949/1263 1199/1947/1262 1200/1993/174 1197/1994/167
f 1197/1994/167 1200/1993/174 1198/1831/1168 1195/1829/1166
f 1193/1951/1264 1196/1949/1263 1197/1994/167 1194/1995/145
f 1194/1995/145 1197/1994/167 1195/1829/1166 1192/1827/1164
f 1190/1953/1265 1193/1951/1264 1194/1995/145 1191/1996/124
f 1191/1996/124 1194/1995/145 1192/1827/1164 1189/1825/1162
f 1187/1955/1266 1190/1953/1265 1191/1996/124 1188/1997/117
f 1188/1997/117 1191/1996/124 1189/1825/1162 1186/1823/1160
f 1184/1957/1267 1187/1955/1266 1188/1997/117 1185/1998/94
f 1185/1998/94 1188/1997/117 1186/1823/1160 1183/1821/1158
f 1181/1959/1268 1184/1957/1267 1185/1998/94 1182/1999/88
f 1182/1999/88 1185/1998/94 1183/1821/1158 1180/1819/1156
f 1178/1961/1269 1181/1959/1268 1182/1999/88 1179/2000/66
f 1179/2000/66 1182/1999/88 1180/1819/1156 1177/1817/1154
f 1175/1963/1270 1178/1961/1269 1179/2000/66 1176/2001/59
f 1176/2001/59 1179/2000/66 1177/1817/1154 1174/1815/1152
f 1172/1965/1271 1175/1963/1270 1176/2001/59 1173/2002/37
f 1173/2002/37 1176/2001/59 1174/1815/1152 1171/1814/1151
f 1169/1967/1272 1172/1965/1271 1173/2002/37 1170/2003/4
f 1170/2003/4 1173/2002/37 1171/1814/1151 1168/1905/1240
f 1165/1969/1273 1169/1967/1272 1170/2003/4 1167/2004/1
f 1167/2004/1 1170/2003/4 1168/1905/1240 1166/1904/1148
f 1259/1910/1243 1164/1909/1210 1133/2005/1209 1165/1971/1273
f 1164/2006/1210 1386/2007/1147 1294/2008/1148 1133/2009/1209
f 1135/2010/1239 1299/2011/1151 1302/2012/1152 1136/2013/1238
f 1136/2013/1238 1302/2012/1152 1305/2014/1154 1137/2015/1237
f 1137/2015/1237 1305/2014/1154 1308/2016/1156 1138/2017/1236
f 1138/2017/1236 1308/2016/1156 1311/2018/1158 1139/2019/1235
f 1139/2019/1235 1311/2018/1158 1314/2020/1160 1140/2021/1234
f 1140/2021/1234 1314/2020/1160 1317/2022/1162 1141/2023/1233
f 1141/2023/1233 1317/2022/1162 1320/2024/1164 1142/2025/1232
f 1142/2025/1232 1320/2024/1164 1323/2026/1166 1143/2027/1231
f 1143/2027/1231 1323/2026/1166 1326/2028/1168 1144/2029/1230
f 1144/2029/1230 1326/2028/1168 1329/2030/1170 1145/2031/1229
f 1145/2031/1229 1329/2030/1170 1332/2032/1172 1146/2033/1228
f 1146/2033/1228 1332/2032/1172 1335/2034/1174 1147/2035/1227
f 1147/2035/1227 1335/2034/1174 1338/2036/1176 1148/2037/1226
f 1148/2037/1226 1338/2036/1176 1341/2038/1178 1149/2039/1225
f 1149/2039/1225 1341/2038/1178 1344/2040/1180 1150/2041/1224
f 1150/2041/1224 1344/2040/1180 1347/2042/1182 1151/2043/1223
f 1151/2043/1223 1347/2042/1182 1350/2044/1184 1152/2045/1222
f 1152/2045/1222 1350/2044/1184 1353/2046/1186 1153/2047/1221
f 1153/2047/1221 1353/2046/1186 1356/2048/1188 1154/2049/1220
f 1154/2049/1220 1356/2048/1188 1359/2050/1190 1155/2051/1219
f 1155/2051/1219 1359/2050/1190 1362/2052/1192 1156/2053/1218
f 1156/2053/1218 1362/2052/1192 1365/2054/1194 1157/2055/1217
f 1157/2055/1217 1365/2054/1194 1368/2056/1196 1158/2057/1216
f 1158/2057/1216 1368/2056/1196 1371/2058/1198 1159/2059/1215
f 1159/2059/1215 1371/2058/1198 1374/2060/1200 1160/2061/1214
f 1160/2061/1214 1374/2060/1200 1377/2062/1202 1161/2063/1213
f 1161/2063/1213 1377/2062/1202 1380/2064/1204 1162/2065/1212
f 1162/2065/1212 1380/2064/1204 1383/2066/1206 1163/2067/1211
f 1163/2067/1211 1383/2066/1206 1386/2007/1147 1164/2006/1210
f 1288/2068/1282 1287/2069/1283 2132/2070/1284 2133/2071/1285
f 1133/2072/1209 1294/2073/1148 1296/2074/1240 1134/2075/1208
f 1134/2075/1208 1296/2074/1240 1299/2011/1151 1135/2010/1239
f 1384/2076/1286 1291/2077/1287 1292/2078/1288 1387/2079/1243
f 1381/2080/1244 1290/2081/1289 1291/2077/1287 1384/2076/1286
f 1378/2082/1245 1289/2083/1290 1290/2081/1289 1381/2080/1244
f 1375/2084/1246 1288/2068/1282 1289/2083/1290 1378/2082/1245
f 1372/2085/1247 1287/2069/1283 1288/2068/1282 1375/2084/1246
f 1369/2086/1248 1286/2087/1291 1287/2069/1283 1372/2085/1247
f 1366/2088/1249 1285/2089/1292 1286/2087/1291 1369/2086/1248
f 1363/2090/1250 1284/2091/1293 1285/2089/1292 1366/2088/1249
f 1360/2092/1251 1283/2093/1294 1284/2091/1293 1363/2090/1250
f 1357/2094/1252 1282/2095/1295 1283/2093/1294 1360/2092/1251
f 1354/2096/1253 1281/2097/1296 1282/2095/1295 1357/2094/1252
f 1351/2098/1254 1280/2099/1297 1281/2097/1296 1354/2096/1253
f 1348/2100/1255 1279/2101/1298 1280/2099/1297 1351/2098/1254
f 1345/2102/1256 1278/2103/1299 1279/2101/1298 1348/2100/1255
f 1342/2104/1257 1277/2105/1300 1278/2103/1299 1345/2102/1256
f 1339/2106/1258 1276/2107/1301 1277/2105/1300 1342/2104/1257
f 1336/2108/1259 1275/2109/1302 1276/2107/1301 1339/2106/1258
f 1333/2110/1260 1274/2111/1303 1275/2109/1302 1336/2108/1259
f 1330/2112/1261 1273/2113/1304 1274/2111/1303 1333/2110/1260
f 1327/2114/1262 1272/2115/1305 1273/2113/1304 1330/2112/1261
f 1324/2116/1279 1271/2117/1306 1272/2115/1305 1327/2114/1262
f 1321/2118/1264 1270/2119/1307 1271/2117/1306 1324/2116/1279
f 1318/2120/1265 1269/2121/1308 1270/2119/1307 1321/2118/1264
f 1315/2122/1266 1268/2123/1309 1269/2121/1308 1318/2120/1265
f 1312/2124/1267 1267/2125/1310 1268/2123/1309 1315/2122/1266
f 1309/2126/1268 1266/2127/1311 1267/2125/1310 1312/2124/1267
f 1306/2128/1269 1265/2129/1312 1266/2127/1311 1309/2126/1268
f 1303/2130/1270 1264/2131/1313 1265/2129/1312 1306/2128/1269
f 1300/2132/1271 1263/2133/1314 1264/2131/1313 1303/2130/1270
f 1297/2134/1272 1262/2135/1315 1263/2133/1314 1300/2132/1271
f 1293/2136/1273 1261/2137/1316 1262/2135/1315 1297/2134/1272
f 1387/2079/1243 1293/2138/1273 1295/2139/1 1388/2140/477
f 1388/2140/477 1295/2139/1 1294/2008/1148 1386/2007/1147
f 1384/2076/1286 1387/2079/1243 1388/2140/477 1385/2141/454
f 1385/2141/454 1388/2140/477 1386/2007/1147 1383/2066/1206
f 1381/2080/1244 1384/2076/1286 1385/2141/454 1382/2142/448
f 1382/2142/448 1385/2141/454 1383/2066/1206 1380/2064/1204
f 1378/2082/1245 1381/2080/1244 1382/2142/448 1379/2143/1280
f 1379/2143/1280 1382/2142/448 1380/2064/1204 1377/2062/1202
f 1375/2084/1246 1378/2082/1245 1379/2143/1280 1376/2144/419
f 1376/2144/419 1379/2143/1280 1377/2062/1202 1374/2060/1200
f 1372/2085/1247 1375/2084/1246 1376/2144/419 1373/2145/398
f 1373/2145/398 1376/2144/419 1374/2060/1200 1371/2058/1198
f 1369/2086/1248 1372/2085/1247 1373/2145/398 1370/2146/391
f 1370/2146/391 1373/2145/398 1371/2058/1198 1368/2056/1196
f 1366/2088/1249 1369/2086/1248 1370/2146/391 1367/2147/369
f 1367/2147/369 1370/2146/391 1368/2056/1196 1365/2054/1194
f 1363/2090/1250 1366/2088/1249 1367/2147/369 1364/2148/362
f 1364/2148/362 1367/2147/369 1365/2054/1194 1362/2052/1192
f 1360/2092/1251 1363/2090/1250 1364/2148/362 1361/2149/340
f 1361/2149/340 1364/2148/362 1362/2052/1192 1359/2050/1190
f 1357/2094/1252 1360/2092/1251 1361/2149/340 1358/2150/318
f 1358/2150/318 1361/2149/340 1359/2050/1190 1356/2048/1188
f 1354/2096/1253 1357/2094/1252 1358/2150/318 1355/2151/311
f 1355/2151/311 1358/2150/318 1356/2048/1188 1353/2046/1186
f 1351/2098/1254 1354/2096/1253 1355/2151/311 1352/2152/290
f 1352/2152/290 1355/2151/311 1353/2046/1186 1350/2044/1184
f 1348/2100/1255 1351/2098/1254 1352/2152/290 1349/2153/1276
f 1349/2153/1276 1352/2152/290 1350/2044/1184 1347/2042/1182
f 1345/2102/1256 1348/2100/1255 1349/2153/1276 1346/2154/261
f 1346/2154/261 1349/2153/1276 1347/2042/1182 1344/2040/1180
f 1342/2104/1257 1345/2102/1256 1346/2154/261 1343/2155/254
f 1343/2155/254 1346/2154/261 1344/2040/1180 1341/2038/1178
f 1339/2106/1258 1342/2104/1257 1343/2155/254 1340/2156/232
f 1340/2156/232 1343/2155/254 1341/2038/1178 1338/2036/1176
f 1336/2108/1259 1339/2106/1258 1340/2156/232 1337/2157/225
f 1337/2157/225 1340/2156/232 1338/2036/1176 1335/2034/1174
f 1333/2110/1260 1336/2108/1259 1337/2157/225 1334/2158/203
f 1334/2158/203 1337/2157/225 1335/2034/1174 1332/2032/1172
f 1330/2112/1261 1333/2110/1260 1334/2158/203 1331/2159/196
f 1331/2159/196 1334/2158/203 1332/2032/1172 1329/2030/1170
f 1327/2114/1262 1330/2112/1261 1331/2159/196 1328/2160/174
f 1328/2160/174 1331/2159/196 1329/2030/1170 1326/2028/1168
f 1324/2116/1279 1327/2114/1262 1328/2160/174 1325/2161/167
f 1325/2161/167 1328/2160/174 1326/2028/1168 1323/2026/1166
f 1321/2118/1264 1324/2116/1279 1325/2161/167 1322/2162/145
f 1322/2162/145 1325/2161/167 1323/2026/1166 1320/2024/1164
f 1318/2120/1265 1321/2118/1264 1322/2162/145 1319/2163/124
f 1319/2163/124 1322/2162/145 1320/2024/1164 1317/2022/1162
f 1315/2122/1266 1318/2120/1265 1319/2163/124 1316/2164/117
f 1316/2164/117 1319/2163/124 1317/2022/1162 1314/2020/1160
f 1312/2124/1267 1315/2122/1266 1316/2164/117 1313/2165/94
f 1313/2165/94 1316/2164/117 1314/2020/1160 1311/2018/1158
f 1309/2126/1268 1312/2124/1267 1313/2165/94 1310/2166/88
f 1310/2166/88 1313/2165/94 1311/2018/1158 1308/2016/1156
f 1306/2128/1269 1309/2126/1268 1310/2166/88 1307/2167/66
f 1307/2167/66 1310/2166/88 1308/2016/1156 1305/2014/1154
f 1303/2130/1270 1306/2128/1269 1307/2167/66 1304/2168/59
f 1304/2168/59 1307/2167/66 1305/2014/1154 1302/2012/1152
f 1300/2132/1271 1303/2130/1270 1304/2168/59 1301/2169/37
f 1301/2169/37 1304/2168/59 1302/2012/1152 1299/2011/1151
f 1297/2134/1272 1300/2132/1271 1301/2169/37 1298/2170/4
f 1298/2170/4 1301/2169/37 1299/2011/1151 1296/2074/1240
f 1293/2136/1273 1297/2134/1272 1298/2170/4 1295/2171/1
f 1295/2171/1 1298/2170/4 1296/2074/1240 1294/2073/1148
f 1387/2079/1243 1292/2078/1288 1261/2172/1316 1293/2138/1273
f 2106/2173/1317 2107/2174/1318 2137/2175/1319 2136/2176/1320 2135/2177/1321 2134/2178/1322 2133/2179/1285 2132/2180/1284 2131/2181/1323 2130/2182/1324 2129/2183/1325 2128/2184/1326 2127/2185/1327 2126/2186/1328 2125/2187/1329 2124/2188/1330 2123/2189/1331 2122/2190/1332 2121/2191/1333 2120/2192/1334 2119/2193/1335 2118/2194/1336 2117/2195/1337 2116/2196/1338 2115/2197/1339 2114/2198/1340 2113/2199/1341 2112/2200/1342 2111/2201/1343 2110/2202/1344 2109/2203/1345 2108/2204/1346
f 1275/2109/1302 1274/2111/1303 2119/2205/1335 2120/2206/1334
f 1262/2135/1315 1261/2137/1316 2107/2207/1318 2106/2208/1317
f 1289/2083/1290 1288/2068/1282 2133/2071/1285 2134/2209/1322
f 1276/2107/1301 1275/2109/1302 2120/2206/1334 2121/2210/1333
f 1263/2133/1314 1262/2135/1315 2106/2208/1317 2108/2211/1346
f 1290/2081/1289 1289/2083/1290 2134/2209/1322 2135/2212/1321
f 1277/2105/1300 1276/2107/1301 2121/2210/1333 2122/2213/1332
f 1264/2131/1313 1263/2133/1314 2108/2211/1346 2109/2214/1345
f 1291/2077/1287 1290/2081/1289 2135/2212/1321 2136/2215/1320
f 1278/2103/1299 1277/2105/1300 2122/2213/1332 2123/2216/1331
f 1265/2129/1312 1264/2131/1313 2109/2214/1345 2110/2217/1344
f 1292/2078/1288 1291/2077/1287 2136/2215/1320 2137/2218/1319
f 1279/2101/1298 1278/2103/1299 2123/2216/1331 2124/2219/1330
f 1266/2127/1311 1265/2129/1312 2110/2217/1344 2111/2220/1343
f 1261/2172/1316 1292/2078/1288 2137/2218/1319 2107/2221/1318
f 1280/2099/1297 1279/2101/1298 2124/2219/1330 2125/2222/1329
f 1267/2125/1310 1266/2127/1311 2111/2220/1343 2112/2223/1342
f 1281/2097/1296 1280/2099/1297 2125/2222/1329 2126/2224/1328
f 1268/2123/1309 1267/2125/1310 2112/2223/1342 2113/2225/1341
f 1282/2095/1295 1281/2097/1296 2126/2224/1328 2127/2226/1327
f 1269/2121/1308 1268/2123/1309 2113/2225/1341 2114/2227/1340
f 1283/2093/1294 1282/2095/1295 2127/2226/1327 2128/2228/1326
f 1270/2119/1307 1269/2121/1308 2114/2227/1340 2115/2229/1339
f 1284/2091/1293 1283/2093/1294 2128/2228/1326 2129/2230/1325
f 1271/2117/1306 1270/2119/1307 2115/2229/1339 2116/2231/1338
f 1285/2089/1292 1284/2091/1293 2129/2230/1325 2130/2232/1324
f 1272/2115/1305 1271/2117/1306 2116/2231/1338 2117/2233/1337
f 1286/2087/1291 1285/2089/1292 2130/2232/1324 2131/2234/1323
f 1273/2113/1304 1272/2115/1305 2117/2233/1337 2118/2235/1336
f 1287/2069/1283 1286/2087/1291 2131/2234/1323 2132/2070/1284
f 1274/2111/1303 1273/2113/1304 2118/2235/1336 2119/2205/1335
usemtl Material.005
f 493/2236/1 494/2237/1347 496/2238/1317 495/2239/4
f 495/2239/4 496/2238/1317 498/2240/1346 497/2241/37
f 497/2241/37 498/2240/1346 500/2242/1345 499/2243/59
f 499/2243/59 500/2242/1345 502/2244/1344 501/2245/66
f 501/2245/66 502/2244/1344 504/2246/1343 503/2247/88
f 503/2247/88 504/2246/1343 506/2248/1342 505/2249/94
f 505/2249/94 506/2248/1342 508/2250/1341 507/2251/117
f 507/2251/117 508/2250/1341 510/2252/1340 509/2253/124
f 509/2253/124 510/2252/1340 512/2254/1339 511/2255/145
f 511/2255/145 512/2254/1339 514/2256/1338 513/2257/167
f 513/2257/167 514/2256/1338 516/2258/1337 515/2259/174
f 515/2259/174 516/2258/1337 518/2260/1336 517/2261/1281
f 517/2261/1281 518/2260/1336 520/2262/1335 519/2263/203
f 519/2263/203 520/2262/1335 522/2264/1334 521/2265/225
f 521/2265/225 522/2264/1334 524/2266/1333 523/2267/232
f 523/2267/232 524/2266/1333 526/2268/1332 525/2269/254
f 525/2269/254 526/2268/1332 528/2270/1331 527/2271/261
f 527/2271/261 528/2270/1331 530/2272/1330 529/2273/1276
f 529/2273/1276 530/2272/1330 532/2274/1329 531/2275/290
f 531/2275/290 532/2274/1329 534/2276/1328 533/2277/311
f 533/2277/311 534/2276/1328 536/2278/1327 535/2279/318
f 535/2279/318 536/2278/1327 538/2280/1326 537/2281/340
f 537/2281/340 538/2280/1326 540/2282/1325 539/2283/362
f 539/2283/362 540/2282/1325 542/2284/1324 541/2285/369
f 541/2285/369 542/2284/1324 544/2286/1348 543/2287/1274
f 543/2287/1274 544/2286/1348 546/2288/1284 545/2289/398
f 545/2289/398 546/2288/1284 548/2290/1285 547/2291/419
f 547/2291/419 548/2290/1285 550/2292/1322 549/2293/1280
f 549/2293/1280 550/2292/1322 552/2294/1349 551/2295/448
f 551/2295/448 552/2294/1349 554/2296/1320 553/2297/454
f 496/2298/1317 494/2299/1347 556/2300/1319 554/2301/1320 552/2302/1349 550/2303/1322 548/2304/1285 546/2305/1284 544/2306/1348 542/2307/1324 540/2308/1325 538/2309/1326 536/2310/1327 534/2311/1328 532/2312/1329 530/2313/1330 528/2314/1331 526/2315/1332 524/2316/1333 522/2317/1334 520/2318/1335 518/2319/1336 516/2320/1337 514/2321/1338 512/2322/1339 510/2323/1340 508/2324/1341 506/2325/1342 504/2326/1343 502/2327/1344 500/2328/1345 498/2329/1346
f 553/2297/454 554/2296/1320 556/2330/1319 555/2331/477
f 555/2331/477 556/2330/1319 494/2332/1347 493/2333/1
f 497/2241/37 499/2243/59 600/2334/1350 558/2335/1351
f 653/2336/1352 738/2337/1353 750/2338/1354 842/2339/1355
f 515/2259/174 517/2261/1281 603/2340/1356 564/2341/1357
f 533/2277/311 535/2279/318 606/2342/1358 570/2343/1359
f 551/2295/448 553/2297/454 609/2344/1360 576/2345/1361
f 507/2251/117 509/2253/124 612/2346/1362 582/2347/1363
f 525/2269/254 527/2271/261 615/2348/1364 588/2349/1365
f 543/2287/1274 545/2289/398 618/2350/1366 594/2351/1367
f 495/2239/4 497/2241/37 558/2335/1351 560/2352/1368
f 513/2257/167 515/2259/174 564/2341/1357 566/2353/1369
f 531/2275/290 533/2277/311 570/2343/1359 572/2354/1370
f 549/2293/1280 551/2295/448 576/2345/1361 578/2355/1371
f 505/2249/94 507/2251/117 582/2347/1363 584/2356/1372
f 523/2267/232 525/2269/254 588/2349/1365 590/2357/1373
f 541/2285/369 543/2287/1274 594/2351/1367 596/2358/1374
f 499/2243/59 501/2245/66 621/2359/1375 600/2334/1350
f 517/2261/1281 519/2263/203 624/2360/1376 603/2340/1356
f 535/2279/318 537/2281/340 627/2361/1377 606/2342/1358
f 553/2297/454 555/2331/477 630/2362/1378 609/2344/1360
f 509/2253/124 511/2255/145 633/2363/1379 612/2346/1362
f 527/2271/261 529/2273/1276 636/2364/1380 615/2348/1364
f 545/2289/398 547/2291/419 639/2365/1381 618/2350/1366
f 501/2245/66 503/2247/88 642/2366/1382 621/2359/1375
f 519/2263/203 521/2265/225 645/2367/1383 624/2360/1376
f 537/2281/340 539/2283/362 648/2368/1384 627/2361/1377
f 749/2369/1385 753/2370/1386 756/2371/1387 759/2372/1388 762/2373/1389 765/2374/1390 768/2375/1391 771/2376/1392 774/2377/1393 777/2378/1394 780/2379/1395 783/2380/1396 786/2381/1397 789/2382/1398 792/2383/1399 795/2384/1400 798/2385/1401 801/2386/1402 804/2387/1403 807/2388/1404 810/2389/1405 813/2390/1406 816/2391/1407 819/2392/1408 822/2393/1409 825/2394/1410 828/2395/1411 831/2396/1412 834/2397/1413 837/2398/1414 840/2399/1415 843/2400/1416
f 555/2331/477 493/2333/1 650/2401/1417 630/2362/1378
f 728/2402/1418 734/2403/1419 782/2404/1420 779/2405/1421
f 717/2406/1422 722/2407/1423 809/2408/1424 806/2409/1425
f 638/2410/1426 579/2411/1427 704/2412/1428 702/2413/1429
f 692/2414/1430 698/2415/1431 770/2416/1432 767/2417/1433
f 617/2418/1434 638/2419/1426 702/2413/1429 672/2420/1435
f 690/2421/1436 692/2414/1430 767/2417/1433 764/2422/1437
f 597/2423/1438 593/2424/1439 674/2425/1440 668/2426/1441
f 686/2427/1442 684/2428/1443 800/2429/1444 797/2430/1445
f 641/2431/1446 585/2432/1447 693/2433/1448 689/2434/1449
f 579/2411/1427 575/2435/1450 710/2436/1451 704/2412/1428
f 635/2437/1452 573/2438/1453 716/2439/1454 714/2440/1455
f 632/2441/1456 567/2442/1457 729/2443/1458 725/2444/1459
f 744/2445/1460 662/2446/1461 761/2447/1462 758/2448/1463
f 651/2449/1464 561/2450/1465 741/2451/1466 737/2452/1467
f 626/2453/1468 647/2454/1469 666/2455/1470 657/2456/1471
f 602/2457/1472 623/2458/1473 659/2459/1474 731/2460/1475
f 623/2458/1473 644/2461/1476 678/2462/1477 659/2459/1474
f 647/2454/1469 597/2423/1438 668/2426/1441 666/2455/1470
f 644/2461/1476 591/2463/1478 680/2464/1479 678/2462/1477
f 684/2428/1443 713/2465/1480 803/2466/1481 800/2429/1444
f 611/2467/1482 632/2441/1456 725/2444/1459 695/2468/1483
f 740/2469/1484 747/2470/1485 755/2471/1486 752/2472/1487
f 665/2473/1488 669/2474/1489 821/2475/1490 818/2476/1491
f 620/2477/1492 641/2431/1446 689/2434/1449 663/2478/1493
f 539/2283/362 541/2285/369 596/2358/1374 648/2368/1384
f 521/2265/225 523/2267/232 590/2357/1373 645/2367/1383
f 503/2247/88 505/2249/94 584/2356/1372 642/2366/1382
f 547/2291/419 549/2293/1280 578/2355/1371 639/2365/1381
f 529/2273/1276 531/2275/290 572/2354/1370 636/2364/1380
f 511/2255/145 513/2257/167 566/2353/1369 633/2363/1379
f 493/2236/1 495/2239/4 560/2352/1368 650/2479/1417
f 593/2424/1439 617/2418/1434 672/2420/1435 674/2425/1440
f 591/2463/1478 587/2480/1494 687/2481/1495 680/2464/1479
f 581/2482/1496 611/2467/1482 695/2468/1483 699/2483/1497
f 575/2435/1450 608/2484/1498 708/2485/1499 710/2436/1451
f 573/2438/1453 569/2486/1500 723/2487/1501 716/2439/1454
f 563/2488/1502 602/2457/1472 731/2460/1475 735/2489/1503
f 557/2490/1504 599/2491/1505 743/2492/1506 746/2493/1507
f 597/2423/1438 647/2454/1469 649/2494/1508 598/2495/1509
f 598/2495/1509 649/2494/1508 648/2368/1384 596/2358/1374
f 591/2463/1478 644/2461/1476 646/2496/225 592/2497/232
f 592/2497/232 646/2496/225 645/2367/1383 590/2357/1373
f 585/2432/1447 641/2431/1446 643/2498/88 586/2499/94
f 586/2499/94 643/2498/88 642/2366/1382 584/2356/1372
f 579/2411/1427 638/2410/1426 640/2500/419 580/2501/426
f 580/2501/426 640/2500/419 639/2365/1381 578/2355/1371
f 573/2438/1453 635/2437/1452 637/2502/282 574/2503/290
f 574/2503/290 637/2502/282 636/2364/1380 572/2354/1370
f 567/2442/1457 632/2441/1456 634/2504/1277 568/2505/167
f 568/2505/167 634/2504/1277 633/2363/1379 566/2353/1369
f 651/2506/1464 629/2507/1510 631/2508/477 652/2509/1
f 652/2509/1 631/2508/477 630/2362/1378 650/2401/1417
f 561/2450/1465 651/2449/1464 652/2510/1 562/2511/4
f 562/2511/4 652/2510/1 650/2479/1417 560/2352/1368
f 647/2454/1469 626/2453/1468 628/2512/340 649/2494/1508
f 649/2494/1508 628/2512/340 627/2361/1377 648/2368/1384
f 644/2461/1476 623/2458/1473 625/2513/203 646/2496/225
f 646/2496/225 625/2513/203 624/2360/1376 645/2367/1383
f 641/2431/1446 620/2477/1492 622/2514/66 643/2498/88
f 643/2498/88 622/2514/66 621/2359/1375 642/2366/1382
f 638/2419/1426 617/2418/1434 619/2515/398 640/2500/419
f 640/2500/419 619/2515/398 618/2350/1366 639/2365/1381
f 635/2437/1452 614/2516/1511 616/2517/261 637/2502/282
f 637/2502/282 616/2517/261 615/2348/1364 636/2364/1380
f 632/2441/1456 611/2467/1482 613/2518/124 634/2504/1277
f 634/2504/1277 613/2518/124 612/2346/1362 633/2363/1379
f 629/2507/1510 608/2484/1498 610/2519/454 631/2508/477
f 631/2508/477 610/2519/454 609/2344/1360 630/2362/1378
f 626/2453/1468 605/2520/1512 607/2521/318 628/2512/340
f 628/2512/340 607/2521/318 606/2342/1358 627/2361/1377
f 623/2458/1473 602/2457/1472 604/2522/196 625/2513/203
f 625/2513/203 604/2522/196 603/2340/1356 624/2360/1376
f 620/2477/1492 599/2491/1505 601/2523/59 622/2514/66
f 622/2514/66 601/2523/59 600/2334/1350 621/2359/1375
f 617/2418/1434 593/2424/1439 595/2524/391 619/2515/398
f 619/2515/398 595/2524/391 594/2351/1367 618/2350/1366
f 614/2516/1511 587/2480/1494 589/2525/254 616/2517/261
f 616/2517/261 589/2525/254 588/2349/1365 615/2348/1364
f 611/2467/1482 581/2482/1496 583/2526/1513 613/2518/124
f 613/2518/124 583/2526/1513 582/2347/1363 612/2346/1362
f 608/2484/1498 575/2435/1450 577/2527/448 610/2519/454
f 610/2519/454 577/2527/448 576/2345/1361 609/2344/1360
f 605/2528/1512 569/2486/1500 571/2529/1514 607/2521/318
f 607/2521/318 571/2529/1514 570/2343/1359 606/2342/1358
f 602/2457/1472 563/2488/1502 565/2530/174 604/2522/196
f 604/2522/196 565/2530/174 564/2341/1357 603/2340/1356
f 599/2491/1505 557/2490/1504 559/2531/1515 601/2523/59
f 601/2523/59 559/2531/1515 558/2335/1351 600/2334/1350
f 593/2424/1439 597/2423/1438 598/2495/1509 595/2524/391
f 595/2524/391 598/2495/1509 596/2358/1374 594/2351/1367
f 587/2480/1494 591/2463/1478 592/2497/232 589/2525/254
f 589/2525/254 592/2497/232 590/2357/1373 588/2349/1365
f 581/2482/1496 585/2432/1447 586/2499/94 583/2526/1513
f 583/2526/1513 586/2499/94 584/2356/1372 582/2347/1363
f 575/2435/1450 579/2411/1427 580/2501/426 577/2527/448
f 577/2527/448 580/2501/426 578/2355/1371 576/2345/1361
f 569/2486/1500 573/2438/1453 574/2503/290 571/2529/1514
f 571/2529/1514 574/2503/290 572/2354/1370 570/2343/1359
f 563/2488/1502 567/2442/1457 568/2505/167 565/2530/174
f 565/2530/174 568/2505/167 566/2353/1369 564/2341/1357
f 557/2490/1504 561/2450/1465 562/2511/4 559/2531/1515
f 559/2531/1515 562/2511/4 560/2352/1368 558/2335/1351
f 747/2470/1485 744/2445/1460 758/2448/1463 755/2471/1486
f 734/2403/1419 732/2532/1516 785/2533/1517 782/2404/1420
f 569/2486/1500 605/2528/1512 719/2534/1518 723/2487/1501
f 711/2535/1519 707/2536/1520 839/2537/1521 836/2538/1522
f 698/2415/1431 696/2539/1523 773/2540/1524 770/2416/1432
f 587/2480/1494 614/2516/1511 683/2541/1525 687/2481/1495
f 675/2542/1526 671/2543/1527 827/2544/1528 824/2545/1529
f 677/2546/1530 681/2547/1531 794/2548/1532 791/2549/1533
f 656/2550/1534 665/2473/1488 818/2476/1491 815/2551/1535
f 696/2539/1523 726/2552/1536 776/2553/1537 773/2540/1524
f 713/2465/1480 717/2554/1422 806/2409/1425 803/2466/1481
f 701/2555/1538 705/2556/1539 833/2557/1540 830/2558/1541
f 599/2491/1505 620/2477/1492 663/2478/1493 743/2492/1506
f 660/2559/1542 677/2546/1530 791/2549/1533 788/2560/1543
f 605/2520/1512 626/2453/1468 657/2456/1471 719/2534/1518
f 608/2484/1498 629/2507/1510 654/2561/1544 708/2485/1499
f 561/2450/1465 557/2490/1504 746/2493/1507 741/2451/1466
f 567/2442/1457 563/2488/1502 735/2489/1503 729/2443/1458
f 722/2407/1423 720/2562/1545 812/2563/1546 809/2408/1424
f 705/2556/1539 711/2535/1519 836/2538/1522 833/2557/1540
f 585/2432/1447 581/2482/1496 699/2483/1497 693/2433/1448
f 681/2547/1531 686/2427/1442 797/2430/1445 794/2548/1532
f 669/2474/1489 675/2542/1526 824/2545/1529 821/2475/1490
f 662/2446/1461 690/2421/1436 764/2422/1437 761/2447/1462
f 671/2543/1527 701/2555/1538 830/2558/1541 827/2544/1528
f 614/2516/1511 635/2437/1452 714/2440/1455 683/2541/1525
f 726/2552/1536 728/2402/1418 779/2405/1421 776/2553/1537
f 707/2536/1520 653/2336/1352 842/2339/1355 839/2537/1521
f 720/2562/1545 656/2550/1534 815/2551/1535 812/2563/1546
f 732/2532/1516 660/2559/1542 788/2560/1543 785/2533/1517
f 732/2532/1516 734/2403/1419 736/2564/174 733/2565/1281
f 733/2565/1281 736/2564/174 735/2489/1503 731/2460/1475
f 696/2539/1523 698/2415/1431 700/2566/117 697/2567/124
f 697/2567/124 700/2566/117 699/2483/1497 695/2468/1483
f 669/2474/1489 665/2473/1488 667/2568/1547 670/2569/369
f 670/2569/369 667/2568/1547 666/2455/1470 668/2426/1441
f 705/2556/1539 701/2555/1538 703/2570/419 706/2571/1280
f 706/2571/1280 703/2570/419 702/2413/1429 704/2412/1428
f 738/2337/1353 653/2336/1352 655/2572/477 739/2573/1
f 739/2573/1 655/2572/477 654/2561/1544 737/2574/1467
f 690/2421/1436 662/2446/1461 664/2575/66 691/2576/88
f 691/2576/88 664/2575/66 663/2478/1493 689/2434/1449
f 726/2552/1536 696/2539/1523 697/2567/124 727/2577/1277
f 727/2577/1277 697/2567/124 695/2468/1483 725/2444/1459
f 660/2559/1542 732/2532/1516 733/2565/1281 661/2578/203
f 661/2578/203 733/2565/1281 731/2460/1475 659/2459/1474
f 698/2415/1431 692/2414/1430 694/2579/94 700/2566/117
f 700/2566/117 694/2579/94 693/2433/1448 699/2483/1497
f 734/2403/1419 728/2402/1418 730/2580/167 736/2564/174
f 736/2564/174 730/2580/167 729/2443/1458 735/2489/1503
f 720/2562/1545 722/2407/1423 724/2581/311 721/2582/318
f 721/2582/318 724/2581/311 723/2487/1501 719/2534/1518
f 684/2428/1443 686/2427/1442 688/2583/254 685/2584/261
f 685/2584/261 688/2583/254 687/2481/1495 683/2541/1525
f 681/2547/1531 677/2546/1530 679/2585/225 682/2586/232
f 682/2586/232 679/2585/225 678/2462/1477 680/2464/1479
f 717/2554/1422 713/2465/1480 715/2587/282 718/2588/290
f 718/2588/290 715/2587/282 714/2440/1455 716/2439/1454
f 665/2473/1488 656/2550/1534 658/2589/340 667/2568/1547
f 667/2568/1547 658/2589/340 657/2456/1471 666/2455/1470
f 701/2555/1538 671/2543/1527 673/2590/398 703/2570/419
f 703/2570/419 673/2590/398 672/2420/1435 702/2413/1429
f 653/2336/1352 707/2536/1520 709/2591/454 655/2572/477
f 655/2572/477 709/2591/454 708/2485/1499 654/2561/1544
f 675/2542/1526 669/2474/1489 670/2569/369 676/2592/1274
f 676/2592/1274 670/2569/369 668/2426/1441 674/2425/1440
f 711/2535/1519 705/2556/1539 706/2571/1280 712/2593/448
f 712/2593/448 706/2571/1280 704/2412/1428 710/2436/1451
f 747/2470/1485 740/2469/1484 742/2594/4 748/2595/1548
f 748/2595/1548 742/2594/4 741/2451/1466 746/2493/1507
f 677/2546/1530 660/2559/1542 661/2578/203 679/2585/225
f 679/2585/225 661/2578/203 659/2459/1474 678/2462/1477
f 692/2414/1430 690/2421/1436 691/2576/88 694/2579/94
f 694/2579/94 691/2576/88 689/2434/1449 693/2433/1448
f 707/2536/1520 711/2535/1519 712/2593/448 709/2591/454
f 709/2591/454 712/2593/448 710/2436/1451 708/2485/1499
f 744/2445/1460 747/2470/1485 748/2595/1548 745/2596/1549
f 745/2596/1549 748/2595/1548 746/2493/1507 743/2492/1506
f 722/2407/1423 717/2406/1422 718/2588/290 724/2581/311
f 724/2581/311 718/2588/290 716/2439/1454 723/2487/1501
f 686/2427/1442 681/2547/1531 682/2586/232 688/2583/254
f 688/2583/254 682/2586/232 680/2464/1479 687/2481/1495
f 656/2550/1534 720/2562/1545 721/2582/318 658/2589/340
f 658/2589/340 721/2582/318 719/2534/1518 657/2456/1471
f 713/2465/1480 684/2428/1443 685/2584/261 715/2587/282
f 715/2587/282 685/2584/261 683/2541/1525 714/2440/1455
f 728/2402/1418 726/2552/1536 727/2577/1277 730/2580/167
f 730/2580/167 727/2577/1277 725/2444/1459 729/2443/1458
f 671/2543/1527 675/2542/1526 676/2592/1274 673/2590/398
f 673/2590/398 676/2592/1274 674/2425/1440 672/2420/1435
f 740/2469/1484 738/2597/1353 739/2598/1 742/2594/4
f 742/2594/4 739/2598/1 737/2452/1467 741/2451/1466
f 662/2446/1461 744/2445/1460 745/2596/1549 664/2575/66
f 664/2575/66 745/2596/1549 743/2492/1506 663/2478/1493
f 629/2507/1510 651/2506/1464 737/2574/1467 654/2561/1544
f 750/2599/1354 752/2472/1487 754/2600/1550 751/2601/1551
f 751/2602/1551 754/2603/1550 753/2370/1386 749/2369/1385
f 752/2472/1487 755/2471/1486 757/2604/1552 754/2605/1550
f 754/2606/1550 757/2607/1552 756/2371/1387 753/2370/1386
f 755/2471/1486 758/2448/1463 760/2608/1553 757/2609/1552
f 757/2610/1552 760/2611/1553 759/2372/1388 756/2371/1387
f 758/2448/1463 761/2447/1462 763/2612/1554 760/2613/1553
f 760/2614/1553 763/2615/1554 762/2373/1389 759/2372/1388
f 761/2447/1462 764/2422/1437 766/2616/1555 763/2617/1554
f 763/2618/1554 766/2619/1555 765/2374/1390 762/2373/1389
f 764/2422/1437 767/2417/1433 769/2620/1556 766/2621/1555
f 766/2622/1555 769/2623/1556 768/2375/1391 765/2374/1390
f 767/2417/1433 770/2416/1432 772/2624/1557 769/2625/1556
f 769/2626/1556 772/2627/1557 771/2376/1392 768/2375/1391
f 770/2416/1432 773/2540/1524 775/2628/1558 772/2629/1557
f 772/2630/1557 775/2631/1558 774/2377/1393 771/2376/1392
f 773/2540/1524 776/2553/1537 778/2632/1559 775/2633/1558
f 775/2634/1558 778/2635/1559 777/2378/1394 774/2377/1393
f 776/2553/1537 779/2405/1421 781/2636/1560 778/2637/1559
f 778/2638/1559 781/2639/1560 780/2379/1395 777/2378/1394
f 779/2405/1421 782/2404/1420 784/2640/1561 781/2641/1560
f 781/2642/1560 784/2643/1561 783/2380/1396 780/2379/1395
f 782/2404/1420 785/2533/1517 787/2644/1562 784/2645/1561
f 784/2646/1561 787/2647/1562 786/2381/1397 783/2380/1396
f 785/2533/1517 788/2560/1543 790/2648/1563 787/2649/1562
f 787/2650/1562 790/2651/1563 789/2382/1398 786/2381/1397
f 788/2560/1543 791/2549/1533 793/2652/1564 790/2653/1563
f 790/2654/1563 793/2655/1564 792/2383/1399 789/2382/1398
f 791/2549/1533 794/2548/1532 796/2656/1565 793/2657/1564
f 793/2658/1564 796/2659/1565 795/2384/1400 792/2383/1399
f 794/2548/1532 797/2430/1445 799/2660/1566 796/2661/1565
f 796/2662/1565 799/2663/1566 798/2385/1401 795/2384/1400
f 797/2430/1445 800/2429/1444 802/2664/1567 799/2665/1566
f 799/2666/1566 802/2667/1567 801/2386/1402 798/2385/1401
f 800/2429/1444 803/2466/1481 805/2668/1568 802/2669/1567
f 802/2670/1567 805/2671/1568 804/2387/1403 801/2386/1402
f 803/2466/1481 806/2409/1425 808/2672/1569 805/2673/1568
f 805/2674/1568 808/2675/1569 807/2388/1404 804/2387/1403
f 806/2409/1425 809/2408/1424 811/2676/1570 808/2677/1569
f 808/2678/1569 811/2679/1570 810/2389/1405 807/2388/1404
f 809/2408/1424 812/2563/1546 814/2680/1571 811/2681/1570
f 811/2682/1570 814/2683/1571 813/2390/1406 810/2389/1405
f 812/2563/1546 815/2551/1535 817/2684/1572 814/2685/1571
f 814/2686/1571 817/2687/1572 816/2391/1407 813/2390/1406
f 815/2551/1535 818/2476/1491 820/2688/1573 817/2689/1572
f 817/2690/1572 820/2691/1573 819/2392/1408 816/2391/1407
f 818/2476/1491 821/2475/1490 823/2692/1574 820/2693/1573
f 820/2694/1573 823/2695/1574 822/2393/1409 819/2392/1408
f 821/2475/1490 824/2545/1529 826/2696/1575 823/2697/1574
f 823/2698/1574 826/2699/1575 825/2394/1410 822/2393/1409
f 824/2545/1529 827/2544/1528 829/2700/1576 826/2701/1575
f 826/2702/1575 829/2703/1576 828/2395/1411 825/2394/1410
f 827/2544/1528 830/2558/1541 832/2704/1577 829/2705/1576
f 829/2706/1576 832/2707/1577 831/2396/1412 828/2395/1411
f 830/2558/1541 833/2557/1540 835/2708/1578 832/2709/1577
f 832/2710/1577 835/2711/1578 834/2397/1413 831/2396/1412
f 833/2557/1540 836/2538/1522 838/2712/1579 835/2713/1578
f 835/2714/1578 838/2715/1579 837/2398/1414 834/2397/1413
f 836/2538/1522 839/2537/1521 841/2716/1580 838/2717/1579
f 838/2718/1579 841/2719/1580 840/2399/1415 837/2398/1414
f 839/2537/1521 842/2339/1355 844/2720/1581 841/2721/1580
f 841/2722/1580 844/2723/1581 843/2400/1416 840/2399/1415
f 842/2339/1355 750/2338/1354 751/2724/1551 844/2725/1581
f 844/2726/1581 751/2727/1551 749/2369/1385 843/2400/1416
f 738/2597/1353 740/2469/1484 752/2472/1487 750/2599/1354
