# WaveFront *.obj file (generated by CINEMA 4D)

mtllib ./Cowboy_Hat.mtl

v 64.95449829101562 21.13695907592773 -22.77467346191406
v 53.68947601318359 -65.24770355224609 -128.07958984375
v -69.5321044921875 -66.69253540039062 -128.0537109375
v -140.40115356445312 3.14579963684082 -73.02666473388672
v -137.43556213378906 64.19461059570312 47.10610961914062
v -63.24094390869141 65.00711059570312 157.37165832519531
v 55.64960479736328 69.51616668701172 158.44717407226562
v 119.85662078857422 76.36758422851562 55.06887435913086
v 25.67136764526367 -23.27496910095215 -77.72413635253906
v 67.6497802734375 68.58805084228516 43.72859191894531
v -38.46084594726562 -22.2995548248291 -74.04974365234375
v -75.32272338867188 17.37278747558594 -20.0408878326416
v -79.60033416748047 71.18913269042969 44.7753791809082
v -43.98031616210938 86.09110260009766 98.22493743896484
v 23.51591110229492 83.63732147216797 100.10915374755859
v 56.09891891479492 105.27776336669922 182.42304992675781
v 122.97945404052734 10.94809150695801 -65.62860107421875
v -69.31980895996094 92.65876007080078 191.49937438964844
v -138.25570678710938 116.35652160644531 51.21450042724609
v -136.44090270996094 38.21750259399414 -95.53036499023438
v -73.13082122802734 -58.54422378540039 -165.04483032226562
v 73.59741973876953 -62.79431915283203 -164.93107604980469
v 144.41874694824219 37.97344589233398 -107.40562438964844
v 128.23666381835938 134.05331420898438 31.45102119445801
v 35.61370849609375 -49.97467422485352 -83.52161407470703
v 72.54036712646484 24.57656478881836 -36.27948379516602
v -40.1479377746582 -52.53601455688477 -80.18436431884766
v 76.54411315917969 59.02338027954102 36.63012313842773
v -98.63152313232422 -5.78296041488647 -34.64750671386719
v 40.1479377746582 37.12959289550781 88.37963104248047
v -98.15033721923828 31.45121192932129 35.34965896606445
v -39.13627243041992 37.35556411743164 88.80446624755859
v 56.31884002685547 76.28661346435547 -21.17465400695801
v 26.87419509887695 44.66824340820312 -88.72438812255859
v 59.14907836914062 108.10906219482422 21.87071990966797
v -35.49767303466797 40.91769790649414 -89.05388641357422
v -71.18948364257812 66.57969665527344 -34.36159133911133
v -72.68213653564453 114.77363586425781 17.68442535400391
v -31.70365905761719 143.10960388183594 67.10930633544922
v 33.75980377197266 137.38006591796875 61.51420974731445
v 40.68044281005859 116.28122711181641 -78.0137939453125
v 31.15593147277832 99.27841186523438 -104.44692993164062
v 33.11083221435547 143.01455688476562 -27.27102851867676
v -26.43131828308105 97.21592712402344 -104.83389282226562
v -39.59482955932617 112.25059509277344 -83.66553497314453
v -41.60863876342773 145.83139038085938 -29.35431861877441
v -30.44833374023438 166.66812133789062 41.38509368896484
v 17.37063598632812 161.25975036621094 31.14606666564941
v 23.47556304931641 -40.07819366455078 -66.08783721923828
v -47.68838882446289 -44.32072448730469 -58.15816879272461
v -92.97237396240234 -9.00362586975098 -18.12790298461914
v -87.20060729980469 29.17527008056641 50.08000183105469
v -41.75956344604492 46.07015991210938 102.51724243164062
v 27.38580322265625 49.19573974609375 103.70297241210938
v 72.47425842285156 38.79338455200195 47.0716438293457
v 73.68037414550781 0.17339074611664 -28.87807464599609
v 37.20477294921875 95.95899200439453 151.37913513183594
v -60.95272827148438 88.91233825683594 156.21002197265625
v -115.53739166259766 100.45321655273438 49.00894165039062
v -113.31741333007812 30.38873481750488 -65.46250152587891
v -60.42801666259766 -43.38600540161133 -128.70022583007812
v 52.52347183227539 -46.82218170166016 -131.34725952148438
v 110.71202087402344 29.57245445251465 -78.3421630859375
v 98.14054107666016 109.55110931396484 32.59269714355469
v -23.80360794067383 140.86965942382812 -39.61981201171875
v 5.71525192260742 85.27751159667969 -105.7738037109375
v 17.09774398803711 140.87799072265625 -47.61943817138672
v -6.374436378479 155.62348937988281 48.75185012817383
v -3.49159669876099 129.7232666015625 -35.71335220336914
v -9.09426116943359 7.66169452667236 20.32798957824707
v 44.9082145690918 -18.43727111816406 -43.77507400512695
v -12.36051940917969 -40.31400299072266 -53.74872589111328
v -66.64157867431641 -25.06682777404785 -32.33798599243164
v -83.78424072265625 10.46516513824463 17.34138870239258
v -60.04113006591797 35.54773712158203 73.29501342773438
v -7.93957662582397 44.15287399291992 97.70014190673828
v 45.45085525512695 41.72219848632812 73.20881652832031
v 67.76068878173828 19.4618034362793 9.09796905517578
v 67.64974212646484 -15.19540023803711 -80.67415618896484
v 84.728515625 19.32722473144531 -48.48348617553711
v 49.77798461914062 -4.8218412399292 -54.76884078979492
v 36.76269149780273 -38.86383438110352 -100.82740783691406
v 91.78134155273438 -15.75442886352539 -112.18258666992188
v -6.19564390182495 -45.6338005065918 -106.30658721923828
v -6.62241315841675 -28.71547317504883 -84.01365661621094
v -48.0679817199707 -36.31739044189453 -96.99152374267578
v -4.82006931304932 -55.9910774230957 -137.17892456054688
v -76.25441741943359 -13.60072708129883 -73.78362274169922
v -61.34685134887695 -6.46523571014404 -50.75299453735352
v -92.02784729003906 18.44093322753906 -39.56225204467773
v -95.50119018554688 -11.99166584014893 -104.72427368164062
v -98.80276489257812 53.8255729675293 2.26917505264282
v -81.79105377197266 46.46781921386719 12.3856372833252
v -95.54383087158203 79.57066345214844 47.97967147827148
v -120.40741729736328 73.42100524902344 -12.37185192108154
v -80.42668914794922 85.64942169189453 92.59329986572266
v -67.21695709228516 83.12258911132812 75.34557342529297
v -52.60548400878906 82.04087829589844 125.98412322998047
v -96.06952667236328 99.91493988037109 110.4794921875
v -13.40080547332764 80.89635467529297 138.25750732421875
v -11.02175426483154 85.75678253173828 107.37484741210938
v 27.31237411499023 83.91924285888672 125.68656158447266
v -12.08991527557373 87.01546478271484 171.15859985351562
v 59.40571975708008 88.357666015625 88.70659637451172
v 50.99948120117188 79.3848876953125 76.30055236816406
v 80.19025421142578 82.30419158935547 39.89856338500977
v 73.96200561523438 110.14547729492188 99.09668731689453
v 88.77356719970703 56.12283325195312 -7.37798118591309
v 71.64888763427734 47.71127700805664 10.37747097015381
v 111.49003601074219 77.86894989013672 -28.9384765625
v 106.92733001708984 31.95745468139648 2.16810655593872
v 100.99498748779297 1.86085605621338 -46.21366500854492
v 99.10939788818359 53.16515350341797 55.11265182495117
v 129.34645080566406 51.31790924072266 -9.02399635314941
v 142.50822448730469 78.37013244628906 -29.9161205291748
v 139.24838256835938 26.10236549377441 -90.71582794189453
v 129.72972106933594 109.64679718017578 43.78600311279297
v 144.34054565429688 97.90528869628906 -46.58164596557617
v 76.98617553710938 59.46763610839844 101.05271911621094
v 42.75804138183594 58.72760391235352 132.92408752441406
v 96.34542083740234 78.29473114013672 115.15457916259766
v -28.2094554901123 117.78188323974609 -88.46012878417969
v -22.09689712524414 118.95665740966797 -81.02531433105469
v -29.51560020446777 127.70986175537109 -73.57512664794922
v -35.05423736572266 101.79363250732422 -99.37816619873047
v -30.9351978302002 159.45692443847656 -3.06944394111633
v -25.61875152587891 159.19723510742188 10.09563446044922
v -37.63284683227539 160.76811218261719 11.5014066696167
v -31.05465316772461 148.30409240722656 -35.59538269042969
v -32.43562316894531 135.76560974121094 -61.99862289428711
v -42.16782760620117 127.85736846923828 -62.10871124267578
v 51.08122253417969 114.86378479003906 -28.23970985412598
v 47.29541397094727 129.75442504882812 -3.71339249610901
v 38.85505294799805 128.99473571777344 -56.08997344970703
v 50.32814407348633 99.81476593017578 -51.85426330566406
v 60.7261962890625 93.06503295898438 2.55820512771606
v -10.96514415740967 114.30172729492188 -77.01342010498047
v -12.69909477233887 93.13858032226562 -105.22465515136719
v 2.18451380729675 110.49113464355469 -77.39585876464844
v -13.85950088500977 134.33135986328125 -33.37437438964844
v 13.79792404174805 114.69056701660156 -80.02129364013672
v 21.54144096374512 94.03844451904297 -105.80876922607422
v 23.49211692810059 120.00650787353516 -84.94378662109375
v 6.51997470855713 134.07783508300781 -39.25545501708984
v 3.00143146514893 150.18760681152344 5.87517690658569
v 12.14350509643555 156.29652404785156 -0.30814778804779
v 6.92095422744751 158.78884887695312 41.07496643066406
v -7.15873861312866 146.27195739746094 9.50238990783691
v -17.30570030212402 151.97795104980469 13.2883882522583
v -21.22263145446777 162.35612487792969 49.16955947875977
v 40.32942199707031 143.99906921386719 25.10014152526855
v 29.86808395385742 154.2838134765625 48.04880523681641
v 26.11646461486816 155.47798156738281 6.49667644500732
v 51.2681999206543 122.69745635986328 43.37858963012695
v 103.55888366699219 106.85948181152344 118.90959167480469
v 59.6407356262207 88.88475799560547 176.49559020996094
v 100.32548522949219 128.93925476074219 115.65017700195312
v 19.01782417297363 156.27496337890625 -10.12150192260742
v 23.29913139343262 147.21035766601562 -38.92538452148438
v 30.90414047241211 119.84306335449219 -90.03823852539062
v 38.26705932617188 105.60377502441406 -96.01620483398438
v 29.69742012023926 129.54888916015625 -75.43320465087891
v 29.83964347839355 136.56965637207031 -61.71825408935547
v -3.5729603767395 78.04838562011719 198.80049133300781
v -2.80958867073059 64.31983184814453 173.65740966796875
v -68.27996063232422 79.9027099609375 180.90696716308594
v -6.4170036315918 90.50733184814453 209.32334899902344
v -115.83283996582031 92.08510589599609 124.57442474365234
v -109.16400909423828 68.99485778808594 110.73867034912109
v -143.21568298339844 94.18043518066406 48.11399459838867
v -113.95741271972656 109.89360046386719 132.02053833007812
v -151.36428833007812 67.91454315185547 -28.11842346191406
v -147.92271423339844 40.15645599365234 -18.16180229187012
v -142.97059631347656 22.4861888885498 -91.32122802734375
v -144.36457824707031 88.65117645263672 -28.82957077026367
v -119.30858612060547 -26.78370094299316 -132.85386657714844
v -114.52818298339844 -36.43459701538086 -108.78175354003906
v -73.65638732910156 -65.10984039306641 -154.83024597167969
v -116.26232147216797 -16.19894027709961 -140.58940124511719
v -3.42481398582458 -79.82994842529297 -161.21063232421875
v -7.83142852783203 -77.17463684082031 -134.86898803710938
v 67.796142578125 -67.08718872070312 -153.32461547851562
v -0.95671200752258 -75.46440887451172 -172.07408142089844
v 115.72870635986328 -27.65776062011719 -131.07484436035156
v 98.12948608398438 -32.23542785644531 -105.50886535644531
v 122.49649047851562 -21.0345401763916 -145.2432861328125
v -9.49191093444824 92.50005340576172 197.95353698730469
v 47.79157638549805 106.16349029541016 172.43489074707031
v -66.75837707519531 94.69247436523438 181.14427185058594
v -107.39718627929688 111.05922698974609 125.79581451416016
v -129.4990234375 116.55216217041016 50.87766265869141
v 89.12542724609375 127.88780975341797 108.43756866455078
v 116.07726287841797 131.54756164550781 28.23613357543945
v -134.93318176269531 88.69138336181641 -23.31969261169434
v -127.49393463134766 39.66407775878906 -85.87415313720703
v -108.79441833496094 -11.54534149169922 -129.60743713378906
v -68.92603302001953 -50.71182632446289 -154.44560241699219
v -2.20205163955688 -66.44766235351562 -162.19075012207031
v 66.96629333496094 -55.09011840820312 -155.79576110839844
v 112.75473785400391 -16.92148399353027 -137.04251098632812
v 133.21932983398438 38.14260101318359 -101.41059112548828
v 132.31571960449219 95.73645782470703 -44.8596305847168
v 44.80352783203125 23.27238273620605 -45.4031982421875
v 58.14653015136719 44.81630706787109 -11.47303295135498
v 45.79520416259766 57.70172119140625 -55.01324844360352
v 23.43949317932129 6.59908246994019 -73.62089538574219
v -6.60011672973633 0.20252503454685 -81.80844879150391
v -4.61298894882202 32.19276428222656 -92.36580657958984
v -36.84907150268555 4.75726127624512 -72.21857452392578
v -59.04669952392578 17.08817672729492 -47.80588912963867
v -58.41637802124023 48.78350067138672 -62.74242782592773
v -72.79415893554688 37.16480255126953 -17.97512626647949
v -78.89568328857422 63.3632926940918 9.63953685760498
v -76.53073883056641 90.94248962402344 -8.3631067276001
v -75.81265258789062 87.7694091796875 35.4904899597168
v -61.87514114379883 103.01885223388672 60.37139511108398
v -57.93606567382812 131.64047241210938 45.62552261352539
v -37.17010498046875 109.75784301757812 78.81214141845703
v -3.78080630302429 109.39775085449219 84.86794281005859
v 2.25386571884155 137.03440856933594 70.73313140869141
v 28.98592758178711 104.86525726318359 78.38317108154297
v 51.61537170410156 95.32012939453125 60.87987899780273
v 63.36115646362305 81.91925811767578 38.22991943359375
v 64.88349151611328 64.932373046875 15.47609329223633
v 44.20790100097656 85.15530395507812 -78.74227905273438
v 34.77500534057617 75.99451446533203 -100.97623443603516
v 26.47321128845215 76.74375915527344 -109.31752777099609
v 16.90913200378418 64.17337799072266 -105.55832672119141
v -21.0297966003418 74.80706024169922 -109.20490264892578
v -35.19777297973633 72.13370513916016 -102.92220306396484
v -13.52895641326904 62.69844436645508 -105.00919342041016
v -0.39358261227608 53.04821014404297 -101.67758178710938
v -48.41119384765625 77.92550659179688 -86.41188049316406
v -57.13805389404297 92.20207977294922 -63.90022659301758
v -61.11153793334961 113.06427764892578 -38.83182144165039
v -58.6632194519043 134.91751098632812 -8.06385231018066
v -48.89728546142578 151.77275085449219 28.82197189331055
v -35.69003295898438 161.11985778808594 57.21912384033203
v -25.72714614868164 162.19577026367188 63.19866561889648
v -16.51186752319336 154.85006713867188 63.98248672485352
v 17.93089294433594 157.308837890625 54.56299209594727
v 14.03506374359131 151.92747497558594 59.29314041137695
v 1.2409371137619 149.296875 64.18132019042969
v -5.26433897018433 56.85691833496094 141.53778076171875
v -53.83989334106445 55.6135139465332 130.15695190429688
v -90.28501892089844 51.85121154785156 96.83334350585938
v -115.23072052001953 41.90473175048828 51.49727630615234
v -125.51700592041016 20.44618988037109 1.34126460552216
v -121.77408599853516 -7.96481513977051 -43.5756721496582
v -97.81416320800781 -37.29595565795898 -73.03551483154297
v -59.97136306762695 -59.51207733154297 -91.78291320800781
v -11.53739929199219 -65.11773681640625 -99.2926025390625
v 37.17489624023438 -55.26709365844727 -97.45779418945312
v 75.72159576416016 -29.88007736206055 -79.09601593017578
v 27.03012657165527 -36.31474304199219 -61.98506927490234
v 32.02556991577148 -30.8336124420166 -56.11492156982422
v 37.95916748046875 -24.67761993408203 -49.77935028076172
v 68.56745910644531 -3.06322407722473 -31.46365547180176
v 61.1484489440918 -7.55256271362305 -34.88393402099609
v 52.95000457763672 -12.70308303833008 -38.89883804321289
v -41.58547210693359 -43.7406005859375 -56.5782470703125
v -32.85251998901367 -42.61537933349609 -54.72005462646484
v -22.91569519042969 -41.32636260986328 -53.52988815307617
v 17.17084121704102 -40.18365859985352 -63.39164733886719
v 8.26551246643066 -40.09169006347656 -59.65804290771484
v -1.77252888679504 -40.01879119873047 -56.11758804321289
v -88.2261962890625 -11.84257507324219 -20.07665634155273
v -81.38544464111328 -15.69737243652344 -23.10107231140137
v -73.89650726318359 -20.10155487060547 -27.11623001098633
v -50.90708541870117 -41.01401901245117 -53.09619140625
v -55.31363296508789 -36.11936950683594 -46.1883430480957
v -60.50287628173828 -30.6048698425293 -38.98214721679688
v -86.16407012939453 25.99026489257812 44.61171722412109
v -84.76401519775391 21.40399169921875 36.61474227905273
v -83.74288940429688 16.12909889221191 27.34916687011719
v -91.06046295166016 -5.61726474761963 -11.66537952423096
v -88.27410888671875 -0.76954174041748 -2.74370956420898
v -85.57167053222656 4.71177625656128 7.11782073974609
v -44.7964973449707 44.20251846313477 97.31282806396484
v -48.99109649658203 41.44109725952148 89.79080200195312
v -54.00133514404297 38.40957260131836 81.48562622070312
v -82.11054992675781 30.14453887939453 54.25989532470703
v -74.97339630126953 31.53382682800293 59.81631851196289
v -67.32437133789062 33.29535675048828 66.11663055419922
v 21.16206741333008 48.11080932617188 102.44888305664062
v 12.34758377075195 46.56295776367188 100.51140594482422
v 2.43450593948364 45.09798049926758 98.6729736328125
v -35.95995712280273 45.52474594116211 101.51446533203125
v -27.64739990234375 44.74974822998047 99.88594055175781
v -18.1370735168457 44.16462326049805 98.35947418212891
v 67.50450897216797 39.23270034790039 51.63833236694336
v 60.42597961425781 39.76876831054688 57.9427375793457
v 52.76605224609375 40.51755142211914 65.16315460205078
v 30.31927108764648 47.84172821044922 98.39620971679688
v 34.43025588989258 45.8064079284668 90.66443634033203
v 39.40652084350586 43.62585830688477 81.98894500732422
v 72.45656585693359 3.54855418205261 -22.38609313964844
v 70.56063842773438 8.31674003601074 -12.99760341644287
v 68.75334930419922 13.71254539489746 -2.26765704154968
v 71.36151123046875 35.5540771484375 40.4319953918457
v 69.73099517822266 30.79036903381348 31.03336143493652
v 68.30863952636719 25.29034233093262 20.39349365234375
v 68.76313018798828 18.72066688537598 -28.20637702941895
v 73.43362426757812 17.77241325378418 -34.41725921630859
v 78.80805969238281 18.05400276184082 -41.23405456542969
v 104.18672943115234 26.71470069885254 -71.09489440917969
v 97.57576751708984 23.89578437805176 -63.58717727661133
v 91.03705596923828 21.35388946533203 -55.99228286743164
v 32.5927734375 -19.74932479858398 -73.3497314453125
v 38.90671539306641 -15.42544746398926 -67.96722412109375
v 44.62963485717773 -10.41305351257324 -61.72435760498047
v 61.94001007080078 14.32758235931396 -31.10359001159668
v 58.4167366027832 7.6581826210022 -39.31074142456055
v 54.36820602416992 1.23847222328186 -47.24839782714844
v 48.4666633605957 -45.00418472290039 -123.81237030029297
v 44.42643356323242 -43.17537307739258 -116.06356048583984
v 40.4945182800293 -41.18037796020508 -108.32662963867188
v 27.6852970123291 -28.43132019042969 -82.01426696777344
v 30.26632690429688 -32.64467239379883 -87.44541168212891
v 33.32271575927734 -36.07038879394531 -93.79172515869141
v 107.78910827636719 17.41824150085449 -88.28038787841797
v 103.67794799804688 5.71439933776855 -97.21371459960938
v 98.35115814208984 -5.39213800430298 -105.17137145996094
v 64.33953094482422 -40.90634155273438 -127.82966613769531
v 74.80291748046875 -33.65847015380859 -123.48250579833984
v 83.9410400390625 -25.22551536560059 -118.27655029296875
v -31.11474800109863 -24.86902618408203 -77.94200897216797
v -23.25090980529785 -26.82265090942383 -80.92340087890625
v -15.03243446350098 -28.11870956420898 -82.95895385742188
v 18.12605857849121 -25.8926830291748 -80.9427490234375
v 10.11992740631104 -27.64418411254883 -83.04054260253906
v 1.81607568264008 -28.57120323181152 -84.05252075195312
v -57.51853942871094 -41.78977584838867 -120.82566833496094
v -54.40515899658203 -40.1711311340332 -112.74945831298828
v -51.21319961547852 -38.39276885986328 -104.72145080566406
v -40.16593551635742 -26.93607139587402 -78.08877563476562
v -42.41902923583984 -30.72634506225586 -83.42532348632812
v -45.09482192993164 -33.80768585205078 -89.80953216552734
v 39.32735061645508 -51.25904846191406 -134.06446838378906
v 25.123291015625 -54.2464714050293 -135.95783996582031
v 10.28344440460205 -55.8139762878418 -137.00382995605469
v -47.99121856689453 -48.47525024414062 -132.24378967285156
v -34.32954025268555 -52.29219436645508 -134.82241821289062
v -19.81510925292969 -54.80730819702148 -136.45962524414062
v -72.55562591552734 10.72758483886719 -28.05324172973633
v -69.32460784912109 4.52720308303833 -35.91144561767578
v -65.59867858886719 -1.20989632606506 -43.51239776611328
v -45.12612152099609 -19.15596961975098 -69.28160858154297
v -51.14155578613281 -15.45673847198486 -63.74069595336914
v -56.53813934326172 -11.22033786773682 -57.53013229370117
v -108.37373352050781 27.19133758544922 -59.12046432495117
v -103.02359771728516 23.98005104064941 -52.55049133300781
v -97.49796295166016 20.98614883422852 -45.96146774291992
v -78.26070404052734 15.81033134460449 -23.59216690063477
v -82.17822265625 15.62172985076904 -28.16873359680176
v -86.84427642822266 16.57569885253906 -33.56171417236328
v -71.26779937744141 -37.05399322509766 -124.16822814941406
v -80.64017486572266 -29.61824226379395 -118.65605926513672
v -88.67476654052734 -21.21778869628906 -112.17198181152344
v -110.02754211425781 19.25032043457031 -76.68204498291016
v -106.04796600341797 8.38142108917236 -86.97103118896484
v -101.24904632568359 -2.07891750335693 -96.32119750976562
v -81.05451202392578 66.03108215332031 36.72806930541992
v -81.88632965087891 60.07489395141602 28.63845634460449
v -82.12281799316406 53.49549865722656 20.51986312866211
v -77.65686798095703 24.44433784484863 -11.97748851776123
v -79.53102111816406 31.76731491088867 -3.87637305259705
v -80.91810607910156 39.16678237915039 4.2491135597229
v -110.84624481201172 95.07762145996094 48.72373199462891
v -105.81941986083984 89.61161041259766 48.50127029418945
v -100.65319061279297 84.34576416015625 48.27532577514648
v -82.51956176757812 71.09552764892578 46.01215362548828
v -86.28074645996094 72.65496826171875 46.91431045532227
v -90.68757629394531 75.57686614990234 47.54806900024414
v -116.04718780517578 41.65763473510742 -53.3206787109375
v -118.17001342773438 52.77439117431641 -40.35759353637695
v -119.6390380859375 63.45639038085938 -26.6743106842041
v -118.04010772705078 96.18434906005859 33.24016571044922
v -119.65480041503906 90.06760406494141 17.68642807006836
v -120.42827606201172 82.3856201171875 2.44873261451721
v -50.83224868774414 85.82827758789062 93.59801483154297
v -56.98417663574219 85.31472015380859 88.17164611816406
v -62.44334411621094 84.44720458984375 82.05207061767578
v -77.4967041015625 75.37411499023438 52.76704406738281
v -74.73641204833984 78.68923187255859 60.5968017578125
v -71.31224060058594 81.23765563964844 68.15840148925781
v -59.03516387939453 86.89327239990234 148.82756042480469
v -56.97750854492188 84.93735504150391 141.25190734863281
v -54.82063293457031 83.25105285644531 133.59881591796875
v -46.01947021484375 83.33192443847656 104.5281982421875
v -48.16398620605469 81.87481689453125 111.33300018310547
v -50.37296295166016 81.51329803466797 118.52357482910156
v -112.09974670410156 102.59159088134766 64.89168548583984
v -107.71641540527344 102.96859741210938 80.61397552490234
v -102.37660217285156 101.95333862304688 95.90139007568359
v -71.23677825927734 91.35211181640625 147.21354675292969
v -80.51040649414062 94.24520874023438 136.40998840332031
v -88.78437042236328 97.22252655029297 124.07383728027344
v 15.26591300964355 84.30305480957031 103.56977844238281
v 6.65822172164917 84.88420867919922 105.91422271728516
v -2.15504860877991 85.37178802490234 107.17255401611328
v -36.42117691040039 86.20636749267578 101.94614410400391
v -28.30694198608398 86.18307495117188 104.73159027099609
v -19.78976440429688 86.03021240234375 106.55117034912109
v 34.48575210571289 92.64405059814453 145.18421936035156
v 31.86865997314453 89.38056945800781 138.79159545898438
v 29.44653511047363 86.39637756347656 132.26963806152344
v 23.56796455383301 81.80821228027344 106.25370025634766
v 24.28007698059082 81.39736938476562 112.61032104492188
v 25.5592212677002 82.17697906494141 119.11070251464844
v -49.64745712280273 87.29501342773438 163.12501525878906
v -37.56953048706055 86.46391296386719 167.936279296875
v -24.96749687194824 86.3828125 170.62156677246094
v 25.71056175231934 92.83363342285156 159.65765380859375
v 13.49766826629639 90.277099609375 165.69888305664062
v 0.81465590000153 88.32563018798828 169.52511596679688
v 64.649169921875 72.19255828857422 52.16943740844727
v 60.84603881835938 75.13796234130859 60.51146697998047
v 56.28220748901367 77.50762176513672 68.60504913330078
v 31.25608444213867 82.89599609375 95.50228881835938
v 38.44461059570312 81.99571990966797 89.89881896972656
v 45.03967666625977 80.85314178466797 83.44835662841797
v 93.43815612792969 102.55440521240234 34.37123870849609
v 88.82328796386719 95.47463226318359 36.2529182434082
v 84.37948608398438 88.62136840820312 38.1309700012207
v 69.98537445068359 69.66503143310547 43.47072601318359
v 72.90966796875 72.51644134521484 42.67523574829102
v 76.33914184570312 76.83268737792969 41.44891738891602
v 47.73176193237305 99.61696624755859 140.84114074707031
v 57.33678817749023 103.44343566894531 128.38627624511719
v 66.06511688232422 107.07431030273438 114.35724639892578
v 93.11672973632812 112.35976409912109 49.35263061523438
v 87.44255065917969 113.15231323242188 66.25172424316406
v 81.07273864746094 112.29285430908203 82.94731140136719
v 67.47662353515625 27.97661018371582 -14.47170829772949
v 69.46239471435547 34.74993896484375 -6.18509483337402
v 70.86781311035156 41.3603630065918 2.09476733207703
v 69.80606842041016 64.24107360839844 35.33856964111328
v 71.16200256347656 59.24821853637695 26.98976898193359
v 71.76161956787109 53.70609664916992 18.67260932922363
v 102.55923461914062 104.36224365234375 16.3145809173584
v 106.30335998535156 97.12863159179688 0.58732002973557
v 109.30345153808594 88.18570709228516 -14.52004051208496
v 112.47410583496094 42.03007507324219 -67.36981964111328
v 113.14482879638672 54.4556770324707 -55.43240356445312
v 112.79364776611328 66.51377868652344 -42.59893798828125
v 79.66105651855469 0.09704551100731 -32.53799438476562
v 86.97225189208984 0.27590855956078 -37.05537033081055
v 94.17075347900391 0.84397774934769 -41.63608932495117
v 118.07099914550781 7.9362154006958 -60.24896621704102
v 112.84049987792969 5.41342163085938 -55.33999633789062
v 107.18336486816406 3.3861517906189 -50.72159957885742
v 115.64196014404297 69.45355224609375 56.22097778320312
v 110.76058959960938 63.35873031616211 56.56942367553711
v 105.24043273925781 57.96772766113281 56.17852783203125
v 78.24959564208984 41.44489288330078 49.03149795532227
v 85.356201171875 44.94144821166992 51.34403228759766
v 92.39539337158203 48.83562850952148 53.43610763549805
v 126.22028350830078 21.79881286621094 -52.79209518432617
v 128.33078002929688 32.27315902709961 -38.96246719360352
v 129.35736083984375 42.17743301391602 -24.31475830078125
v 123.55315399169922 72.21942901611328 38.95624923706055
v 126.39792633056641 66.53262329101562 22.78654479980469
v 128.34449768066406 59.50087738037109 6.73478651046753
v 127.67047882080078 14.44260787963867 -71.65900421142578
v 132.02500915527344 18.24779891967773 -78.04627990722656
v 135.92401123046875 22.19170379638672 -84.49652862548828
v 144.58334350585938 35.91533279418945 -105.04909515380859
v 143.69711303710938 33.13613891601562 -101.28602600097656
v 141.87910461425781 29.80783271789551 -96.41029357910156
v 129.68931579589844 130.08648681640625 33.93144607543945
v 130.41973876953125 124.44827270507812 36.94778060913086
v 130.431884765625 117.51094818115234 40.29948425292969
v 123.37667846679688 84.21620941162109 53.04876327514648
v 126.19817352294922 92.62714385986328 50.36120986938477
v 128.31716918945312 101.22810363769531 47.20676803588867
v 146.24076843261719 53.73073959350586 -94.26083374023438
v 146.77047729492188 69.2490234375 -79.65660095214844
v 146.10478210449219 84.11248016357422 -63.72088241577148
v 133.42588806152344 128.70143127441406 10.77742099761963
v 137.90422058105469 120.61558532714844 -9.2045316696167
v 141.57473754882812 110.21159362792969 -28.36688232421875
v 53.14300155639648 66.12905883789062 152.71604919433594
v 50.09078216552734 63.3531379699707 146.56602478027344
v 46.59506988525391 60.96158218383789 139.97578430175781
v 30.53482055664062 51.43465042114258 109.91892242431641
v 34.54715728759766 54.00800323486328 117.63400268554688
v 38.68181228637695 56.42436218261719 125.38959503173828
v 115.35476684570312 78.78337860107422 70.94939422607422
v 109.98040008544922 79.73262786865234 86.39341735839844
v 103.66633605957031 79.48114013671875 101.19659423828125
v 67.66973114013672 71.78412628173828 149.91366577148438
v 78.41429138183594 74.18041229248047 139.71746826171875
v 87.95046234130859 76.43921661376953 128.06298828125
v -22.77144813537598 134.61927795410156 -51.87526321411133
v -22.20731735229492 129.25520324707031 -62.40185165405273
v -21.97708702087402 124.08048248291016 -72.13835144042969
v -24.73072624206543 102.91191864013672 -101.17252349853516
v -23.45436096191406 108.40937042236328 -95.80734252929688
v -22.5828685760498 113.74528503417969 -89.00328826904297
v -36.30744934082031 116.49292755126953 -83.92378234863281
v -33.59052658081055 120.46646118164062 -82.15206146240234
v -31.3559455871582 124.19690704345703 -78.61449432373047
v -25.32102203369141 137.38235473632812 -50.950927734375
v -26.62569808959961 134.23146057128906 -59.7633171081543
v -27.98137474060059 131.031005859375 -67.29805755615234
v -29.08265495300293 98.06182098388672 -104.21337890625
v -31.38668823242188 99.03276062011719 -103.19586181640625
v -33.36876678466797 100.23971557617188 -101.63343811035156
v -38.68761825561523 109.06784057617188 -88.25422668457031
v -37.66253280639648 106.24156188964844 -92.5169677734375
v -36.46844863891602 103.80553436279297 -96.28214263916016
v -29.01984596252441 165.96720886230469 35.18325424194336
v -27.72638702392578 164.44900512695312 27.91911315917969
v -26.58650970458984 162.17262268066406 19.56559181213379
v -23.89096832275391 146.61341857910156 -24.85237503051758
v -24.26306915283203 151.37220764160156 -12.19405841827393
v -24.84163284301758 155.58195495605469 -0.51781713962555
v -40.93852996826172 150.10432434082031 -19.29234886169434
v -40.05537033081055 154.09039306640625 -8.87897872924805
v -38.95489501953125 157.68113708496094 1.51065027713776
v -32.45650482177734 166.2254638671875 35.8939323425293
v -34.34745407104492 165.07284545898438 28.92697525024414
v -36.08496856689453 163.24287414550781 20.71817016601562
v -25.87577438354492 144.18814086914062 -36.87423324584961
v -27.56819152832031 146.24160766601562 -35.96071624755859
v -29.25068664550781 147.58566284179688 -35.70515823364258
v -38.30755615234375 147.2371826171875 -32.21242904663086
v -35.50215530395508 148.12266540527344 -34.06278228759766
v -33.11150360107422 148.480712890625 -35.11917877197266
v -40.43530654907227 115.75596618652344 -78.9224853515625
v -41.17019271850586 119.54891967773438 -73.85923004150391
v -41.76065063476562 123.59440612792969 -68.30992889404297
v -42.06995391845703 141.38002014160156 -38.68974685668945
v -42.31914138793945 136.84040832519531 -47.27582550048828
v -42.35288238525391 132.30278015136719 -55.08974075317383
v 36.42314147949219 140.527099609375 -22.30642509460449
v 39.97750473022461 137.48002624511719 -16.5853214263916
v 43.64468002319336 133.88517761230469 -10.31765651702881
v 56.85654830932617 114.26504516601562 16.01953315734863
v 54.03060150146484 119.93250274658203 9.66515922546387
v 50.80047225952148 125.09957122802734 3.01752781867981
v 40.61808395385742 119.31966400146484 -72.90703582763672
v 40.30330657958984 122.44490051269531 -67.62207794189453
v 39.72075271606445 125.66666412353516 -62.05202102661133
v 34.74837112426758 139.49412536621094 -35.21774673461914
v 36.29849624633789 135.95378112792969 -42.67100524902344
v 37.69084548950195 132.43888854980469 -49.6290283203125
v 55.31161117553711 83.0853271484375 -27.55728530883789
v 53.94930648803711 89.22441864013672 -35.1240119934082
v 52.27408981323242 94.77664184570312 -43.38595581054688
v 43.28761291503906 112.57199859619141 -73.60869598388672
v 45.7927360534668 108.63968658447266 -67.45449066162109
v 48.15363311767578 104.41152191162109 -60.04006195068359
v 60.10597610473633 104.42156982421875 16.9400691986084
v 60.6874885559082 100.70203399658203 12.17622661590576
v 60.89408111572266 96.92499542236328 7.43149852752686
v 57.98015213012695 80.73290252685547 -14.31010341644287
v 59.26877975463867 84.99443054199219 -8.1649055480957
v 60.18427658081055 89.09665679931641 -2.59136748313904
v -0.00056605186546 87.638427734375 -104.97818756103516
v -4.59761142730713 89.67117309570312 -104.85906219482422
v -8.78416919708252 91.52862548828125 -104.99932861328125
v -23.40732192993164 96.38409423828125 -105.20531463623047
v -20.07064056396484 95.48287200927734 -105.36760711669922
v -16.48124122619629 94.42884826660156 -105.36073303222656
v -2.13512682914734 125.15187835693359 -46.85457611083984
v -0.69296073913574 120.45117950439453 -57.61490631103516
v 0.7689157128334 115.57851409912109 -67.8450927734375
v 5.38379144668579 93.07296752929688 -100.42331695556641
v 4.58543682098389 99.39124298095703 -93.84817504882812
v 3.48784947395325 105.14632415771484 -86.11795043945312
v -21.2516918182373 139.65425109863281 -36.23884963989258
v -18.83695793151855 138.03314208984375 -34.47673797607422
v -16.37414360046387 136.20143127441406 -33.59446334838867
v -6.0807032585144 130.13790893554688 -34.89094543457031
v -8.68814945220947 131.14631652832031 -34.14523696899414
v -11.28929042816162 132.59524536132812 -33.59884643554688
v 28.99824905395508 98.07621002197266 -105.27378845214844
v 26.70834159851074 96.86386108398438 -105.73365020751953
v 24.23860740661621 95.54879760742188 -105.89060974121094
v 11.11677169799805 87.95004272460938 -105.24065399169922
v 15.1512622833252 90.19655609130859 -105.3023681640625
v 18.56924057006836 92.24018859863281 -105.55221557617188
v 18.42682075500488 135.0596923828125 -58.97998046875
v 19.94275665283203 129.95230102539062 -68.53131866455078
v 21.64231872558594 124.96665954589844 -77.19587707519531
v 29.38105583190918 104.62939453125 -101.69906616210938
v 27.45187187194824 109.85578918457031 -97.39769744873047
v 25.45876121520996 114.97553253173828 -91.74517059326172
v -0.94546043872833 130.05572509765625 -36.48985290527344
v 1.56618988513947 130.98945617675781 -37.29158782958984
v 4.05183935165405 132.37873840332031 -38.18973541259766
v 14.0828800201416 139.50379943847656 -44.41186141967773
v 11.48232269287109 137.80426025390625 -42.23480987548828
v 8.97907733917236 135.94097900390625 -40.55990982055664
v 15.11962985992432 161.12149047851562 24.78099822998047
v 13.49994277954102 160.21438598632812 17.40238380432129
v 12.50881958007812 158.58917236328125 9.03204536437988
v 14.74145984649658 145.85739135742188 -33.75666427612305
v 13.27090549468994 149.895751953125 -21.7675895690918
v 12.40122509002686 153.38710021972656 -10.59639453887939
v -1.9591828584671 155.65469360351562 45.76132965087891
v 1.34350085258484 156.43437194824219 43.92204666137695
v 4.23446655273438 157.55633544921875 42.45699310302734
v 14.86741542816162 161.26031494140625 34.75222015380859
v 12.26980781555176 160.76554870605469 37.45448303222656
v 9.61019420623779 159.90016174316406 39.48477172851562
v -4.69638204574585 134.2081298828125 -24.34050750732422
v -5.72529363632202 138.51927185058594 -12.90256881713867
v -6.55414628982544 142.56959533691406 -1.56608641147614
v -7.25936079025269 154.35946655273438 39.63246154785156
v -7.56697177886963 152.26914978027344 30.21869087219238
v -7.51488637924194 149.53923034667969 20.13632583618164
v -28.35914039611816 166.36827087402344 45.16655731201172
v -26.1506462097168 165.46014404296875 47.52999877929688
v -23.7845630645752 164.07801818847656 48.7671012878418
v -11.44877815246582 156.81964111328125 48.37930679321289
v -15.22553825378418 158.51139831542969 48.66061401367188
v -18.42655944824219 160.42872619628906 49.0290412902832
v 20.25572967529297 160.57853698730469 36.47576141357422
v 23.49016380310059 159.1444091796875 40.9496955871582
v 26.78919219970703 157.02395629882812 44.74750518798828
v 34.93380355834961 142.78277587890625 57.20979309082031
v 34.22580337524414 147.15370178222656 53.99037170410156
v 32.44208908081055 150.99055480957031 51.03323364257812
v 31.45624542236328 146.46977233886719 -18.83267784118652
v 29.75723648071289 149.76316833496094 -10.19626426696777
v 27.98643493652344 152.79811096191406 -1.65529048442841
v 19.74709892272949 160.63914489746094 26.40412902832031
v 21.99685287475586 159.44059753417969 20.63969993591309
v 24.11995697021484 157.7061767578125 13.9661169052124
v 39.82652282714844 133.3798828125 57.64435577392578
v 44.37050628662109 129.80535888671875 53.31686019897461
v 48.13714599609375 126.25627136230469 48.52193069458008
v 57.81635284423828 111.78998565673828 27.11588287353516
v 56.07829666137695 115.45473480224609 32.53956985473633
v 53.90541458129883 119.09375 38.00579833984375
v 57.53574371337891 102.35444641113281 182.3924560546875
v 58.63448715209961 98.47718811035156 181.33438110351562
v 59.35089111328125 93.90195465087891 179.3387451171875
v 57.50843811035156 73.74129486083984 163.78067016601562
v 58.76374435424805 78.54843139648438 168.62657165527344
v 59.45977020263672 83.68158721923828 172.89488220214844
v 122.43344116210938 136.25538635253906 52.68830871582031
v 115.91478729248047 135.8052978515625 74.07607269287109
v 108.57928466796875 133.20071411132812 95.20110321044922
v 69.04012298583984 111.19020080566406 168.80976867675781
v 80.65733337402344 117.43635559082031 152.86772155761719
v 91.05198669433594 123.51860046386719 135.0101318359375
v 30.16982650756836 144.93052673339844 -31.2691707611084
v 27.57257461547852 146.27110290527344 -34.4469108581543
v 25.29152870178223 147.0323486328125 -36.95029067993164
v 18.59317588806152 143.93411254882812 -44.15411758422852
v 20.0238037109375 145.7330322265625 -42.1280517578125
v 21.56784057617188 146.80117797851562 -40.51821899414062
v 40.5057487487793 113.31981658935547 -83.04925537109375
v 40.06476593017578 110.50604248046875 -87.84226226806641
v 39.32828140258789 107.91049957275391 -92.22163391113281
v 33.22898483276367 100.56300354003906 -103.18894195556641
v 35.15007019042969 101.999267578125 -101.41864013671875
v 36.85187911987305 103.65642547607422 -99.05479431152344
v 20.76296997070312 137.91484069824219 -57.4936408996582
v 23.87558746337891 135.21080017089844 -64.84906768798828
v 26.83526802062988 132.44056701660156 -70.82711791992188
v 38.01340484619141 119.84011077880859 -80.18093872070312
v 35.29092407226562 123.24205780029297 -80.32797241210938
v 32.5174560546875 126.48052978515625 -78.67278289794922
v -49.0152473449707 64.30683135986328 164.48464965820312
v -33.99822998046875 63.95444488525391 169.55302429199219
v -18.49471092224121 63.95658111572266 172.60215759277344
v 42.28674697875977 67.64237976074219 165.11369323730469
v 27.88600730895996 66.15612030029297 169.88780212402344
v 12.75227832794189 65.05081176757812 172.74417114257812
v -69.41250610351562 90.28253173828125 190.68107604980469
v -69.27435302734375 87.24783325195312 188.52548217773438
v -68.89893341064453 83.72959136962891 185.208740234375
v -64.89787292480469 68.31939697265625 163.85247802734375
v -66.28577423095703 72.02269744873047 170.05271911621094
v -67.41102600097656 75.94210815429688 175.79624938964844
v 41.73229598999023 100.19669342041016 193.29437255859375
v 26.29056358337402 96.00356292724609 201.41044616699219
v 10.12401580810547 92.75492095947266 206.75785827636719
v -54.7839241027832 90.33651733398438 200.19493103027344
v -39.22129058837891 89.2415771484375 206.05522155761719
v -22.98221397399902 89.31736755371094 209.09358215332031
v -132.02862548828125 66.99777984619141 63.72639083862305
v -125.51322937011719 68.58378601074219 80.03982543945312
v -117.89109039306641 69.17527008056641 95.79454803466797
v -76.37040710449219 66.04869079589844 148.18869018554688
v -88.40190887451172 67.20893096923828 137.18760681152344
v -99.33369445800781 68.26520538330078 124.62031555175781
v -140.01907348632812 112.56642150878906 50.63803100585938
v -141.52560424804688 107.41241455078125 49.85390853881836
v -142.63720703125 101.18644714355469 48.9749641418457
v -140.37098693847656 71.40146636962891 46.76705932617188
v -142.22073364257812 78.99600982666016 46.89723205566406
v -143.12290954589844 86.68630981445312 47.38381195068359
v -82.4786376953125 96.26486968994141 179.95526123046875
v -94.286865234375 100.66556549072266 165.94149780273438
v -104.77095794677734 105.37156677246094 149.83694458007812
v -133.99531555175781 117.46312713623047 72.08926391601562
v -128.54310607910156 116.42865753173828 92.76778411865234
v -121.87262725830078 113.74238586425781 112.87118530273438
v -143.9832763671875 13.06424522399902 -60.90274047851562
v -146.4283447265625 22.64368057250977 -47.59976196289062
v -147.74021911621094 31.72683143615723 -33.29401779174805
v -141.73225402832031 59.95163345336914 30.43085479736328
v -144.91488647460938 54.42612075805664 13.87692451477051
v -146.97967529296875 47.77531051635742 -2.37938451766968
v -138.44296264648438 35.38381576538086 -95.82246398925781
v -140.29067993164062 31.67247009277344 -95.21375274658203
v -141.84593200683594 27.30079650878906 -93.71107482910156
v -142.37998962402344 7.55844783782959 -78.89693450927734
v -143.37576293945312 12.39764022827148 -83.90733337402344
v -143.52659606933594 17.44601249694824 -88.05104064941406
v -141.35075378417969 112.61956787109375 30.52242279052734
v -143.35252380371094 106.55471801757812 10.17583751678467
v -144.33311462402344 98.46443939208984 -9.66243171691895
v -139.48509216308594 51.89810180664062 -80.67596435546875
v -141.86849975585938 65.0655517578125 -64.49916076660156
v -143.51901245117188 77.41739654541016 -47.16275405883789
v -82.62144470214844 -60.67089080810547 -124.49650573730469
v -94.47486114501953 -53.49328994750977 -120.15297698974609
v -105.10591125488281 -45.35082244873047 -114.94181823730469
v -135.67816162109375 -6.95441722869873 -83.79523468017578
v -129.80072021484375 -17.0452880859375 -93.28974151611328
v -122.75525665283203 -26.93571853637695 -101.59149169921875
v -73.62535095214844 -60.42539596557617 -164.39967346191406
v -73.89165496826172 -62.19003677368164 -162.41441345214844
v -73.908935546875 -63.77317428588867 -159.19071960449219
v -71.07188415527344 -66.99138641357422 -135.94473266601562
v -72.25865936279297 -66.78391265869141 -143.10560607910156
v -73.11322784423828 -66.13507843017578 -149.43466186523438
v -132.8079833984375 24.32621383666992 -108.89952850341797
v -128.37489318847656 10.46553039550781 -120.83283996582031
v -122.93014526367188 -3.12329196929932 -131.37966918945312
v -86.80563354492188 -49.93406677246094 -160.68972778320312
v -98.41152191162109 -39.84562301635742 -155.19505310058594
v -108.15992736816406 -28.5201530456543 -148.51141357421875
v 39.42925262451172 -70.37709045410156 -131.17947387695312
v 24.21224784851074 -74.0657958984375 -133.32012939453125
v 8.35361385345459 -76.32719421386719 -134.53787231445312
v -55.19324493408203 -71.36709594726562 -130.90586853027344
v -39.92005920410156 -74.68122863769531 -133.01669311523438
v -24.0277214050293 -76.62152862548828 -134.34982299804688
v 73.26015472412109 -64.29521179199219 -163.85231018066406
v 72.11715698242188 -65.53903198242188 -161.45463562011719
v 70.26396179199219 -66.48371887207031 -157.89358520507812
v 57.66033935546875 -66.42971801757812 -135.125244140625
v 61.39877319335938 -67.10225677490234 -141.78495788574219
v 64.80921936035156 -67.30738830566406 -147.90322875976562
v -57.17560195922852 -65.43477630615234 -168.3096923828125
v -39.47290802001953 -70.57329559326172 -170.53544616699219
v -20.55563926696777 -73.92732238769531 -171.773193359375
v 56.6009407043457 -68.84951019287109 -167.86659240722656
v 38.15448760986328 -72.95795440673828 -170.06965637207031
v 18.79096794128418 -75.15210723876953 -171.48919677734375
v 118.56186676025391 -0.08528012037277 -77.29695129394531
v 112.95561218261719 -11.09671878814697 -87.81873321533203
v 106.14878082275391 -21.88162994384766 -97.21550750732422
v 66.67770385742188 -58.66425323486328 -123.98416137695312
v 78.40585327148438 -50.83132553100586 -118.87160491943359
v 88.88581085205078 -41.95352172851562 -112.72037506103516
v 88.61099243164062 -54.75993347167969 -161.31427001953125
v 101.71589660644531 -44.97163772583008 -156.90286254882812
v 112.98632049560547 -33.65474319458008 -151.5836181640625
v 141.20751953125 22.39297103881836 -118.96300506591797
v 136.53288269042969 7.21461820602417 -129.04621887207031
v 130.32060241699219 -7.3363151550293 -137.76856994628906
v 54.36825180053711 106.99112701416016 181.33616638183594
v 52.38157272338867 107.62372589111328 179.23820495605469
v 50.17673110961914 107.30478668212891 176.23564147949219
v 39.93271636962891 99.09761810302734 157.30812072753906
v 42.63172912597656 101.93070983886719 162.86470031738281
v 45.26396560668945 104.32907104492188 167.94244384765625
v -62.68925857543945 90.78804016113281 163.28347778320312
v -64.23933410644531 92.43413543701172 169.89736938476562
v -65.59752655029297 93.76435852050781 175.90113830566406
v -69.00262451171875 94.20162200927734 190.8043212890625
v -68.46637725830078 94.99736022949219 188.74641418457031
v -67.71647644042969 95.13222503662109 185.47621154785156
v -119.69656372070312 105.44781494140625 49.4231071472168
v -123.37545776367188 109.90208435058594 49.91006469726562
v -126.62572479248047 113.65664672851562 50.41364288330078
v -136.37368774414062 118.49079132080078 51.47052764892578
v -134.32133483886719 119.12857818603516 51.46227645874023
v -132.04701232910156 118.42926025390625 51.24592971801758
v 126.05787658691406 135.97645568847656 29.70710754394531
v 123.24420166015625 136.06230163574219 28.63386535644531
v 119.88690185546875 134.51719665527344 28.16547775268555
v 102.84690093994141 116.15515899658203 31.02409172058105
v 107.46599578857422 122.16016387939453 29.73125457763672
v 111.90653991699219 127.35975646972656 28.77999114990234
v -117.62361907958984 33.3409423828125 -71.36775207519531
v -121.37000274658203 35.94171905517578 -76.77733612060547
v -124.63422393798828 38.0848388671875 -81.63242340087891
v -134.42263793945312 39.95613479614258 -94.33061981201172
v -132.31048583984375 40.70596313476562 -92.28209686279297
v -130.02680969238281 40.57319641113281 -89.44366455078125
v -63.00828552246094 -45.09713745117188 -136.123291015625
v -65.27455902099609 -46.90235137939453 -142.97103881835938
v -67.24207305908203 -48.78085327148438 -149.1197509765625
v -72.4288330078125 -56.61145782470703 -164.24819946289062
v -71.50418853759766 -54.64793395996094 -162.13360595703125
v -70.34166717529297 -52.67445373535156 -158.82481384277344
v 56.50511169433594 -48.78471374511719 -138.44235229492188
v 60.30830001831055 -50.84683990478516 -144.96833801269531
v 63.82977676391602 -52.963623046875 -150.79591369628906
v 73.03340148925781 -61.07842254638672 -164.53550720214844
v 71.67136383056641 -59.19246292114258 -162.79487609863281
v 69.61457061767578 -57.18137741088867 -159.8385009765625
v 116.99371337890625 32.23081588745117 -85.15570068359375
v 122.91602325439453 34.60309982299805 -91.37718200683594
v 128.36314392089844 36.60260772705078 -96.8482666015625
v 143.08424377441406 39.13851928710938 -108.06169128417969
v 140.69566345214844 39.49726486206055 -107.17564392089844
v 137.36875915527344 39.13639450073242 -104.90583801269531
v 56.92881393432617 68.75553131103516 -16.46497344970703
v 57.31866836547852 60.79690551757812 -13.33819007873535
v 57.66553115844727 52.71554946899414 -11.70422840118408
v 62.16565322875977 25.25949859619141 -18.2954273223877
v 60.21945571899414 30.78345680236816 -14.85869884490967
v 58.93879318237305 37.40400314331055 -12.55454540252686
v 33.05238342285156 46.76066589355469 -80.77285003662109
v 37.90265274047852 49.80041885375977 -72.57802581787109
v 42.11666107177734 53.50674438476562 -63.92295074462891
v 54.28529739379883 71.630126953125 -28.90625762939453
v 51.86391448974609 66.89365386962891 -37.27589416503906
v 49.03908920288086 62.20743179321289 -46.05455780029297
v 24.31630706787109 -17.02026748657227 -74.80085754394531
v 23.54362297058105 -9.84069538116455 -73.18329620361328
v 23.27684211730957 -1.90974903106689 -72.81034851074219
v 25.70951652526855 34.24688720703125 -82.78470611572266
v 24.73973083496094 24.75366020202637 -78.60858917236328
v 23.95509147644043 15.51230812072754 -75.55381774902344
v -27.56183242797852 36.36379623413086 -90.41893005371094
v -20.01556015014648 33.75436782836914 -91.40182495117188
v -12.35861492156982 32.37434005737305 -92.05593109130859
v 18.74273109436035 38.94452667236328 -90.71274566650391
v 11.00801658630371 35.40503692626953 -91.80039215087891
v 3.19933581352234 33.17873001098633 -92.31602478027344
v -37.42908477783203 -16.67948722839355 -71.55808258056641
v -36.91817474365234 -10.20834445953369 -70.49890899658203
v -36.77566146850586 -3.01860642433167 -70.75736999511719
v -36.62406921386719 30.70077896118164 -82.93051147460938
v -36.97977066040039 21.64345741271973 -78.35487365722656
v -36.98593902587891 12.98678874969482 -74.76764678955078
v -68.69452667236328 61.35831069946289 -41.34018707275391
v -65.74943542480469 56.63576507568359 -48.468017578125
v -62.33108901977539 52.43611907958984 -55.63784408569336
v -43.02134323120117 41.58956146240234 -82.71785736083984
v -48.89500045776367 43.27593612670898 -76.3582763671875
v -53.982177734375 45.70200729370117 -69.67452239990234
v -73.59527587890625 20.5403938293457 -17.7237663269043
v -72.79014587402344 25.06221771240234 -16.6205883026123
v -72.61918640136719 30.68732833862305 -16.71111488342285
v -72.51273345947266 59.20207595825195 -28.60585975646973
v -73.02912139892578 51.6731071472168 -23.94272613525391
v -73.02687072753906 44.24370193481445 -20.39240455627441
v -74.634765625 109.31014251708984 10.94084548950195
v -75.90251159667969 103.43246459960938 4.3949875831604
v -76.52223205566406 97.26758575439453 -2.0180287361145
v -73.25741577148438 72.27578735351562 -27.63947105407715
v -74.86149597167969 78.31960296630859 -21.10894012451172
v -75.96488189697266 84.58416748046875 -14.70511054992676
v -77.71930694580078 73.22634887695312 43.13776016235352
v -76.62721252441406 76.8841552734375 41.06636047363281
v -76.07475280761719 81.83951568603516 38.52824783325195
v -74.27565765380859 108.17594146728516 23.05006408691406
v -75.16238403320312 101.26065063476562 27.78433418273926
v -75.59162902832031 94.35079193115234 31.92016792297363
v -39.99211883544922 140.36270141601562 62.9107666015625
v -46.6982421875 137.70600891113281 57.84320449829102
v -52.65641403198242 134.82272338867188 52.02283477783203
v -70.00780487060547 119.69594573974609 24.69061470031738
v -66.63990783691406 124.11955261230469 31.79347801208496
v -62.60660934448242 128.0869140625 38.82708740234375
v -42.08745193481445 90.35884094238281 92.53902435302734
v -40.3292121887207 95.88958740234375 87.43313598632812
v -38.69397735595703 102.43777465820312 82.86994171142578
v -33.08346557617188 134.14753723144531 69.37665557861328
v -34.39318466186523 125.79480743408203 72.08310699462891
v -35.74595642089844 117.60422515869141 75.22240447998047
v 26.11834907531738 136.52943420410156 65.45733642578125
v 18.46967124938965 136.31840515136719 67.96430969238281
v 10.48433017730713 136.49623107910156 69.69715118408203
v -22.93632316589355 140.75117492675781 69.70674896240234
v -14.56209564208984 139.13412475585938 70.84220123291016
v -6.13015842437744 137.90444946289062 71.14957427978516
v 24.2169361114502 87.11247253417969 94.24496459960938
v 25.48578453063965 91.97879028320312 88.66598510742188
v 27.1371955871582 97.98134613037109 83.37709045410156
v 33.57794189453125 128.51095581054688 65.28669738769531
v 32.46294403076172 120.32124328613281 69.31638336181641
v 30.84673118591309 112.37562561035156 73.68907165527344
v 65.98643493652344 69.59506225585938 43.34203720092773
v 64.82845306396484 72.36598205566406 42.30247116088867
v 64.00897979736328 76.58074951171875 40.60129165649414
v 60.77893829345703 101.47641754150391 27.00876045227051
v 61.91299819946289 94.68717193603516 31.4422492980957
v 62.71811294555664 88.06142425537109 35.17977142333984
v 30.78678131103516 54.55262756347656 -91.69187164306641
v 33.0108528137207 62.40505218505859 -94.85687255859375
v 34.29293823242188 69.47620391845703 -98.04109191894531
v 32.68610763549805 93.78489685058594 -105.43895721435547
v 33.86824417114258 88.10338592529297 -104.98477935791016
v 34.59899139404297 82.18843078613281 -103.39400482177734
v 23.67722320556641 50.24789810180664 -95.45166778564453
v 21.29516983032227 55.00771331787109 -99.93328857421875
v 19.10643768310547 59.60498428344727 -103.23912811279297
v 9.05592346191406 78.98239135742188 -107.44780731201172
v 11.88352012634277 73.74321746826172 -107.73340606689453
v 14.50137424468994 68.84649658203125 -107.07999420166016
v -37.19106674194336 50.34904098510742 -92.73232269287109
v -37.36830520629883 58.11376953125 -96.38060760498047
v -36.64456176757812 65.31721496582031 -99.87021636962891
v -28.57548904418945 91.28437042236328 -106.52649688720703
v -30.91607284545898 85.12299346923828 -106.56338500976562
v -33.20589065551758 78.73753356933594 -105.25760650634766
v 1.05819201469421 78.67609405517578 -107.27897644042969
v -3.62698030471802 73.08746337890625 -107.40968322753906
v -8.52037239074707 67.79779052734375 -106.61726379394531
v -29.11852836608887 47.2515869140625 -95.29020690917969
v -23.72032356262207 52.58503723144531 -99.50711822509766
v -18.5597038269043 57.68075180053711 -102.69296264648438
v -68.77119445800781 73.55502319335938 -41.18969345092773
v -65.47705078125 80.14153289794922 -48.66936874389648
v -61.52627944946289 86.35272979736328 -56.37981033325195
v -43.54078674316406 107.71383666992188 -81.11325836181641
v -47.92610931396484 102.869140625 -76.687744140625
v -52.53160095214844 97.70305633544922 -70.80980682373047
v -70.13255310058594 120.73069763183594 11.65448760986328
v -66.81847381591797 126.06307220458984 5.1959753036499
v -62.93150329589844 130.78669738769531 -1.45537805557251
v -45.486328125 143.9124755859375 -25.27467918395996
v -49.74904251098633 141.4644775390625 -20.20923233032227
v -54.20519638061523 138.47146606445312 -14.39371871948242
v -34.49920272827148 149.15447998046875 64.08621978759766
v -35.72483444213867 153.86447143554688 61.82086944580078
v -36.06372451782227 157.85092163085938 59.62382507324219
v -31.99333190917969 166.49263000488281 46.55170440673828
v -33.4911003112793 165.48193359375 50.82096481323242
v -34.77790069580078 163.67726135253906 54.330810546875
v -26.27956962585449 148.24903869628906 67.220458984375
v -22.47688102722168 151.38711547851562 66.71829986572266
v -19.31237983703613 153.50042724609375 65.64470672607422
v -8.77659511566162 156.08171081542969 54.64544296264648
v -11.21213150024414 156.091064453125 58.66172790527344
v -13.80117034912109 155.69706726074219 61.71445465087891
v -1.29211282730103 155.27250671386719 53.08646774291992
v 3.76114583015442 154.55247497558594 55.87825012207031
v 8.92471694946289 153.45368957519531 57.88401031494141
v 28.43347549438477 143.34112548828125 61.32503509521484
v 23.69744682312012 147.15884399414062 60.95160293579102
v 18.92864227294922 149.92506408691406 60.29498672485352
v -61.30862045288086 62.2607536315918 150.78636169433594
v -59.09896469116211 59.89995193481445 144.07191467285156
v -56.61003112792969 57.74433517456055 137.20367431640625
v -44.36635589599609 48.29837036132812 108.36461639404297
v -47.58408355712891 50.88782501220703 115.59571838378906
v -50.78658676147461 53.32710266113281 122.90705108642578
v -133.27626037597656 57.66736221313477 48.02718734741211
v -128.0706787109375 51.79387283325195 49.25176620483398
v -121.99630737304688 46.54828262329102 50.50130462646484
v -93.07582855224609 31.32342338562012 51.11610412597656
v -100.46448516845703 34.31923294067383 51.84880065917969
v -107.95143890380859 37.83735656738281 51.96114730834961
v -137.30113220214844 -0.62293791770935 -66.3033447265625
v -133.12994384765625 -3.73767614364624 -58.98303604125977
v -127.93759155273438 -6.18833446502686 -51.32180023193359
v -99.29751586914062 -9.42472457885742 -22.63203239440918
v -107.06882476806641 -9.52401924133301 -28.91387557983398
v -114.68942260742188 -9.05704784393311 -36.00072860717773
v -67.61854553222656 -65.8223876953125 -119.53422546386719
v -65.36482238769531 -64.35374450683594 -110.54405975341797
v -62.80454254150391 -62.25936889648438 -101.24100494384766
v -50.39413070678711 -47.93148040771484 -64.64056396484375
v -53.67665863037109 -52.16261291503906 -73.17884826660156
v -56.89890289306641 -56.08465194702148 -82.32757568359375
v 49.58171844482422 -63.51415634155273 -120.80348968505859
v 45.41085433959961 -61.25534820556641 -113.28347015380859
v 41.25066375732422 -58.49756622314453 -105.50606536865234
v 26.11310386657715 -43.50140380859375 -72.57698822021484
v 29.55207633972168 -47.61796569824219 -80.75074768066406
v 33.25735855102539 -51.5902099609375 -89.12518310546875
v 19.0224781036377 -34.07457733154297 -54.87089538574219
v 9.56531143188477 -32.60332870483398 -48.64688873291016
v -0.92439138889313 -31.65909194946289 -43.43626022338867
v -11.93694591522217 -31.67050552368164 -40.36333465576172
v 22.84705352783203 -27.49303817749023 -46.68696975708008
v 12.39243793487549 -24.55465126037598 -37.65164947509766
v 0.86153727769852 -22.22644805908203 -29.70407676696777
v -11.26657867431641 -21.6100902557373 -25.1909294128418
v 28.15427017211914 -20.6041316986084 -38.80191040039062
v 16.85177421569824 -16.24872589111328 -27.01951789855957
v 3.76330757141113 -11.65096378326416 -14.59868812561035
v -10.37522315979004 -9.75451469421387 -7.31107664108276
v -42.91062927246094 -37.91758728027344 -47.29734039306641
v -45.94949722290039 -31.80365562438965 -38.19779205322266
v -50.30058288574219 -25.50749015808105 -29.42415618896484
v -56.27311706542969 -19.6526050567627 -21.8809814453125
v -33.46580505371094 -35.32297897338867 -43.14871597290039
v -35.27467346191406 -27.60828590393066 -31.47285079956055
v -38.50096130371094 -19.78966903686523 -20.08713340759277
v -44.30265426635742 -13.0038537979126 -10.71457004547119
v -22.9626636505127 -33.06621170043945 -40.55243301391602
v -23.51283836364746 -23.80723190307617 -26.45886993408203
v -24.82791137695312 -13.5030460357666 -10.92833042144775
v -30.203369140625 -4.86584091186523 1.80679500102997
v -82.06370544433594 -7.85191488265991 -11.17727470397949
v -76.92646026611328 -2.72946190834045 -1.52861106395721
v -72.71977996826172 3.05795502662659 8.77106857299805
v -70.39179992675781 9.12303352355957 19.30284881591797
v -73.08242034912109 -10.9810094833374 -12.97858142852783
v -65.31076812744141 -5.20727348327637 -2.30660486221313
v -58.58559417724609 1.34286332130432 8.9250659942627
v -55.01523971557617 8.16239452362061 20.41664505004883
v -64.17630767822266 -14.86250782012939 -16.47280120849609
v -53.83771133422852 -8.38756370544434 -5.07815980911255
v -42.9346923828125 -0.60780346393585 7.51411724090576
v -36.85131072998047 7.56203937530518 20.83114433288574
v -77.08979797363281 25.72521781921387 47.6716423034668
v -67.90406799316406 26.52471923828125 52.04651260375977
v -58.82626724243164 28.08862495422363 57.52397155761719
v -50.79629516601562 30.54417610168457 64.45405578613281
v -73.39658355712891 20.69046592712402 39.27954864501953
v -61.66921234130859 20.92097091674805 42.62876892089844
v -50.04634857177734 22.11901473999023 47.0284309387207
v -40.29686737060547 24.76235580444336 53.75295257568359
v -70.89066314697266 15.07847118377686 29.64781379699707
v -56.70802688598633 14.74431324005127 31.86834526062012
v -40.97161483764648 15.20723247528076 34.4000358581543
v -27.95543479919434 17.93745803833008 40.70331954956055
v -37.32025146484375 41.88018798828125 92.27494049072266
v -28.52989196777344 40.02353668212891 88.27096557617188
v -18.69912910461426 38.73523712158203 85.17292022705078
v -8.24502849578857 38.50658416748047 83.89929962158203
v -40.37142181396484 37.97595596313477 82.77588653564453
v -30.63167572021484 34.76640701293945 76.18701171875
v -19.86250114440918 32.15599060058594 70.5478515625
v -8.44610786437988 31.33161926269531 67.97428894042969
v -44.75405883789062 34.01861953735352 73.18680572509766
v -34.18965530395508 29.32874870300293 64.07674407958984
v -21.93349838256836 24.40522193908691 54.23862075805664
v -8.63386535644531 22.29814910888672 49.07802581787109
v 22.1487979888916 44.87720489501953 92.96962738037109
v 25.06022071838379 41.56344985961914 83.19023132324219
v 29.44366836547852 38.35807037353516 73.13446044921875
v 35.59481430053711 35.81049728393555 63.65354156494141
v 12.73047828674316 42.13982009887695 88.68922424316406
v 14.59847640991211 37.31856536865234 76.33357238769531
v 18.10286521911621 32.47914505004883 63.76606750488281
v 24.34081840515137 28.80156707763672 52.58282089233398
v 2.41535997390747 39.82886505126953 85.36859893798828
v 3.23529410362244 33.48021697998047 70.58222961425781
v 5.06097030639648 26.05764389038086 54.00054168701172
v 11.09422492980957 20.40605545043945 39.58073806762695
v 62.3402099609375 34.34682464599609 43.6890754699707
v 58.34940719604492 28.88214111328125 33.96530532836914
v 55.37653732299805 22.88804626464844 23.00309371948242
v 54.23175811767578 16.73339462280273 11.31015014648438
v 53.06516265869141 34.07097244262695 48.95042419433594
v 46.38653945922852 27.73753929138184 38.41999053955078
v 40.82049560546875 20.88591194152832 26.59020805358887
v 38.37170791625977 13.9795036315918 13.85191917419434
v 43.8093376159668 34.47016525268555 55.59872436523438
v 34.40952682495117 27.46585655212402 44.37997817993164
v 24.53689575195312 19.37036323547363 31.28002548217773
v 19.49316215515137 11.1138162612915 16.70855331420898
v 63.22565078735352 0.54899972677231 -22.48767280578613
v 53.6680793762207 -3.47077393531799 -24.30890464782715
v 43.97045516967773 -8.31103706359863 -27.37610626220703
v 35.13258361816406 -14.00956439971924 -32.0776481628418
v 59.00663757324219 5.3064341545105 -12.09001159667969
v 46.81773376464844 1.59686052799225 -12.38765907287598
v 34.50374984741211 -2.90946960449219 -14.11970138549805
v 23.90249061584473 -8.69663715362549 -18.56927490234375
v 55.72523498535156 10.7870454788208 -0.60581201314926
v 41.04486465454102 7.48171997070312 0.59595501422882
v 24.58004760742188 3.62634348869324 1.07524728775024
v 10.69734001159668 -2.25818395614624 -2.78420805931091
v 65.7242431640625 11.39619159698486 -36.65742111206055
v 62.11469268798828 4.26021766662598 -44.85776901245117
v 57.92041015625 -2.57715106010437 -52.68632888793945
v 53.1273078918457 -9.00580787658691 -60.02201461791992
v 70.38770294189453 9.86402416229248 -43.02495956420898
v 66.69593048095703 2.19103479385376 -51.25927352905273
v 62.34550857543945 -5.13478851318359 -59.02415084838867
v 57.32365798950195 -12.00168132781982 -66.22354888916016
v 75.7689208984375 9.50543117523193 -50.02696228027344
v 71.99876403808594 1.23695659637451 -58.32956695556641
v 67.48500823974609 -6.63675022125244 -66.06941223144531
v 62.21511840820312 -14.00102615356445 -73.17406463623047
v 35.0143928527832 -24.7385139465332 -77.86094665527344
v 38.10172271728516 -28.73114204406738 -83.46839141845703
v 41.74287033081055 -31.89054679870605 -89.95234680175781
v 45.8259391784668 -34.38007736206055 -97.09308624267578
v 41.68837738037109 -20.19659614562988 -72.73041534423828
v 45.21455001831055 -23.91162490844727 -78.54171752929688
v 49.35661315917969 -26.74259185791016 -85.18796539306641
v 53.98592376708984 -28.86155319213867 -92.45600128173828
v 47.72132110595703 -14.91565895080566 -66.74373626708984
v 51.61760330200195 -18.29788398742676 -72.76142120361328
v 56.1765022277832 -20.7411937713623 -79.57106018066406
v 61.25604248046875 -22.42706489562988 -86.96631622314453
v 59.60772323608398 -39.46285629272461 -120.25889587402344
v 69.51096343994141 -32.66696548461914 -115.85906219482422
v 78.19872283935547 -24.75471878051758 -110.602294921875
v 85.69332885742188 -15.8643159866333 -104.47804260253906
v 54.87025833129883 -38.00288391113281 -112.46607208251953
v 64.19172668457031 -31.65167427062988 -108.00470733642578
v 72.40912628173828 -24.25234794616699 -102.68827056884766
v 79.54078674316406 -15.93547916412354 -96.52553558349609
v 50.23902893066406 -36.36307144165039 -104.67089080810547
v 58.97382736206055 -30.44055938720703 -100.13263702392578
v 66.71424102783203 -23.53695869445801 -94.74083709716797
v 73.47560882568359 -15.7763614654541 -88.52444458007812
v 101.24148559570312 15.29374694824219 -80.79473114013672
v 94.60416412353516 13.21456718444824 -73.04730987548828
v 88.03863525390625 11.40635299682617 -65.21738433837891
v 81.70639038085938 10.09475708007812 -57.48418426513672
v 97.1923828125 4.29812526702881 -89.58482360839844
v 90.6199951171875 2.9285626411438 -81.69627380371094
v 84.12247467041016 1.81940019130707 -73.73374938964844
v 77.86149597167969 1.18430495262146 -65.88294982910156
v 92.01710510253906 -6.13396549224854 -97.47573852539062
v 85.60496520996094 -6.83164358139038 -89.5252685546875
v 79.27323913574219 -7.28287315368652 -81.51242065429688
v 73.180419921875 -7.28534364700317 -73.62965393066406
v 19.68701362609863 -31.1648998260498 -85.06926727294922
v 11.19659042358398 -32.98085784912109 -87.05438232421875
v 2.39108180999756 -33.92079544067383 -87.99802398681641
v -6.5524582862854 -34.02630233764648 -87.92860412597656
v 21.69559097290039 -35.54044723510742 -90.37670135498047
v 12.58557891845703 -37.4590950012207 -92.28382873535156
v 3.1323709487915 -38.44124221801758 -93.18833160400391
v -6.46796083450317 -38.52751541137695 -93.11174011230469
v 24.08358383178711 -39.16745376586914 -96.63368988037109
v 14.24484157562256 -41.22077178955078 -98.49262237548828
v 4.02586078643799 -42.26937103271484 -99.38294982910156
v -6.35399150848389 -42.3522834777832 -99.31906127929688
v -32.44077301025391 -29.75227165222168 -81.92622375488281
v -34.19095230102539 -33.81732177734375 -87.21085357666016
v -36.26514053344727 -37.19720840454102 -93.54619598388672
v -38.56319427490234 -40.02495956420898 -100.68254089355469
v -24.14543724060059 -31.90044021606445 -84.86428070068359
v -25.3256950378418 -36.1749267578125 -90.10145568847656
v -26.7188606262207 -39.77716827392578 -96.38626861572266
v -28.25211524963379 -42.83824157714844 -103.4700927734375
v -15.4569845199585 -33.33898544311523 -86.87454986572266
v -16.01934051513672 -37.75852966308594 -92.07559967041016
v -16.67535400390625 -41.5085334777832 -98.31536102294922
v -17.38088798522949 -44.7202033996582 -105.34712982177734
v -45.79912185668945 -46.52571868896484 -124.40050506591797
v -32.96416473388672 -50.08511352539062 -127.02906799316406
v -19.35303688049316 -52.43707656860352 -128.72714233398438
v -5.30512571334839 -53.55070495605469 -129.51048278808594
v -43.43032836914062 -44.55618286132812 -116.35940551757812
v -31.44758605957031 -47.86114120483398 -119.04013061523438
v -18.76387596130371 -50.05327606201172 -120.79973602294922
v -5.68612480163574 -51.09982299804688 -121.64627838134766
v -40.98497009277344 -42.43360900878906 -108.37017822265625
v -29.85263061523438 -45.48921203613281 -111.10426330566406
v -18.09177589416504 -47.52471542358398 -112.92415618896484
v -5.9779953956604 -48.50525283813477 -113.830322265625
v 36.06546401977539 -49.15274810791016 -126.53005981445312
v 32.84193801879883 -47.03857040405273 -118.78841400146484
v 29.72497177124023 -44.76838684082031 -111.07089996337891
v 26.78277969360352 -42.19405364990234 -103.60887145996094
v 22.74351119995117 -51.93943405151367 -128.39616394042969
v 20.42372131347656 -49.62522125244141 -120.63254547119141
v 18.20597267150879 -47.16195678710938 -112.90324401855469
v 16.13232803344727 -44.40776443481445 -105.44451141357422
v 8.84018611907959 -53.39512252807617 -129.3948974609375
v 7.47871828079224 -50.96805572509766 -121.58786010742188
v 6.2131199836731 -48.39595413208008 -113.82319641113281
v 5.05747365951538 -45.54199981689453 -106.34140014648438
v -47.14387130737305 -23.49344062805176 -73.38037109375
v -53.4126091003418 -19.45217514038086 -67.8909912109375
v -59.01015472412109 -14.84006786346436 -61.71057891845703
v -63.97453308105469 -9.68491077423096 -54.92912292480469
v -49.81386566162109 -26.942626953125 -78.76642608642578
v -56.42225646972656 -22.50566673278809 -73.31116485595703
v -62.29100036621094 -17.4549732208252 -67.13654327392578
v -67.46690368652344 -11.83005619049072 -60.31959915161133
v -52.98854446411133 -29.64763259887695 -85.19069671630859
v -60.00352096557617 -24.77028465270996 -79.75400543212891
v -66.19698333740234 -19.22888374328613 -73.56381225585938
v -71.62614440917969 -13.07665729522705 -66.68442535400391
v -75.44882202148438 8.76091575622559 -31.87813377380371
v -79.30563354492188 8.09498500823975 -36.78487777709961
v -83.90007781982422 8.51256370544434 -42.55450820922852
v -89.00617218017578 9.79643249511719 -48.96805953979492
v -72.15585327148438 2.14337515830994 -39.92292785644531
v -75.92742156982422 0.98442983627319 -45.06675720214844
v -80.42047119140625 0.84730017185211 -51.11544799804688
v -85.41614532470703 1.52891564369202 -57.84156799316406
v -68.34375762939453 -4.01450061798096 -47.63658142089844
v -71.99678039550781 -5.67041492462158 -52.93732452392578
v -76.34823608398438 -6.36685037612915 -59.18019485473633
v -81.18861389160156 -6.29300832748413 -66.13075256347656
v -105.13460540771484 16.67353439331055 -69.88251495361328
v -101.23035430908203 6.45553112030029 -79.80982971191406
v -96.54811859130859 -3.34183430671692 -88.88422393798828
v -90.97510528564453 -12.59772682189941 -97.08750915527344
v -99.84941101074219 14.09414291381836 -62.85102462768555
v -96.03992462158203 4.53610038757324 -72.41621398925781
v -91.49806213378906 -4.59129047393799 -81.21720123291016
v -86.12672424316406 -13.18525791168213 -89.22515106201172
v -94.39794158935547 11.72936725616455 -55.80654907226562
v -90.69557952880859 2.8262095451355 -65.01763153076172
v -86.30838775634766 -5.63808345794678 -73.5545654296875
v -81.15388488769531 -13.57825756072998 -81.37718963623047
v -67.78301239013672 -35.90816497802734 -116.28874969482422
v -64.06513214111328 -34.73872375488281 -108.20219421386719
v -60.26172637939453 -33.40156555175781 -100.15763092041016
v -56.52034378051758 -31.75257301330566 -92.40411376953125
v -76.70536804199219 -29.00172424316406 -110.80795288085938
v -72.50733184814453 -28.36176109313965 -102.74649810791016
v -68.21302795410156 -27.54524421691895 -94.7188720703125
v -63.98943710327148 -26.39912033081055 -86.97232055664062
v -84.39846038818359 -21.1913013458252 -104.40147399902344
v -79.82883453369141 -21.14300346374512 -96.41119384765625
v -75.14958953857422 -20.90905952453613 -88.44534301757812
v -70.54441070556641 -20.32563018798828 -80.74814605712891
v -80.62950897216797 23.26383018493652 -15.15499305725098
v -82.52801513671875 30.93501663208008 -6.59193515777588
v -83.92903137207031 38.63749694824219 2.07169032096863
v -84.80536651611328 46.18487930297852 10.8105640411377
v -84.59198760986328 23.52517318725586 -19.29532241821289
v -86.51882171630859 31.60599708557129 -10.20164489746094
v -87.93064117431641 39.66490936279297 -0.92469251155853
v -88.79932403564453 47.50259399414062 8.49853420257568
v -89.31027984619141 24.98346710205078 -24.20140075683594
v -91.26838684082031 33.52264785766602 -14.52193737030029
v -92.68888854980469 41.98001861572266 -4.57169771194458
v -93.54208374023438 50.14235687255859 5.60094451904297
v -84.01409149169922 66.03248596191406 37.22547912597656
v -87.86559295654297 67.69523620605469 37.27592849731445
v -92.40071868896484 70.72691345214844 36.96955490112305
v -97.41116333007812 74.8350830078125 36.39649963378906
v -84.87509155273438 60.06876754760742 28.41277885437012
v -88.79489898681641 61.71706008911133 27.63583946228027
v -93.42770385742188 64.72902679443359 26.41994476318359
v -98.55544281005859 68.81391143798828 24.87738037109375
v -85.12978363037109 53.39076614379883 19.59936714172363
v -89.09678649902344 54.91974258422852 18.03104782104492
v -93.79825592041016 57.79642868041992 15.94761848449707
v -99.00865936279297 61.73483276367188 13.48179054260254
v -113.21141052246094 90.69439697265625 33.97858810424805
v -114.72779846191406 84.59856414794922 19.41267395019531
v -115.43778228759766 77.06034851074219 5.11703586578369
v -115.38370513916016 68.34996795654297 -8.8172779083252
v -108.02480316162109 85.11125183105469 34.81087493896484
v -109.42354583740234 79.0394287109375 21.26144981384277
v -110.05397796630859 71.65278625488281 7.93378925323486
v -109.95444488525391 63.20797348022461 -5.09132242202759
v -102.68862915039062 79.72734069824219 35.64688873291016
v -103.96007537841797 73.68096160888672 23.12045288085938
v -104.50241088867188 66.44895172119141 10.76627826690674
v -104.35050201416016 58.27364730834961 -1.34537446498871
v -111.06056976318359 37.88811111450195 -47.54187393188477
v -105.65951538085938 34.09103393554688 -41.5434684753418
v -100.07809448242188 30.51130104064941 -35.52254104614258
v -94.55033111572266 27.3938102722168 -29.6761646270752
v -113.15274047851562 48.49362182617188 -35.23777770996094
v -107.71886444091797 44.17045593261719 -29.91074180603027
v -102.10347747802734 40.06249237060547 -24.56004905700684
v -96.5416259765625 36.42735290527344 -19.3692626953125
v -114.60790252685547 58.73764801025391 -22.29923057556152
v -109.16329193115234 53.96164703369141 -17.73309707641602
v -103.53923797607422 49.39738082885742 -13.14423847198486
v -97.96975708007812 45.3138427734375 -8.70099353790283
v -80.36431121826172 75.07150268554688 54.74748611450195
v -77.53931427001953 78.08977508544922 63.31326675415039
v -74.03553771972656 80.27970123291016 71.59130096435547
v -69.84398651123047 81.77065277099609 79.46337890625
v -84.01224517822266 76.39694976806641 56.51399230957031
v -81.05027770996094 79.08047485351562 65.94051361083984
v -77.38497161865234 80.86484527587891 75.05938720703125
v -73.00650024414062 81.90936279296875 83.73616790771484
v -88.25858306884766 79.065673828125 58.10712432861328
v -85.10376739501953 81.38544464111328 68.49252319335938
v -81.21311950683594 82.72830963134766 78.55007171630859
v -76.57666015625 83.28639984130859 88.12560272216797
v -53.05239105224609 83.34326171875 99.4619140625
v -55.49359130859375 82.19674682617188 105.76927185058594
v -58.09253692626953 82.17314147949219 112.41807556152344
v -60.78589248657227 83.05681610107422 119.30632019042969
v -59.36143493652344 83.17306518554688 93.51689147949219
v -62.07065582275391 82.416015625 99.22557830810547
v -65.02635955810547 82.81668853759766 105.21379089355469
v -68.14307403564453 84.148193359375 111.3975830078125
v -64.95562744140625 82.69198608398438 86.81130218505859
v -67.90499877929688 82.37332153320312 91.83638763427734
v -71.18439483642578 83.25180816650391 97.06490325927734
v -74.68675231933594 85.08805084228516 102.43440246582031
v -68.79909515380859 88.99542236328125 140.38760375976562
v -77.60446929931641 91.45906066894531 130.28317260742188
v -85.46089172363281 93.94928741455078 118.76462554931641
v -92.37801361083984 96.13120269775391 106.08236694335938
v -66.20250701904297 86.68357086181641 133.39309692382812
v -74.51761627197266 88.69626617431641 124.01621246337891
v -81.93206024169922 90.67619323730469 113.34670257568359
v -88.45518493652344 92.32415008544922 101.61004638671875
v -63.51033401489258 84.63216400146484 126.33200073242188
v -71.33531188964844 86.18367767333984 117.69303894042969
v -78.30500793457031 87.64264678955078 107.88248443603516
v -84.42880249023438 88.74610900878906 97.10089874267578
v -107.58995056152344 97.47800445556641 63.55706024169922
v -102.76904296875 92.28385162353516 62.25185394287109
v -97.81890106201172 87.29389953613281 60.93549346923828
v -92.92144775390625 82.79291534423828 59.56744003295898
v -103.43291473388672 98.23046875 78.22820281982422
v -98.86438751220703 93.42720794677734 75.83715057373047
v -94.17634582519531 88.83469390869141 73.42685699462891
v -89.53430938720703 84.72881317138672 70.98330688476562
v -98.365478515625 97.66989135742188 92.48675537109375
v -94.09618377685547 93.34089660644531 89.03170776367188
v -89.71611022949219 89.23111724853516 85.54884338378906
v -85.37262725830078 85.60533142089844 82.05076599121094
v -38.25365829467773 83.26841735839844 108.59751129150391
v -29.91043853759766 83.15805053710938 111.63519287109375
v -21.1452751159668 83.00611114501953 113.60652160644531
v -12.11364650726318 82.81789398193359 114.47681427001953
v -40.07198715209961 81.60951995849609 115.78231048583984
v -31.37996673583984 81.40155792236328 119.08011627197266
v -22.25029373168945 81.25164031982422 121.18939208984375
v -12.84532356262207 81.16047668457031 122.07305908203125
v -41.85764694213867 81.02928161621094 123.3760986328125
v -32.7188606262207 80.71648406982422 126.93814849853516
v -23.12887573242188 80.57029724121094 129.17222595214844
v -13.25997734069824 80.58609008789062 130.04084777832031
v 15.02524948120117 82.08856964111328 110.13451385498047
v 15.3976354598999 81.24649810791016 116.99972534179688
v 16.29743194580078 81.559326171875 124.07891845703125
v 17.63901901245117 82.80952453613281 131.28561401367188
v 6.12709426879883 82.35383605957031 112.7755126953125
v 6.14101409912109 81.15719604492188 120.01528167724609
v 6.62546014785767 81.08522033691406 127.53169250488281
v 7.50592041015625 81.92881774902344 135.222900390625
v -2.971031665802 82.59870910644531 114.21138000488281
v -3.32742929458618 81.12876129150391 121.69403839111328
v -3.28444147109985 80.75927734375 129.50650024414062
v -2.90224981307983 81.28759002685547 137.53474426269531
v 23.45815849304199 90.0091552734375 152.80583190917969
v 11.77827739715576 87.86212921142578 158.326904296875
v -0.32240310311317 86.23274230957031 161.77397155761719
v -12.61237049102783 85.15079498291016 163.17355346679688
v 21.30501174926758 87.25196838378906 145.73554992675781
v 10.15683746337891 85.52635192871094 150.72233581542969
v -1.36103498935699 84.22698974609375 153.78251647949219
v -13.03380393981934 83.37711334228516 154.94656372070312
v 19.33675765991211 84.77958679199219 138.5333251953125
v 8.70787906646729 83.4788818359375 142.987060546875
v -2.24105286598206 82.51104736328125 145.66474914550781
v -13.31101703643799 81.892822265625 146.60031127929688
v -48.30302810668945 85.48753356933594 155.35267639160156
v -46.83331298828125 83.75685119628906 147.3671875
v -45.25682830810547 82.30332183837891 139.29295349121094
v -43.59209442138672 81.32734680175781 131.25445556640625
v -36.83418273925781 84.74840545654297 159.93638610839844
v -35.9847526550293 83.11881256103516 151.70840454101562
v -35.0179328918457 81.772216796875 143.38052368164062
v -33.93041229248047 80.90573120117188 135.08102416992188
v -24.86013412475586 84.64608001708984 162.55218505859375
v -24.64664840698242 82.99996948242188 154.24502563476562
v -24.30298614501953 81.64096832275391 145.82760620117188
v -23.80508422851562 80.76557159423828 137.427490234375
v 31.59976196289062 81.51806640625 101.09836578369141
v 39.0786018371582 81.10446166992188 94.83692932128906
v 45.96244812011719 80.4537353515625 87.63779449462891
v 52.20925521850586 79.45222473144531 79.66934967041016
v 32.6259651184082 81.61051177978516 106.80998229980469
v 40.39822769165039 81.7391357421875 99.78888702392578
v 47.55979537963867 81.636474609375 91.73719024658203
v 54.0735969543457 81.15573883056641 82.84505462646484
v 34.23853302001953 82.93356323242188 112.58953094482422
v 42.30745697021484 83.6470947265625 104.72957611083984
v 49.73806381225586 84.13557434082031 95.74501037597656
v 56.50243759155273 84.21702575683594 85.85000610351562
v 66.70709228515625 73.20632934570312 52.83230972290039
v 69.357666015625 75.97728729248047 53.02755737304688
v 72.51892852783203 80.19927215576172 52.84400939941406
v 76.10890960693359 85.56615447998047 52.3704719543457
v 62.62361907958984 75.94218444824219 62.09820938110352
v 65.00960540771484 78.47292327880859 63.30007934570312
v 67.92079162597656 82.43086242675781 64.18533325195312
v 71.27397155761719 87.51667022705078 64.82225036621094
v 57.77699279785156 77.98625946044922 71.10002899169922
v 59.90255737304688 80.150146484375 73.30262756347656
v 62.57265472412109 83.70944976806641 75.25872039794922
v 65.70104217529297 88.37432098388672 77.01419067382812
v 88.63153076171875 105.47473907470703 50.0980224609375
v 83.1534423828125 106.54818725585938 65.92555999755859
v 76.97357177734375 106.10403442382812 81.53559875488281
v 70.06158447265625 104.47156524658203 96.60987091064453
v 84.24717712402344 98.51002502441406 50.90866088867188
v 78.97350311279297 99.87465667724609 65.62409973144531
v 72.98773956298828 99.8614501953125 80.10675048828125
v 66.27534484863281 98.76334381103516 94.06414794921875
v 80.04564666748047 91.77178955078125 51.69575119018555
v 74.98594665527344 93.43105316162109 65.27908325195312
v 69.20148468017578 93.85493469238281 78.61491394042969
v 62.69337463378906 93.29924011230469 91.43718719482422
v 44.62955093383789 95.73701477050781 135.435546875
v 41.63298034667969 91.88895416259766 129.86003112792969
v 38.83818435668945 88.31253051757812 124.16212463378906
v 36.34132385253906 85.24748229980469 118.38943481445312
v 53.9199104309082 98.95877838134766 123.87811279296875
v 50.61250305175781 94.48416137695312 119.23325347900391
v 47.51061630249023 90.27224731445312 114.47684478759766
v 44.71026611328125 86.57568359375 109.63393402099609
v 62.38714218139648 101.98005676269531 110.83013153076172
v 58.82178115844727 96.87326812744141 107.20381927490234
v 55.46271514892578 92.01974487304688 103.47985076904297
v 52.40358734130859 87.68525695800781 99.65973663330078
v 72.41642761230469 65.20463562011719 34.18188095092773
v 74.03658294677734 59.9498176574707 24.97287178039551
v 74.88216400146484 54.0252685546875 15.85080814361572
v 74.98950958251953 47.5556755065918 6.82281446456909
v 75.62854766845703 67.94362640380859 32.43326950073242
v 77.53929901123047 62.41327285766602 22.3225212097168
v 78.66693878173828 56.07985687255859 12.36388206481934
v 79.03646087646484 49.09780883789062 2.57821393013
v 79.353515625 72.14912414550781 30.2142276763916
v 81.57296752929688 66.33388519287109 19.17211532592773
v 83.00841522216797 59.57225799560547 8.35477066040039
v 83.67079925537109 52.049560546875 -2.20562028884888
v 71.24542999267578 26.1235408782959 -19.62572288513184
v 75.84646606445312 25.804443359375 -25.53221893310547
v 81.12873077392578 26.76800727844238 -32.02328109741211
v 86.94126129150391 28.7629280090332 -38.93098831176758
v 73.13481140136719 33.48012542724609 -10.92256546020508
v 77.60121917724609 33.8056526184082 -16.39070892333984
v 82.72003173828125 35.46213150024414 -22.42682838439941
v 88.34967041015625 38.18519592285156 -28.86821746826172
v 74.39495086669922 40.66573333740234 -2.10401678085327
v 78.67288970947266 41.62158966064453 -7.01360893249512
v 83.57102966308594 43.95108413696289 -12.47688293457031
v 88.95876312255859 47.37738418579102 -18.33670616149902
v 106.05045318603516 38.42278289794922 -60.47475051879883
v 106.88771057128906 50.11008453369141 -48.99697113037109
v 106.7535400390625 61.46868133544922 -36.72420120239258
v 105.70301055908203 72.190673828125 -23.7191104888916
v 99.5531005859375 34.84162521362305 -53.32464218139648
v 100.57508087158203 45.7735481262207 -42.31598281860352
v 100.68061828613281 56.41301727294922 -30.61748886108398
v 99.90861511230469 66.48149108886719 -18.28543281555176
v 93.13304138183594 31.53789901733398 -46.0874137878418
v 94.34854888916016 41.7104606628418 -35.55216979980469
v 94.70549774169922 51.62363815307617 -24.43594741821289
v 94.22582244873047 61.02951049804688 -12.7881498336792
v 97.60366821289062 97.45792388916016 19.06347846984863
v 92.71640777587891 90.47554016113281 21.94937896728516
v 87.98635101318359 83.7239990234375 24.85079574584961
v 83.50241851806641 77.51222229003906 27.646240234375
v 101.07302093505859 90.49320983886719 4.23739671707153
v 95.88760375976562 83.79129791259766 8.05428409576416
v 90.84431457519531 77.32762145996094 11.90461730957031
v 86.04037475585938 71.40690612792969 15.65502262115479
v 103.79114532470703 81.96815490722656 -10.04436016082764
v 98.2979736328125 75.70043182373047 -5.37608051300049
v 92.93145751953125 69.68014526367188 -0.6581659913063
v 87.79909515380859 64.20488739013672 3.96643877029419
v 81.1741943359375 5.32816696166992 -24.47784614562988
v 80.96989440917969 10.725266456604 -14.88127517700195
v 80.26139831542969 16.42844772338867 -4.12718105316162
v 79.64585876464844 22.25103950500488 7.23009824752808
v 89.38401794433594 6.58903741836548 -27.82213401794434
v 90.31436920166016 12.86578369140625 -17.42824745178223
v 90.37813568115234 19.09865951538086 -6.18458938598633
v 90.03614044189453 25.1984806060791 5.5541090965271
v 97.09153747558594 8.03236961364746 -31.47816467285156
v 98.67402648925781 15.07206344604492 -20.32574081420898
v 99.23228454589844 21.8870906829834 -8.4400749206543
v 99.08034515380859 28.4014892578125 3.9175865650177
v 79.85610961914062 37.94907760620117 39.7965087890625
v 87.85804748535156 41.19177627563477 40.54683303833008
v 95.40135955810547 44.94211959838867 41.44718170166016
v 102.37454223632812 49.19775772094727 42.16591262817383
v 79.96414947509766 33.3529052734375 29.64156532287598
v 89.14669799804688 36.48821640014648 29.18609809875488
v 97.37646484375 40.11476135253906 29.06315803527832
v 104.71487426757812 44.23540878295898 28.89493560791016
v 79.72042083740234 28.00637435913086 18.63621711730957
v 89.74919128417969 31.07605743408203 17.43310165405273
v 98.53226470947266 34.5392951965332 16.48597526550293
v 106.20695495605469 38.43600463867188 15.49668121337891
v 119.24517059326172 65.37020874023438 40.86172103881836
v 122.00205230712891 59.91716766357422 25.36993026733398
v 123.86438751220703 53.26408767700195 9.92622947692871
v 124.78398895263672 45.58061599731445 -5.28875732421875
v 114.28622436523438 59.31483459472656 41.96836090087891
v 116.96482086181641 54.0521354675293 27.16879844665527
v 118.75806427001953 47.72396087646484 12.35693168640137
v 119.62765502929688 40.48366928100586 -2.28102135658264
v 108.66609191894531 53.95634078979492 42.37136459350586
v 111.22337341308594 48.85303497314453 28.30363845825195
v 112.91056823730469 42.80607986450195 14.16704273223877
v 113.72592926025391 35.9637336730957 0.15324872732162
v 121.40436553955078 18.04457473754883 -47.755126953125
v 116.206298828125 14.80163764953613 -43.27753067016602
v 110.50331878662109 12.05916690826416 -39.1870231628418
v 104.17266082763672 9.80635070800781 -35.31132888793945
v 123.60218811035156 27.80120277404785 -34.31006622314453
v 118.41636657714844 23.87465476989746 -30.28743171691895
v 112.62916564941406 20.4639720916748 -26.72732734680176
v 106.09644317626953 17.53961753845215 -23.46251678466797
v 124.71265411376953 37.03643798828125 -20.09439659118652
v 119.5352783203125 32.484619140625 -16.55886650085449
v 113.66774749755859 28.4742603302002 -13.54605293273926
v 106.95258331298828 24.95765495300293 -10.89383029937744
v 130.77684020996094 26.07515907287598 -58.56070327758789
v 132.74627685546875 37.320068359375 -44.41188430786133
v 133.62684631347656 47.9553108215332 -29.38206481933594
v 133.46652221679688 57.75888442993164 -13.64077568054199
v 134.96485900878906 30.67245101928711 -64.76136016845703
v 136.75209045410156 42.70979690551758 -50.35810470581055
v 137.43896484375 54.10672760009766 -35.00053024291992
v 137.07778930664062 64.61016082763672 -18.8526782989502
v 138.67518615722656 35.3895263671875 -71.09447479248047
v 140.25151062011719 48.21023178100586 -56.50092315673828
v 140.71153259277344 60.36834335327148 -40.87435913085938
v 140.11383056640625 71.57837677001953 -24.37325668334961
v 127.22039794921875 79.95944976806641 36.15676116943359
v 130.228759765625 88.22859954833984 32.69241714477539
v 132.56008911132812 96.66519165039062 28.79237365722656
v 134.19622802734375 104.90757751464844 24.6857967376709
v 130.21528625488281 73.98296356201172 19.29816055297852
v 133.42041015625 81.9241943359375 15.15782833099365
v 135.97955322265625 90.01227569580078 10.6185827255249
v 137.85894775390625 97.90325164794922 5.9334774017334
v 132.31333923339844 66.50877380371094 2.64247488975525
v 135.72085571289062 73.96701049804688 -2.07854247093201
v 138.51699829101562 81.55484008789062 -7.15612030029297
v 140.65167236328125 88.95153045654297 -12.31810092926025
v 134.75201416015625 124.8526611328125 13.41850280761719
v 139.08123779296875 116.9532470703125 -6.46647644042969
v 142.58645629882812 106.78707885742188 -25.58886337280273
v 145.17710876464844 94.75303649902344 -43.81400680541992
v 135.31033325195312 119.36299133300781 16.76970291137695
v 139.44354248046875 111.71773529052734 -2.86209464073181
v 142.73646545410156 101.88839721679688 -21.80662536621094
v 145.10627746582031 90.2508544921875 -39.92291641235352
v 135.11903381347656 112.59406280517578 20.60185241699219
v 139.02485656738281 105.25306701660156 1.35557723045349
v 142.07485961914062 95.83629608154297 -17.29231834411621
v 144.19451904296875 84.69209289550781 -35.19481658935547
v 146.55633544921875 51.43226623535156 -91.75944519042969
v 145.84840393066406 48.24774551391602 -87.89251708984375
v 144.22611999511719 44.37833786010742 -82.95964813232422
v 141.79866027832031 40.02520751953125 -77.26043701171875
v 147.25259399414062 66.67678070068359 -77.03395080566406
v 146.74510192871094 63.05464935302734 -73.10684204101562
v 145.34466552734375 58.61477279663086 -68.17549133300781
v 143.14791870117188 53.58926391601562 -62.54012298583984
v 146.76268005371094 81.24998474121094 -61.00725173950195
v 146.47012329101562 77.18097686767578 -57.06998443603516
v 145.30928039550781 72.16881561279297 -52.20487976074219
v 143.36236572265625 66.47681427001953 -46.70774459838867
v 73.99787902832031 43.4903564453125 57.2769775390625
v 68.03859710693359 44.71347808837891 65.15813446044922
v 61.30938720703125 45.74228668212891 73.3001708984375
v 54.50359725952148 46.82602691650391 81.66455841064453
v 81.11410522460938 47.49192810058594 61.40641403198242
v 75.61998748779297 49.19184112548828 70.94036865234375
v 69.36204528808594 50.38979721069336 80.15227508544922
v 62.7674560546875 51.33971786499023 89.08257293701172
v 88.14698791503906 51.60953521728516 64.82798767089844
v 82.88711547851562 53.49058532714844 75.63316345214844
v 76.84674072265625 54.70549392700195 85.86195373535156
v 70.2568359375 55.48100280761719 95.52468109130859
v 36.89087677001953 50.83413314819336 105.15541839599609
v 42.49520492553711 53.75844573974609 112.55107116699219
v 47.76385116577148 56.51872253417969 119.88701629638672
v 52.67303848266602 59.18096542358398 126.92431640625
v 42.5183219909668 49.63898086547852 98.26847076416016
v 49.59186553955078 53.14061737060547 105.75082397460938
v 55.91838073730469 56.39081954956055 112.86009216308594
v 61.60147857666016 59.50954055786133 119.4591064453125
v 48.3145637512207 48.21393203735352 90.21274566650391
v 56.26333618164062 52.29551696777344 97.77170562744141
v 63.34838104248047 56.04384613037109 104.63169097900391
v 69.66522979736328 59.63215255737305 110.758544921875
v 64.77812194824219 67.88534545898438 144.89715576171875
v 75.20338439941406 69.72108459472656 135.50631713867188
v 84.47762298583984 71.40502166748047 124.72338104248047
v 92.65965270996094 72.70589447021484 112.72816467285156
v 61.26094055175781 64.6368408203125 139.40780639648438
v 71.29615020751953 65.94355773925781 130.74859619140625
v 80.25542449951172 67.08055877685547 120.75740814208984
v 88.19773864746094 67.85508728027344 109.60320281982422
v 57.19898986816406 61.81119155883789 133.42405700683594
v 66.74479675292969 62.61674880981445 125.41073608398438
v 75.30944061279297 63.23366165161133 116.11812591552734
v 82.96985626220703 63.51733016967773 105.72846984863281
v 111.24062347412109 71.99753570556641 71.26708221435547
v 106.42623901367188 66.03046417236328 70.78575897216797
v 100.94814300537109 60.73893737792969 69.53345489501953
v 94.84288787841797 55.97970962524414 67.53819274902344
v 105.98233795166016 73.23341369628906 85.8201904296875
v 101.24583435058594 67.53427124023438 84.46503448486328
v 95.79904937744141 62.46054458618164 82.32049560546875
v 89.67009735107422 57.83754348754883 79.37903594970703
v 99.80828094482422 73.39244079589844 99.70048522949219
v 95.18211364746094 68.07440185546875 97.45497131347656
v 89.80300903320312 63.32314682006836 94.42404174804688
v 83.6861572265625 58.93479919433594 90.57170104980469
v -24.49301719665527 133.27165222167969 -58.09680557250977
v -25.97916984558105 130.89041137695312 -65.30965423583984
v -27.43909645080566 128.15219116210938 -71.90297698974609
v -29.00787353515625 125.04918670654297 -77.71788787841797
v -24.01752853393555 128.6156005859375 -66.79147338867188
v -25.59792900085449 127.13562774658203 -71.93000030517578
v -27.08632659912109 125.05352020263672 -77.07215881347656
v -28.61517143249512 122.36813354492188 -81.99310302734375
v -23.88058853149414 123.93184661865234 -75.23696899414062
v -25.51331520080566 123.14884185791016 -78.75291442871094
v -26.95697021484375 121.82266998291016 -82.23207855224609
v -28.34588813781738 119.77151489257812 -85.85025024414062
v -35.56390380859375 113.5672607421875 -88.19868469238281
v -34.73423767089844 110.94746398925781 -92.17462158203125
v -33.75442504882812 108.69297027587891 -95.61685943603516
v -32.56044769287109 106.86322784423828 -98.29071044921875
v -32.97373580932617 117.74105834960938 -86.20076751708984
v -32.31532669067383 115.24965667724609 -90.02062225341797
v -31.55356597900391 113.07774353027344 -93.28684234619141
v -30.58341026306152 111.38493347167969 -95.63581848144531
v -30.8205738067627 121.57358551025391 -82.59548950195312
v -30.3169059753418 119.078369140625 -86.46803283691406
v -29.81440353393555 116.81356811523438 -89.78324127197266
v -29.10932540893555 115.17823028564453 -91.93716430664062
v -27.20061302185059 103.68946838378906 -101.18062591552734
v -25.75403785705566 109.06005096435547 -96.45742034912109
v -24.7282772064209 114.20384216308594 -90.35296630859375
v -24.10867881774902 119.15103149414062 -83.17642211914062
v -29.31073570251465 104.50889587402344 -100.85084533691406
v -27.6932373046875 109.64582824707031 -96.856201171875
v -26.52324867248535 114.43329620361328 -91.58562469482422
v -25.79765129089355 118.91856384277344 -85.42318725585938
v -31.08828163146973 105.51769256591797 -99.96146392822266
v -29.29982948303223 110.33086395263672 -96.70395660400391
v -27.9979362487793 114.57144927978516 -92.32582092285156
v -27.20838737487793 118.36140441894531 -87.33315277099609
v -30.86764526367188 165.83596801757812 30.16922187805176
v -32.55978775024414 164.99583435058594 23.73676490783691
v -34.06565475463867 163.46617126464844 16.07187843322754
v -35.35463714599609 161.26638793945312 7.3605260848999
v -29.46005821228027 164.63958740234375 23.54206848144531
v -31.01219749450684 164.14637756347656 17.904541015625
v -32.35683822631836 162.97525024414062 11.18867015838623
v -33.44549560546875 161.11997985839844 3.4137818813324
v -28.25336265563965 162.68464660644531 15.90957927703857
v -29.72645568847656 162.56683349609375 11.30551338195801
v -30.98729133605957 161.8184814453125 6.03896903991699
v -31.92719268798828 160.39028930664062 -0.25574019551277
v -37.84538650512695 151.27348327636719 -22.38549041748047
v -35.19960403442383 151.92819213867188 -24.55927085876465
v -32.92269897460938 152.11004638671875 -25.87397766113281
v -30.93617630004883 151.86062622070312 -26.3899097442627
v -37.21730422973633 155.04229736328125 -12.25587749481201
v -34.78813171386719 155.46737670898438 -14.85769844055176
v -32.70653533935547 155.44146728515625 -16.61955833435059
v -30.88404083251953 155.11862182617188 -17.29816436767578
v -36.39612197875977 158.41584777832031 -2.21129727363586
v -34.22967529296875 158.57432556152344 -5.40085124969482
v -32.4374885559082 158.23307800292969 -7.94436883926392
v -30.89267730712891 157.78166198730469 -9.01460647583008
v -25.75554084777832 148.47811889648438 -25.4051513671875
v -26.01668739318848 152.80961608886719 -13.71716403961182
v -26.52108573913574 156.69221496582031 -2.78292989730835
v -27.26716804504395 160.0194091796875 7.16887760162354
v -27.4757137298584 150.11869812011719 -25.6809024810791
v -27.64496231079102 153.92361450195312 -15.26137256622314
v -28.04948806762695 157.36404418945312 -5.34368896484375
v -28.72981643676758 160.29383850097656 3.65198707580566
v -29.16155242919922 151.22152709960938 -26.16734886169434
v -29.23213577270508 154.65298461914062 -16.65023231506348
v -29.46834945678711 157.60958862304688 -7.78431558609009
v -30.00760078430176 160.02139282226562 -0.05832713842392
v -38.63101196289062 143.06114196777344 -41.34897232055664
v -38.80020141601562 138.83302307128906 -49.73861694335938
v -38.79957580566406 134.64051818847656 -57.32489776611328
v -38.61357879638672 130.57131958007812 -64.05132293701172
v -35.73382186889648 144.21672058105469 -42.92548370361328
v -35.87836074829102 140.30583190917969 -51.0103874206543
v -35.91953659057617 136.48550415039062 -58.1805305480957
v -35.78232955932617 132.85150146484375 -64.39026641845703
v -33.29846954345703 144.79533386230469 -43.7667350769043
v -33.49162292480469 141.17716979980469 -51.51172256469727
v -33.69897079467773 137.74948120117188 -58.04922866821289
v -33.69342041015625 134.63650512695312 -63.43960952758789
v -37.02889251708984 119.66502380371094 -79.58460235595703
v -34.22743225097656 123.3404541015625 -78.19934844970703
v -31.95356941223145 126.84597778320312 -74.97386932373047
v -30.12995719909668 130.24530029296875 -70.11533355712891
v -37.68352890014648 123.07470703125 -74.96816253662109
v -34.84198379516602 126.3543701171875 -74.09563446044922
v -32.59151458740234 129.45608520507812 -71.43099975585938
v -30.85496139526367 132.53671264648438 -67.09755706787109
v -38.22665786743164 126.71308135986328 -69.86139678955078
v -35.39170837402344 129.49958801269531 -69.59395599365234
v -33.24786376953125 131.96247863769531 -67.74321746826172
v -31.69463348388672 134.46522521972656 -64.28086090087891
v -26.51550483703613 140.43003845214844 -47.15177154541016
v -27.94889831542969 142.58457946777344 -45.45922470092773
v -29.49363136291504 144.01585388183594 -44.63317108154297
v -31.24504280090332 144.74551391601562 -44.22014617919922
v -27.50618171691895 136.97702026367188 -56.16243743896484
v -28.61286544799805 139.103271484375 -53.95302963256836
v -29.93802833557129 140.5863037109375 -52.5810661315918
v -31.54363059997559 141.31475830078125 -51.83711624145508
v -28.67924499511719 133.60221862792969 -63.83090591430664
v -29.55515098571777 135.75320434570312 -61.21868896484375
v -30.63152885437012 137.37130737304688 -59.17855453491211
v -31.98669624328613 138.14167785644531 -58.01917266845703
v 38.00934219360352 136.90223693847656 -30.11400413513184
v 39.48225021362305 133.25927734375 -37.44958114624023
v 40.78429412841797 129.63246154785156 -44.33695220947266
v 41.85788345336914 126.0560302734375 -50.79992294311523
v 41.47872161865234 133.79393005371094 -24.08349418640137
v 42.83955001831055 130.09451293945312 -31.1402702331543
v 44.0131950378418 126.40412902832031 -37.80548477172852
v 44.95284652709961 122.74507141113281 -44.12892913818359
v 45.03927230834961 130.17138671875 -17.38729286193848
v 46.26432037353516 126.45006561279297 -24.05352401733398
v 47.28224182128906 122.73157501220703 -30.39137840270996
v 48.05545043945312 119.02621459960938 -36.47588729858398
v 43.36073684692383 115.82470703125 -68.17041015625
v 46.0427360534668 112.087646484375 -61.72810745239258
v 48.61263275146484 108.03976440429688 -54.06325531005859
v 51.01898956298828 103.61235046386719 -45.65898132324219
v 43.14653778076172 119.15463256835938 -62.62037658691406
v 45.97870254516602 115.58747100830078 -55.99513626098633
v 48.73781967163086 111.68310546875 -48.21090698242188
v 51.36193084716797 107.38129425048828 -39.73226928710938
v 42.64544296264648 122.56425476074219 -56.86231231689453
v 45.61171340942383 119.13973236083984 -50.16044616699219
v 48.5463752746582 115.34432220458984 -42.3820915222168
v 51.37624740600586 111.12924194335938 -33.96291351318359
v 56.74238967895508 87.36565399169922 -20.84082984924316
v 57.80445098876953 91.48861694335938 -14.7755298614502
v 58.50535202026367 95.47819519042969 -9.21714878082275
v 58.85263442993164 99.35839080810547 -4.02143573760986
v 55.13531494140625 93.34401702880859 -28.56464385986328
v 55.95722198486328 97.34432220458984 -22.55001258850098
v 56.42892074584961 101.24495697021484 -16.94477462768555
v 56.56429290771484 105.06552886962891 -11.61357307434082
v 53.21036148071289 98.73666381835938 -36.99839782714844
v 53.78905487060547 102.62179565429688 -31.02378463745117
v 54.02815628051758 106.44571685791016 -25.33858871459961
v 53.94566345214844 110.22210693359375 -19.81929969787598
v 57.8482551574707 110.58251953125 10.83209037780762
v 55.09547805786133 116.24016571044922 4.08425664901733
v 51.96489715576172 121.39231872558594 -3.04231691360474
v 48.57374572753906 126.03678131103516 -10.28653621673584
v 58.51653671264648 106.88656616210938 5.85893821716309
v 55.88266754150391 112.544189453125 -1.23311412334442
v 52.8919563293457 117.68435668945312 -8.78950595855713
v 49.65047836303711 122.31650543212891 -16.49979591369629
v 58.85384750366211 103.15318298339844 0.95585292577744
v 56.37724304199219 108.82562255859375 -6.42103958129883
v 53.55956649780273 113.96463012695312 -14.34238719940186
v 50.49613571166992 118.59251403808594 -22.45142364501953
v 0.95629501342773 93.77656555175781 -100.20158386230469
v 0.70491695404053 99.82884979248047 -93.64952087402344
v -0.02213159576058 105.47554779052734 -85.86338806152344
v -1.06298494338989 110.80158996582031 -77.0394287109375
v -3.45605564117432 95.31897735595703 -100.04269409179688
v -3.2430305480957 100.92608642578125 -93.56636047363281
v -3.61780643463135 106.37568664550781 -85.75177001953125
v -4.38232517242432 111.65220642089844 -76.8343505859375
v -7.58788299560547 96.93926239013672 -100.12640380859375
v -7.12024641036987 102.32382965087891 -93.64829254150391
v -7.21494483947754 107.64736938476562 -85.79947662353516
v -7.70565986633301 112.87493896484375 -76.81441497802734
v -4.83114957809448 125.52102661132812 -46.14328765869141
v -7.55835723876953 126.45953369140625 -45.53946304321289
v -10.28551387786865 127.81976318359375 -45.14552688598633
v -12.98138046264648 129.4541015625 -45.06389999389648
v -3.53400444984436 120.78533935546875 -57.02304077148438
v -6.41951465606689 121.66661071777344 -56.56271743774414
v -9.30856800079346 122.94918823242188 -56.31318283081055
v -12.16023731231689 124.48731994628906 -56.35372543334961
v -2.255779504776 115.89186096191406 -67.37387084960938
v -5.33853244781494 116.74000549316406 -67.04949951171875
v -8.42607498168945 117.97156524658203 -66.92756652832031
v -11.46513843536377 119.43515014648438 -67.06362915039062
v -20.60527229309082 134.25668334960938 -48.2558479309082
v -20.02947044372559 128.81622314453125 -59.50643539428711
v -19.72110939025879 123.50359344482422 -69.91117095947266
v -19.71772956848145 118.2332763671875 -79.40229034423828
v -18.16339302062988 132.88737487792969 -46.38196182250977
v -17.57467460632324 127.65682220458984 -57.74656295776367
v -17.17533874511719 122.40269470214844 -68.41596221923828
v -17.03010177612305 117.12215423583984 -78.238525390625
v -15.61471939086914 131.21490478515625 -45.39701461791992
v -14.93360137939453 126.13519287109375 -56.76359176635742
v -14.40245342254639 120.97937774658203 -67.51327514648438
v -14.09293174743652 115.76456451416016 -77.46518707275391
v -21.87387657165527 102.02886962890625 -101.04829406738281
v -18.68061637878418 101.01518249511719 -100.84474182128906
v -15.20149707794189 99.84575653076172 -100.59870147705078
v -11.48706912994385 98.4954833984375 -100.34697723388672
v -20.76632308959961 107.52954864501953 -95.20560455322266
v -17.73940658569336 106.45084381103516 -94.67051696777344
v -14.42309856414795 105.20349884033203 -94.22040557861328
v -10.86688423156738 103.81774139404297 -93.87356567382812
v -20.05686950683594 112.91980743408203 -87.91201782226562
v -17.20367813110352 111.81236267089844 -87.06258392333984
v -14.07669544219971 110.50786590576172 -86.43840789794922
v -10.7293176651001 109.09121704101562 -86.02288818359375
v 27.21272659301758 103.43548583984375 -101.91295623779297
v 25.26261329650879 108.71180725097656 -97.03113555908203
v 23.22918701171875 113.91973114013672 -90.80780029296875
v 21.1937370300293 119.07378387451172 -83.42242431640625
v 24.904541015625 102.15780639648438 -101.88859558105469
v 22.94223022460938 107.40702056884766 -96.55790710449219
v 20.89230346679688 112.61533355712891 -89.91014862060547
v 18.82566261291504 117.78657531738281 -82.11390686035156
v 22.41478729248047 100.76288604736328 -101.68579864501953
v 20.45743560791016 105.96443176269531 -96.02135467529297
v 18.4228343963623 111.14104461669922 -89.06631469726562
v 16.36726760864258 116.28035736083984 -80.98970794677734
v 15.69977188110352 134.49014282226562 -55.5139274597168
v 13.11376571655273 132.9937744140625 -53.28778839111328
v 10.60482501983643 131.24032592773438 -51.60550689697266
v 8.12282466888428 129.43478393554688 -50.30956649780273
v 17.39481735229492 129.31138610839844 -65.73970794677734
v 14.89565944671631 128.0025634765625 -63.69218444824219
v 12.41016864776611 126.3699951171875 -62.11912536621094
v 9.90669345855713 124.6416015625 -60.885498046875
v 19.2375431060791 124.18845367431641 -75.05445861816406
v 16.81320381164551 122.92457580566406 -73.33773803710938
v 14.34701442718506 121.37000274658203 -71.96058654785156
v 11.81668949127197 119.71971893310547 -70.83787536621094
v 0.4984724521637 125.49968719482422 -47.57090377807617
v 2.06269288063049 120.80992889404297 -58.25904846191406
v 3.68228387832642 115.95135498046875 -68.4075927734375
v 5.29232740402222 110.88887786865234 -77.86983489990234
v 3.07945775985718 126.42345428466797 -48.34820938110352
v 4.7418942451477 121.72135925292969 -58.99349212646484
v 6.49055099487305 116.86367034912109 -69.08088684082031
v 8.26248264312744 111.83075714111328 -78.46378326416016
v 5.61763858795166 127.78215026855469 -49.24244689941406
v 7.35358142852783 123.04531860351562 -59.85630035400391
v 9.19994449615479 118.168701171875 -69.88447570800781
v 11.09700489044189 113.15269470214844 -79.18013763427734
v 9.56106281280518 93.96920013427734 -100.52814483642578
v 13.37780666351318 95.69681549072266 -100.66534423828125
v 16.72373390197754 97.48734283447266 -100.98415374755859
v 19.70175361633301 99.21721649169922 -101.36437225341797
v 8.26037120819092 99.97237396240234 -94.11271667480469
v 11.69671630859375 101.21399688720703 -94.46619415283203
v 14.86147403717041 102.75788116455078 -94.93166351318359
v 17.77494621276855 104.40702056884766 -95.46481323242188
v 6.82790851593018 105.58739471435547 -86.49906921386719
v 9.99473857879639 106.60308074951172 -86.99560546875
v 12.98503971099854 107.99771118164062 -87.59642028808594
v 15.79550743103027 109.57558441162109 -88.29036712646484
v 12.47461318969727 144.13142395019531 -32.46826171875
v 11.12818336486816 148.31318664550781 -20.41110992431641
v 10.29679679870605 151.98931884765625 -8.9684419631958
v 10.01523685455322 155.12156677246094 1.71877610683441
v 10.01612854003906 142.34013366699219 -30.64351463317871
v 8.83661079406738 146.53181457519531 -18.92641258239746
v 8.06518936157227 150.30976867675781 -7.49601984024048
v 7.76868391036987 153.60981750488281 3.38192963600159
v 7.58101940155029 140.43196105957031 -29.12251281738281
v 6.47775554656982 144.6400146484375 -17.57277870178223
v 5.73638868331909 148.49185180664062 -6.19016456604004
v 5.42402267456055 151.9141845703125 4.74587392807007
v 12.73114585876465 160.79795837402344 28.10142135620117
v 10.23749256134033 160.00798034667969 30.60371017456055
v 7.65338850021362 158.89430236816406 32.49981307983398
v 4.99355745315552 157.59965515136719 34.00168228149414
v 11.21918106079102 159.58277893066406 20.32883834838867
v 8.82785034179688 158.52127075195312 22.55752372741699
v 6.33506202697754 157.18296813964844 24.26535415649414
v 3.74991512298584 155.72102355957031 25.62916564941406
v 10.318284034729 157.67167663574219 11.50957012176514
v 8.01390933990479 156.36775207519531 13.44169521331787
v 5.60775852203369 154.833740234375 14.95587921142578
v 3.11190366744995 153.22598266601562 16.17959403991699
v -3.83252334594727 154.39743041992188 38.22645568847656
v -4.58236217498779 152.34822082519531 29.09860229492188
v -4.78828001022339 149.66571044921875 19.14946746826172
v -4.56975841522217 146.44815063476562 8.56689929962158
v -0.62926256656647 155.12350463867188 36.66177749633789
v -1.68949162960052 153.09463500976562 27.9505443572998
v -2.09941220283508 150.4501953125 18.20718765258789
v -2.00622963905334 147.27754211425781 7.70458793640137
v 2.27271890640259 156.26683044433594 35.32126617431641
v 1.08149397373199 154.28857421875 26.82580757141113
v 0.5384156703949 151.70088195800781 17.24029541015625
v 0.52109581232071 148.58305358886719 6.83438491821289
v -2.20418787002563 134.51310729980469 -25.16259574890137
v 0.26503998041153 135.43896484375 -25.97022819519043
v 2.71590924263 136.83468627929688 -26.84501647949219
v 5.15303230285645 138.54934692382812 -27.86857414245605
v -3.24777126312256 138.78732299804688 -13.76208019256592
v -0.78804641962051 139.69084167480469 -14.57189178466797
v 1.65322113037109 141.07240295410156 -15.41895961761475
v 4.07537603378296 142.77461242675781 -16.39027214050293
v -4.0462760925293 142.79385375976562 -2.46126651763916
v -1.55712008476257 143.6640625 -3.2843611240387
v 0.90715593099594 145.01437377929688 -4.12226963043213
v 3.34038329124451 146.67890930175781 -5.06189393997192
v -7.21615600585938 134.67497253417969 -23.42234802246094
v -8.21995544433594 139.04409790039062 -11.90638065338135
v -9.07455825805664 143.15715026855469 -0.5119161605835
v -9.76240158081055 146.92601013183594 10.59215927124023
v -9.74196815490723 135.7545166015625 -22.5455207824707
v -10.70957469940186 140.19544982910156 -10.92032718658447
v -11.58072376251221 144.38053894042969 0.55029267072678
v -12.34516334533691 148.22114562988281 11.68632698059082
v -12.25227642059326 137.28758239746094 -21.84739685058594
v -13.17196655273438 141.8070068359375 -10.09123229980469
v -14.04586219787598 146.06378173828125 1.46959435939789
v -14.87145328521729 149.96818542480469 12.63502311706543
v -10.83207607269287 155.28047180175781 40.49696731567383
v -14.28381252288818 156.84417724609375 41.07793426513672
v -17.34771919250488 158.73429870605469 41.63333129882812
v -20.09944725036621 160.72695922851562 41.91833114624023
v -10.61316108703613 153.07722473144531 31.25955200195312
v -13.60994434356689 154.52799987792969 32.18233871459961
v -16.44630432128906 156.37701416015625 32.94821548461914
v -19.09687232971191 158.40292358398438 33.39265441894531
v -10.26593399047852 150.26255798339844 21.23696327209473
v -12.99264621734619 151.62864685058594 22.30773544311523
v -15.64624214172363 153.43043518066406 23.20500564575195
v -18.17794036865234 155.4609375 23.78513526916504
v -27.0469913482666 165.37017822265625 38.59288787841797
v -25.83713340759277 163.5687255859375 30.8535213470459
v -24.74439430236816 161.03158569335938 21.98793029785156
v -23.78361511230469 157.82646179199219 12.0355749130249
v -24.92122077941895 164.19664001464844 40.67041015625
v -23.77838897705078 162.16007995605469 32.58446502685547
v -22.72816467285156 159.42416381835938 23.36981391906738
v -21.77654838562012 156.0626220703125 13.12406539916992
v -22.61465454101562 162.59831237792969 41.6881217956543
v -21.5362663269043 160.38436889648438 33.35112762451172
v -20.53895950317383 157.5130615234375 23.90447998046875
v -19.61232566833496 154.06126403808594 13.49653434753418
v -21.77190971374512 144.83827209472656 -23.53488349914551
v -19.49083518981934 143.03292846679688 -22.18544387817383
v -17.14021873474121 141.07765197753906 -21.53682899475098
v -14.72554111480713 139.11500549316406 -21.46537017822266
v -22.29989433288574 149.67257690429688 -10.86846256256104
v -20.17253112792969 147.77537536621094 -9.9107084274292
v -17.92634391784668 145.74525451660156 -9.49111843109131
v -15.58495044708252 143.71238708496094 -9.56589221954346
v -22.96962547302246 154.02105712890625 1.03589200973511
v -20.9295539855957 152.14915466308594 1.94483780860901
v -18.74591445922852 150.10588073730469 2.27567625045776
v -16.44318771362305 148.03089904785156 2.09503817558289
v 22.72981262207031 159.62986755371094 31.55715370178223
v 25.06494903564453 158.1190185546875 25.60072135925293
v 27.26261901855469 156.09803771972656 18.75689697265625
v 29.32431411743164 153.61903381347656 11.17611312866211
v 26.0773983001709 157.8658447265625 36.03876876831055
v 28.50481414794922 156.05368041992188 30.09914970397949
v 30.77497100830078 153.76661682128906 23.30630683898926
v 32.89044952392578 151.06336975097656 15.8357458114624
v 29.53089714050293 155.40498352050781 39.9981689453125
v 32.08163452148438 153.29385375976562 34.24137878417969
v 34.44456100463867 150.75311279296875 27.66994857788086
v 36.62282562255859 147.84529113769531 20.47670364379883
v 34.78123474121094 144.09962463378906 -14.0030345916748
v 38.3827018737793 141.13047790527344 -8.595947265625
v 42.11812591552734 137.58116149902344 -2.76957392692566
v 45.8449821472168 133.470458984375 3.31791043281555
v 33.06392669677734 147.53140258789062 -5.47443294525146
v 36.67967987060547 144.66484069824219 -0.36373823881149
v 40.44722366333008 141.1876220703125 5.03008460998535
v 44.20928192138672 137.1239013671875 10.60131454467773
v 31.25151634216309 150.73399353027344 3.00881385803223
v 34.85380554199219 148.00260925292969 7.86294651031494
v 38.61958312988281 144.63288879394531 12.85446357727051
v 42.37514877319336 140.65376281738281 17.93074607849121
v 55.5489616394043 117.9581298828125 21.56551551818848
v 53.89825439453125 121.64229583740234 27.31971740722656
v 51.87718963623047 125.29807281494141 33.13183212280273
v 49.45851898193359 128.90599060058594 38.8515625
v 52.70292282104492 123.64012908935547 15.64362525939941
v 51.08996200561523 127.33029937744141 21.85248947143555
v 49.16922378540039 130.97024536132812 28.12457847595215
v 46.91820526123047 134.52720642089844 34.29271697998047
v 49.42075729370117 128.81716918945312 9.5083646774292
v 47.8085823059082 132.497802734375 16.24423599243164
v 45.94678497314453 136.09419250488281 23.03916358947754
v 43.81819152832031 139.55897521972656 29.70719146728516
v 39.30635833740234 139.36080932617188 53.87429428100586
v 37.95766830444336 144.32302856445312 50.30422592163086
v 35.71980285644531 148.62455749511719 46.94710540771484
v 32.83135223388672 152.30525207519531 43.58454895019531
v 43.25988006591797 135.92857360839844 49.39284896850586
v 41.33514404296875 141.24876403808594 45.59907913208008
v 38.70691680908203 145.88803100585938 41.88290023803711
v 35.56061172485352 149.88888549804688 38.13383865356445
v 46.61500549316406 132.44656372070312 44.32857894897461
v 44.31441879272461 137.96844482421875 40.18972778320312
v 41.4056396484375 142.84487915039062 36.06235122680664
v 38.05893707275391 147.09880065917969 31.90342903137207
v 118.73212432861328 86.53124237060547 69.80464935302734
v 113.21189117431641 87.20661163330078 86.19222259521484
v 106.74110412597656 86.54437255859375 101.97930908203125
v 99.24488830566406 84.84658813476562 116.9337158203125
v 121.38092803955078 94.86675262451172 68.00018310546875
v 115.69523620605469 95.28616333007812 85.34730529785156
v 109.059326171875 94.22412872314453 102.14051818847656
v 101.39138793945312 92.01938629150391 118.11777496337891
v 123.30936431884766 103.41553497314453 65.70330047607422
v 117.44883728027344 103.60208892822266 83.98928833007812
v 110.64775085449219 102.16238403320312 101.77207183837891
v 102.81826782226562 99.47104644775391 118.75899505615234
v 69.85502624511719 76.56063079833984 154.47892761230469
v 71.37761688232422 81.93647766113281 158.53349304199219
v 72.28114318847656 87.63333129882812 162.01799011230469
v 72.60926055908203 93.37284088134766 164.87301635742188
v 80.87671661376953 79.55266571044922 143.41572570800781
v 82.63232421875 85.53682708740234 146.57632446289062
v 83.72280883789062 91.8319091796875 149.17463684082031
v 84.18984222412109 98.13691711425781 151.18594360351562
v 90.64837646484375 82.41533660888672 130.8232421875
v 92.60964202880859 89.01070404052734 133.01705932617188
v 93.87256622314453 95.90267944335938 134.65739440917969
v 94.47541809082031 102.76860046386719 135.75721740722656
v 70.57736968994141 108.06366729736328 169.06687927246094
v 82.26720428466797 114.10158538818359 153.451171875
v 92.70649719238281 119.98345947265625 135.94294738769531
v 101.99652099609375 125.22457122802734 116.93985748291016
v 71.71372985839844 103.86635589599609 168.45686340332031
v 83.42035675048828 109.57275390625 153.34890747070312
v 93.85409545898438 115.13164520263672 136.38703918457031
v 103.11466217041016 120.07831573486328 117.94779205322266
v 72.40557098388672 98.87663269042969 167.03910827636719
v 84.07514190673828 104.15087127685547 152.58561706542969
v 94.45650482177734 109.28580474853516 136.32945251464844
v 103.64656829833984 113.84259033203125 118.62178802490234
v 123.98367309570312 132.255859375 54.93767166137695
v 124.85459136962891 126.59774017333984 57.53116989135742
v 125.03798675537109 119.6553955078125 60.30147171020508
v 124.52565002441406 111.80320739746094 63.08129501342773
v 117.53385162353516 131.84550476074219 76.03958892822266
v 118.51519012451172 126.27608489990234 78.14332580566406
v 118.84040069580078 119.46623992919922 80.25662994384766
v 118.4910888671875 111.78517913818359 82.24884033203125
v 110.23855590820312 129.34016418457031 96.83953094482422
v 111.30178070068359 123.94803619384766 98.40770721435547
v 111.74222564697266 117.38235473632812 99.81378173828125
v 111.53313446044922 110.00113677978516 100.96586608886719
v 16.60164833068848 147.56965637207031 -33.66866302490234
v 18.27166366577148 148.98854064941406 -32.87538528442383
v 19.96798515319824 149.83432006835938 -32.04795837402344
v 21.77213096618652 150.16275024414062 -30.84577560424805
v 15.18320369720459 151.19122314453125 -22.73659515380859
v 16.96515274047852 152.13218688964844 -23.30952835083008
v 18.71682167053223 152.65129089355469 -23.47781372070312
v 20.50126457214355 152.83488464355469 -22.82223510742188
v 14.34849166870117 154.35972595214844 -12.36883544921875
v 16.17085838317871 154.90376281738281 -14.03878402709961
v 17.90059471130371 155.01577758789062 -15.3592414855957
v 19.55685234069824 154.9720458984375 -15.45252227783203
v 28.55025672912598 148.22212219238281 -22.92672538757324
v 26.91688919067383 151.33599853515625 -14.42350101470947
v 25.23226737976074 154.166015625 -6.07675552368164
v 23.45893859863281 156.60600280761719 1.79627740383148
v 26.0058536529541 149.39569091796875 -26.29020690917969
v 24.47945976257324 152.31602478027344 -18.03850555419922
v 22.96454429626465 154.89659118652344 -10.06786346435547
v 21.37102699279785 157.043701171875 -2.74519562721252
v 23.7656135559082 150.02955627441406 -28.92820739746094
v 22.38153076171875 152.7694091796875 -20.92361640930176
v 21.15878868103027 155.04878234863281 -13.44091606140137
v 19.87203407287598 156.83181762695312 -6.94786500930786
v 17.38821792602539 160.83580017089844 20.43049049377441
v 15.66104316711426 160.26298522949219 13.6013126373291
v 14.57344627380371 158.96388244628906 5.88165807723999
v 14.13330554962158 156.98175048828125 -2.76341509819031
v 19.53533935546875 159.96914672851562 15.10967254638672
v 17.69862174987793 159.74165344238281 8.97244930267334
v 16.50489807128906 158.79521179199219 2.18978691101074
v 15.985276222229 157.16937255859375 -5.42004537582397
v 21.55943870544434 158.54978942871094 8.87835311889648
v 19.60883522033691 158.66363525390625 3.56259727478027
v 18.29591751098633 158.08258056640625 -1.91217267513275
v 17.70004463195801 156.85160827636719 -8.0510835647583
v 31.45123481750488 105.77300262451172 -101.18708038330078
v 33.34516525268555 106.97903442382812 -100.22605133056641
v 34.9847526550293 108.36020660400391 -98.66500091552734
v 36.29189300537109 110.02922058105469 -96.35295867919922
v 29.54328918457031 110.81592559814453 -97.61425018310547
v 31.4442081451416 111.72776031494141 -97.45738220214844
v 33.06196975708008 112.72682952880859 -96.70366668701172
v 34.28231811523438 114.04762268066406 -95.09329223632812
v 27.6063060760498 115.70394134521484 -92.70816040039062
v 29.56121826171875 116.21988677978516 -93.39996337890625
v 31.21291351318359 116.63827514648438 -93.52376556396484
v 32.36445236206055 117.46964263916016 -92.63706207275391
v 37.98939895629883 117.09130096435547 -84.84336853027344
v 35.38920974731445 120.66145324707031 -84.70072937011719
v 32.7166862487793 123.98332214355469 -82.90825653076172
v 29.98335266113281 127.00991058349609 -79.75286102294922
v 37.734375 114.48181915283203 -89.23255920410156
v 35.31699752807617 118.18632507324219 -88.80743408203125
v 32.84629821777344 121.52260589599609 -86.9169921875
v 30.33571243286133 124.39036560058594 -83.99402618408203
v 37.18848419189453 112.09877777099609 -93.13895416259766
v 34.99101257324219 115.92458343505859 -92.36641693115234
v 32.81890106201172 119.22456359863281 -90.29736328125
v 30.67422676086426 121.82234191894531 -87.65602874755859
v 21.35888290405273 134.03268432617188 -64.38200378417969
v 22.57459259033203 129.5811767578125 -72.33666229248047
v 24.0498161315918 125.06423187255859 -79.84711456298828
v 25.74143028259277 120.44930267333984 -86.70654296875
v 24.33662796020508 132.03541564941406 -70.35186767578125
v 25.21750068664551 128.419677734375 -76.52645874023438
v 26.38156127929688 124.56217193603516 -82.63007354736328
v 27.82929801940918 120.48739624023438 -88.35660552978516
v 27.20072746276855 129.6942138671875 -75.52143859863281
v 27.79866218566895 126.68939208984375 -80.47137451171875
v 28.55907249450684 123.54152679443359 -85.16664886474609
v 29.64336013793945 120.20602416992188 -89.53990173339844
v 37.86622619628906 122.64122009277344 -75.45484924316406
v 37.51099014282227 125.51847076416016 -70.53565979003906
v 36.91081619262695 128.4957275390625 -65.29390716552734
v 36.02883148193359 131.59687805175781 -59.60015869140625
v 35.10543823242188 125.82035064697266 -75.97089385986328
v 34.78504943847656 128.41325378417969 -71.48520660400391
v 34.28208541870117 131.03773498535156 -66.72663116455078
v 33.48528671264648 133.7894287109375 -61.52423858642578
v 32.33599472045898 128.8880615234375 -74.61219787597656
v 32.14096069335938 131.16709899902344 -70.59478759765625
v 31.90098762512207 133.27886962890625 -66.48883056640625
v 31.33048248291016 135.49935913085938 -62.05595779418945
v 31.81305885314941 141.5673828125 -39.13359832763672
v 29.20849227905273 143.07772827148438 -42.13250732421875
v 26.93976211547852 143.98086547851562 -44.48543930053711
v 25.01194953918457 144.23246765136719 -46.46334457397461
v 33.39436340332031 138.18751525878906 -46.49413299560547
v 30.81248092651367 139.88543701171875 -49.25118637084961
v 28.59547996520996 140.97248840332031 -51.27438354492188
v 26.79253196716309 141.33497619628906 -53.07275390625
v 34.82815170288086 134.84573364257812 -53.32494354248047
v 32.28341674804688 136.76397705078125 -55.70708847045898
v 30.14385032653809 138.10459899902344 -57.0578498840332
v 28.5228214263916 138.62373352050781 -58.36669921875
v 21.14714050292969 140.72377014160156 -53.18207550048828
v 23.97101593017578 137.74720764160156 -60.76083755493164
v 26.77227592468262 134.81301879882812 -66.89870452880859
v 29.55817985534668 131.87528991699219 -71.53579711914062
v 22.15499687194824 142.62603759765625 -50.45927047729492
v 24.52829360961914 139.63363647460938 -57.66897201538086
v 27.00675010681152 136.72189331054688 -63.55707931518555
v 29.55582046508789 133.89749145507812 -67.93016815185547
v 23.43014526367188 143.78823852539062 -48.33715438842773
v 25.45279884338379 140.85911560058594 -55.15527725219727
v 27.53369331359863 138.07748413085938 -60.62308883666992
v 29.6805248260498 135.52388000488281 -64.48585510253906
v 43.76210784912109 71.39674377441406 171.08882141113281
v 28.93456268310547 69.52745819091797 176.37272644042969
v 13.34434413909912 68.1339111328125 179.60177612304688
v -2.69000315666199 67.21659851074219 180.74533081054688
v 44.70893478393555 75.71143341064453 176.593505859375
v 29.54336357116699 73.43431091308594 182.40122985839844
v 13.59720134735107 71.72586059570312 186.01666259765625
v -2.79934525489807 70.59492492675781 187.40676879882812
v 45.17082214355469 80.35126495361328 181.5125732421875
v 29.75399017333984 77.6602783203125 187.83796691894531
v 13.5489444732666 75.62651062011719 191.83793640136719
v -3.10465049743652 74.26784515380859 193.47930908203125
v -50.27241516113281 67.32691955566406 171.35700988769531
v -51.38950347900391 70.75539398193359 177.89454650878906
v -52.35996627807617 74.42143249511719 183.92057800292969
v -53.17726898193359 78.15421295166016 189.25846862792969
v -34.81692504882812 66.8126220703125 176.65357971191406
v -35.62288665771484 70.10087585449219 183.3787841796875
v -36.39877700805664 73.64741516113281 189.55375671386719
v -37.12728118896484 77.28044891357422 195.00367736816406
v -18.84994125366211 66.77600860595703 179.7728271484375
v -19.31609916687012 70.05033111572266 186.53851318359375
v -19.86711311340332 73.60218811035156 192.72895812988281
v -20.47689247131348 77.25423431396484 198.17391967773438
v -54.64472579956055 88.04489898681641 199.37640380859375
v -38.85542678833008 86.98053741455078 205.25428771972656
v -22.39810943603516 87.03804016113281 208.33322143554688
v -5.62628698348999 88.166015625 208.63177490234375
v -54.3261833190918 85.13675689697266 197.16304016113281
v -38.37292098999023 84.11880493164062 203.02880859375
v -21.76847267150879 84.14951324462891 206.14631652832031
v -4.86673974990845 85.18444061279297 206.53915405273438
v -53.83485794067383 81.78292083740234 193.73149108886719
v -37.79110717773438 80.82817840576172 199.55364990234375
v -21.11936378479004 80.82913208007812 202.70314025878906
v -4.17130470275879 81.74957275390625 203.20791625976562
v 43.04105377197266 97.45867156982422 193.03025817871094
v 44.08288192749023 93.86994171142578 191.60488891601562
v 44.81419372558594 89.66569519042969 189.13340759277344
v 45.19137954711914 85.08107757568359 185.73092651367188
v 27.44680213928223 93.427734375 200.96176147460938
v 28.41285133361816 90.08909606933594 199.244873046875
v 29.14715194702148 86.20407104492188 196.39511108398438
v 29.60806465148926 81.98899841308594 192.54769897460938
v 11.10651779174805 90.31304931640625 206.16845703125
v 11.97835636138916 87.17912292480469 204.2308349609375
v 12.7014331817627 83.55329895019531 201.09593200683594
v 13.23765563964844 79.63570404052734 196.91465759277344
v -78.374755859375 69.79053497314453 154.10940551757812
v -90.70089721679688 71.47736358642578 142.40798950195312
v -101.87413024902344 73.11692047119141 129.02845764160156
v -111.89230346679688 74.44622039794922 114.25104522705078
v -79.98153686523438 73.91161346435547 159.82025146484375
v -92.47655487060547 76.11807250976562 147.50244140625
v -103.77066802978516 78.33796691894531 133.40451049804688
v -113.86367797851562 80.2672119140625 117.83171081542969
v -81.21226501464844 78.22735595703125 165.14764404296875
v -93.7672119140625 80.93257904052734 152.3016357421875
v -105.07942199707031 83.71318817138672 137.58506774902344
v -115.15242004394531 86.22459411621094 121.32480621337891
v -134.9947509765625 73.94289398193359 64.33375549316406
v -136.93409729003906 81.27021026611328 65.31682586669922
v -137.97145080566406 88.69764709472656 66.55033874511719
v -138.23158264160156 95.94309234619141 67.90899658203125
v -128.45477294921875 75.12217712402344 81.62345886230469
v -130.44558715820312 82.03742218017578 83.48262023925781
v -131.59489440917969 89.06140899658203 85.48058319091797
v -132.01199340820312 95.92603302001953 87.48065185546875
v -120.75324249267578 75.20229339599609 98.35597229003906
v -122.75537872314453 81.60172271728516 101.08933258056641
v -123.98973846435547 88.1221923828125 103.84768676757812
v -124.54853057861328 94.51233673095703 106.48409271240234
v -135.59634399414062 113.76657867431641 71.48291778564453
v -129.96237182617188 112.88259887695312 92.12639617919922
v -123.09381866455078 110.38718414306641 112.19210052490234
v -114.96722412109375 106.75300598144531 131.30364990234375
v -136.91923522949219 108.75965881347656 70.50057220458984
v -131.08647155761719 108.104736328125 90.94027709960938
v -124.00835418701172 105.89619445800781 110.80324554443359
v -115.66591644287109 102.58256530761719 129.71974182128906
v -137.8392333984375 102.72446441650391 69.26749420166016
v -131.80607604980469 102.36318206787109 89.34612274169922
v -124.52399444580078 100.52079010009766 108.85159301757812
v -115.97924041748047 97.61551666259766 127.42469787597656
v -82.80523681640625 93.74484252929688 179.14976501464844
v -82.86344146728516 90.49648284912109 177.09260559082031
v -82.63167572021484 86.70438385009766 173.95745849609375
v -82.08846282958984 82.55314636230469 169.91792297363281
v -94.84633636474609 97.95915985107422 165.15884399414062
v -95.11244201660156 94.43417358398438 163.23417663574219
v -95.04682922363281 90.28910064697266 160.33685302734375
v -94.61119842529297 85.722412109375 156.63623046875
v -105.55918884277344 102.45277404785156 149.08468627929688
v -106.04027557373047 98.61238861083984 147.31997680664062
v -106.15809631347656 94.06555938720703 144.70620727539062
v -105.85652923583984 89.02743530273438 141.40676879882812
v -144.58134460449219 67.23493957519531 29.20361328125
v -147.63737487792969 61.62177658081055 11.81904411315918
v -149.55061340332031 54.74045944213867 -5.21103191375732
v -150.33262634277344 46.76947021484375 -21.71098327636719
v -146.30528259277344 74.91073608398438 28.52907752990723
v -149.21318054199219 69.21430969238281 10.3873815536499
v -150.96989440917969 62.10666656494141 -7.35286808013916
v -151.60084533691406 53.78773498535156 -24.51666450500488
v -147.05281066894531 82.68281555175781 28.30785942077637
v -149.79890441894531 76.90821075439453 9.49673461914062
v -151.39884948730469 69.58354949951172 -8.87532901763916
v -151.890380859375 60.92987442016602 -26.63407325744629
v -146.00715637207031 18.10330772399902 -66.27377319335938
v -146.99348449707031 23.56245803833008 -70.79934692382812
v -147.09159851074219 29.20524787902832 -74.48799896240234
v -146.45082092285156 34.79522705078125 -77.34825134277344
v -148.54936218261719 28.27242088317871 -52.41797637939453
v -149.58721923828125 34.31569671630859 -56.41492080688477
v -149.69905090332031 40.51966857910156 -59.61466217041016
v -149.04203796386719 46.63049697875977 -62.04131698608398
v -149.99504089355469 37.88729858398438 -37.50517272949219
v -151.1314697265625 44.45743179321289 -40.92901611328125
v -151.31120300292969 51.16822814941406 -43.60526657104492
v -150.69596862792969 57.75069808959961 -45.57364654541016
v -141.58827209472656 48.88383865356445 -81.04396820068359
v -144.02940368652344 61.86569976806641 -64.923828125
v -145.69725036621094 74.03818511962891 -47.62870788574219
v -146.522705078125 85.11003112792969 -29.32529067993164
v -143.54983520507812 44.87097549438477 -80.61770629882812
v -146.05006408691406 57.55735015869141 -64.67180633544922
v -147.72726440429688 69.45466613769531 -47.545654296875
v -148.51737976074219 80.28597259521484 -29.4088191986084
v -145.220458984375 40.09595108032227 -79.38864898681641
v -147.77333068847656 52.39434051513672 -63.71901702880859
v -149.44741821289062 63.93584442138672 -46.87387466430664
v -150.18559265136719 74.46035003662109 -29.02493858337402
v -143.25396728515625 108.8094482421875 29.96809577941895
v -144.92454528808594 103.61449432373047 29.37007331848145
v -146.21369934082031 97.33091735839844 28.82776260375977
v -146.97271728515625 90.25495147705078 28.4405574798584
v -145.37016296386719 102.78690338134766 9.63978290557861
v -147.18009948730469 97.642822265625 9.21861934661865
v -148.6258544921875 91.41798400878906 8.99758148193359
v -149.55094909667969 84.40795135498047 9.06187343597412
v -146.43670654296875 94.79002380371094 -10.18023300170898
v -148.35636901855469 89.77433013916016 -10.43086242675781
v -149.9307861328125 83.70777130126953 -10.34388256072998
v -150.99871826171875 76.88071441650391 -9.84885215759277
v -137.67942810058594 -3.18368482589722 -90.11183166503906
v -131.86204528808594 -13.92176628112793 -99.99893188476562
v -124.88438415527344 -24.4544792175293 -108.63871765136719
v -116.70302581787109 -34.58050537109375 -116.11167907714844
v -138.75946044921875 1.02117490768433 -95.56386566162109
v -133.07046508789062 -10.35555553436279 -105.84735107421875
v -126.23463439941406 -21.52116584777832 -114.83621215820312
v -118.17784881591797 -32.2642707824707 -122.60884857177734
v -139.04173278808594 5.4630069732666 -100.12953186035156
v -133.53250122070312 -6.52294683456421 -110.79875946044922
v -126.89441680908203 -18.29104042053223 -120.13399505615234
v -119.02294158935547 -29.62046241760254 -128.21049499511719
v -84.50238800048828 -60.50528717041016 -132.33432006835938
v -85.94051361083984 -59.84468841552734 -139.41366577148438
v -86.96324157714844 -58.76850891113281 -145.64035034179688
v -87.59799194335938 -57.3561897277832 -150.92027282714844
v -96.55545043945312 -52.80722427368164 -127.87899780273438
v -98.10491943359375 -51.63741683959961 -134.81916809082031
v -99.161865234375 -50.08000946044922 -140.88839721679688
v -99.76495361328125 -48.23120498657227 -146.001708984375
v -107.27452850341797 -44.09853363037109 -122.49828338623047
v -108.82598114013672 -42.37347793579102 -129.24369812011719
v -109.81359100341797 -40.29039001464844 -135.10354614257812
v -110.29067230224609 -37.9640007019043 -140.00331115722656
v -87.44859313964844 -51.89667129516602 -160.13818359375
v -99.23745727539062 -41.89821624755859 -154.75575256347656
v -109.19184875488281 -30.67239570617676 -148.19705200195312
v -117.51165008544922 -18.46159362792969 -140.40672302246094
v -87.81324768066406 -53.84085083007812 -158.26333618164062
v -99.76409912109375 -44.04412460327148 -153.02040100097656
v -109.92648315429688 -33.0402717590332 -146.62457275390625
v -118.482666015625 -21.06967163085938 -139.01473999023438
v -87.8721923828125 -55.68716430664062 -155.15931701660156
v -99.95281219482422 -46.18719100952148 -150.07405090332031
v -110.31052398681641 -35.50905227661133 -143.86848449707031
v -119.10507202148438 -23.88857269287109 -136.47621154785156
v -134.66252136230469 21.65688705444336 -109.0926513671875
v -136.33663940429688 18.2387523651123 -108.29042053222656
v -137.70684814453125 14.26895427703857 -106.51461791992188
v -138.64970397949219 9.944655418396 -103.78705596923828
v -130.04710388183594 7.94542264938354 -120.90987396240234
v -131.50547790527344 4.81022882461548 -119.90875244140625
v -132.64350891113281 1.2362447977066 -117.86569976806641
v -133.35467529296875 -2.60025072097778 -114.81696319580078
v -124.39677429199219 -5.50819730758667 -131.32945251464844
v -125.61490631103516 -8.37270545959473 -130.12982177734375
v -126.49615478515625 -11.5615348815918 -127.83074951171875
v -126.95212554931641 -14.91941070556641 -124.48216247558594
v -56.22050476074219 -72.064208984375 -138.79069519042969
v -40.30376434326172 -75.70503234863281 -140.84622192382812
v -23.67718505859375 -77.89513397216797 -142.08534240722656
v -6.69626951217651 -78.61579132080078 -142.48204040527344
v -56.9852180480957 -72.24371337890625 -145.97340393066406
v -40.51418685913086 -76.20104217529297 -148.00296020507812
v -23.23951530456543 -78.63282775878906 -149.18006896972656
v -5.55521631240845 -79.51604461669922 -149.49066162109375
v -57.50731658935547 -71.95889282226562 -152.34660339355469
v -40.57514953613281 -76.21351623535156 -154.37474060058594
v -22.74636840820312 -78.87250518798828 -155.51762390136719
v -4.45061683654785 -79.90941619873047 -155.77384948730469
v 42.81726455688477 -71.77398681640625 -138.35795593261719
v 46.01572036743164 -72.64379119873047 -145.08184814453125
v 48.94202041625977 -73.02323150634766 -151.20808410644531
v 51.51359176635742 -72.94899749755859 -156.59356689453125
v 26.90646171569824 -75.57394409179688 -140.64434814453125
v 29.46638107299805 -76.54457092285156 -147.45567321777344
v 31.82322311401367 -77.01121520996094 -153.62051391601562
v 33.9082145690918 -77.00739288330078 -159.00517272949219
v 10.283447265625 -77.84831237792969 -142.0103759765625
v 12.14474678039551 -78.82763671875 -148.92056274414062
v 13.88246154785156 -79.29779815673828 -155.14195251464844
v 15.44156074523926 -79.29137420654297 -160.54800415039062
v 56.27410888671875 -70.37135314941406 -166.87483215332031
v 37.84450531005859 -74.50838470458984 -169.14195251464844
v 18.49673843383789 -76.73875427246094 -170.609375
v -1.24378263950348 -77.09487915039062 -171.23275756835938
v 55.26222610473633 -71.58634948730469 -164.57002258300781
v 36.98762512207031 -75.72245788574219 -166.8995361328125
v 17.80373764038086 -77.97925567626953 -168.40821838378906
v -1.77906012535095 -78.38864135742188 -169.06106567382812
v 53.64786148071289 -72.45780181884766 -161.09524536132812
v 35.65260696411133 -76.56663513183594 -163.47607421875
v 16.76700019836426 -78.84099578857422 -165.01226806640625
v -2.52017879486084 -79.31166839599609 -165.68002319335938
v -57.56784820556641 -67.24200439453125 -167.59555053710938
v -57.81705856323242 -68.85131072998047 -165.53474426269531
v -57.9033203125 -70.20941162109375 -162.23469543457031
v -57.80670547485352 -71.26303100585938 -157.80284118652344
v -39.80148315429688 -72.31407928466797 -169.77015686035156
v -40.09982299804688 -73.79275512695312 -167.65928649902344
v -40.34412384033203 -74.96509552001953 -164.31503295898438
v -40.51051712036133 -75.78678131103516 -159.84947204589844
v -20.85165596008301 -75.60916900634766 -170.9677734375
v -21.25037384033203 -76.98250579833984 -168.82308959960938
v -21.72015571594238 -78.00944519042969 -165.45555114746094
v -22.22936820983887 -78.65208435058594 -160.98159790039062
v 71.08016204833984 -59.52241134643555 -130.92019653320312
v 83.10652160644531 -51.26815795898438 -125.71188354492188
v 93.76921844482422 -41.88303756713867 -119.46930694580078
v 103.09805297851562 -31.5831356048584 -112.16152954101562
v 75.22154998779297 -59.89690780639648 -137.55085754394531
v 87.52849578857422 -51.25249862670898 -132.33639526367188
v 98.36400604248047 -41.393798828125 -126.09844970703125
v 107.77252197265625 -30.54555511474609 -118.79386901855469
v 78.99515533447266 -59.83725357055664 -143.70454406738281
v 91.55582427978516 -50.84355926513672 -138.55497741699219
v 102.54721069335938 -40.55706405639648 -132.39753723144531
v 112.02528381347656 -29.20848846435547 -125.17518615722656
v 123.37922668457031 2.6444149017334 -83.53727722167969
v 127.88029479980469 5.6889123916626 -90.04885864257812
v 131.93940734863281 8.90225124359131 -96.54862213134766
v 135.430908203125 12.13846969604492 -102.75350189208984
v 117.87326049804688 -9.1033296585083 -94.22647857666016
v 122.48624420166016 -6.77944755554199 -100.81221008300781
v 126.66541290283203 -4.24809408187866 -107.30774688720703
v 130.28158569335938 -1.6323082447052 -113.44490814208984
v 111.12279510498047 -20.58453941345215 -103.75757598876953
v 115.79846954345703 -18.93251991271973 -110.37949371337891
v 120.0460205078125 -17.02858543395996 -116.83092498779297
v 123.73571014404297 -14.9757776260376 -122.86151885986328
v 141.24310302734375 20.52482032775879 -116.76825714111328
v 136.46038818359375 5.491379737854 -127.02434539794922
v 130.15998840332031 -8.95436382293701 -135.9248046875
v 122.26667785644531 -22.58176231384277 -143.5770263671875
v 140.20841979980469 18.0957145690918 -113.14638519287109
v 135.30824279785156 3.36045241355896 -123.57139587402344
v 128.92247009277344 -10.83564376831055 -132.6588134765625
v 120.97702789306641 -24.25858688354492 -140.50642395019531
v 138.22914123535156 15.25161361694336 -108.38044738769531
v 133.20558166503906 0.94488656520844 -118.95552062988281
v 126.73778533935547 -12.877121925354 -128.22093200683594
v 118.75516510009766 -25.97919464111328 -136.26214599609375
v 88.27720642089844 -56.24755096435547 -160.11868286132812
v 87.04200744628906 -57.54860687255859 -157.58836364746094
v 85.01210784912109 -58.61359024047852 -153.89486694335938
v 82.29424285888672 -59.39297485351562 -149.20973205566406
v 101.40049743652344 -46.45899200439453 -155.56654357910156
v 100.11087799072266 -47.84906005859375 -152.87342834472656
v 97.96294403076172 -49.0826530456543 -149.013671875
v 95.07261657714844 -50.10054397583008 -144.17745971679688
v 112.70525360107422 -35.16018295288086 -150.08847045898438
v 111.39786529541016 -36.67438888549805 -147.21205139160156
v 109.18709564208984 -38.1261100769043 -143.16458129882812
v 106.19589233398438 -39.44408416748047 -138.15632629394531
v 40.20021438598633 101.84884643554688 192.28211975097656
v 24.98572158813477 97.60019683837891 200.45558166503906
v 9.06894207000732 94.30458831787109 205.84817504882812
v -7.20593214035034 92.02142333984375 208.45147705078125
v 38.47443008422852 102.53208160400391 190.11489868164062
v 23.55379104614258 98.32381439208984 198.23088073730469
v 7.95513010025024 95.05912780761719 203.58245849609375
v -7.98605918884277 92.79825592041016 206.16598510742188
v 36.58456420898438 102.36334991455078 186.91415405273438
v 22.01627922058105 98.28054809570312 194.86990356445312
v 6.79644775390625 95.11562347412109 200.10380554199219
v -8.75038433074951 92.92780303955078 202.61669921875
v -54.73724365234375 91.8408203125 199.44194030761719
v -54.50992965698242 92.64076232910156 197.27168273925781
v -54.10725784301758 92.81929779052734 193.83839416503906
v -53.53446960449219 92.45941925048828 189.29632568359375
v -39.45320892333984 90.73012542724609 205.25674438476562
v -39.55406951904297 91.52885437011719 203.01426696777344
v -39.52679824829102 91.72041320800781 199.48312377929688
v -39.37427139282227 91.38746643066406 194.81874084472656
v -23.49471092224121 90.81012725830078 208.25712585449219
v -23.93429183959961 91.60141754150391 205.97779846191406
v -24.29966163635254 91.77631378173828 202.40951538085938
v -24.58949279785156 91.41990661621094 197.70622253417969
v -50.84807205200195 88.97891235351562 170.559814453125
v -38.19410705566406 88.06824493408203 175.57986450195312
v -24.9928092956543 88.01363372802734 178.32557678222656
v -11.50964069366455 88.77268981933594 178.77896118164062
v -51.89961624145508 90.45626068115234 177.50279235839844
v -38.70502471923828 89.47872161865234 182.71171569824219
v -24.9373779296875 89.45348358154297 185.51033020019531
v -10.8785343170166 90.33251953125 185.88479614257812
v -52.79684066772461 91.64408874511719 183.79971313476562
v -39.09937286376953 90.61267852783203 189.17646789550781
v -24.80250358581543 90.61726379394531 192.0218505859375
v -10.20362758636475 91.60494995117188 192.32626342773438
v 27.97658920288086 95.50787353515625 166.20454406738281
v 30.22661972045898 97.9149169921875 172.3250732421875
v 32.43103790283203 99.93781280517578 177.89779663085938
v 34.56022644042969 101.45960998535156 182.80130004882812
v 15.24050998687744 92.56219482421875 172.7364501953125
v 16.98530006408691 94.61125946044922 179.30598449707031
v 18.71053314208984 96.318115234375 185.27383422851562
v 20.39469528198242 97.57660675048828 190.50636291503906
v 1.98995304107666 90.30300903320312 176.92192077636719
v 3.18963479995728 92.06778717041016 183.8212890625
v 4.39984321594238 93.52287292480469 190.08012390136719
v 5.60673236846924 94.57118225097656 195.55532836914062
v -81.90515899658203 97.87196350097656 179.33549499511719
v -93.47236633300781 102.35492706298828 165.41275024414062
v -103.73172760009766 107.15360260009766 149.41334533691406
v -112.71077728271484 111.77108001708984 131.71453857421875
v -81.08788299560547 98.65889739990234 177.43479919433594
v -92.40140533447266 103.12893676757812 163.70857238769531
v -102.43382263183594 107.91107177734375 147.93949890136719
v -111.21205139160156 112.50888824462891 130.49928283691406
v -80.02989196777344 98.71842956542969 174.39747619628906
v -91.07256317138672 103.08928680419922 160.96484375
v -100.86956024169922 107.75617218017578 145.54096984863281
v -109.44595336914062 112.23046112060547 128.48849487304688
v -132.24093627929688 119.56722259521484 72.19432067871094
v -130.29075622558594 120.23223114013672 71.86948394775391
v -128.102294921875 119.61155700683594 71.18616485595703
v -125.63310241699219 117.85858917236328 70.21578216552734
v -126.93787384033203 118.47479248046875 92.72775268554688
v -125.11360168457031 119.16588592529297 92.09255218505859
v -123.03726196289062 118.64678192138672 90.94844818115234
v -120.67572021484375 117.06233978271484 89.3817138671875
v -120.43698883056641 115.71044921875 112.69358062744141
v -118.76303100585938 116.42596435546875 111.75974273681641
v -116.82684326171875 116.02353668212891 110.17011260986328
v -114.60455322265625 114.63777160644531 108.02516174316406
v -116.11648559570312 107.33982849121094 66.29627227783203
v -111.54936981201172 107.36570739746094 83.00849914550781
v -105.98219299316406 105.92644500732422 99.26301574707031
v -99.40190887451172 103.42305755615234 114.76307678222656
v -119.68265533447266 111.5693359375 67.69942474365234
v -114.96485137939453 111.27694702148438 85.32546997070312
v -109.20611572265625 109.45462799072266 102.47115325927734
v -102.39044952392578 106.53208923339844 118.81942749023438
v -122.84070587158203 115.12672424316406 69.02973175048828
v -117.99595642089844 114.55744934082031 87.4786376953125
v -112.072265625 112.40326690673828 105.42535400390625
v -105.05044555664062 109.11862945556641 122.53490447998047
v -73.45220184326172 93.53800964355469 153.76885986328125
v -75.44231414794922 95.46036529541016 159.90925598144531
v -77.20401763916016 97.02639770507812 165.49037170410156
v -78.73423004150391 98.14334106445312 170.36788940429688
v -83.14994812011719 96.82783508300781 142.31275939941406
v -85.52451324462891 99.10524749755859 147.85552978515625
v -87.63552856445312 100.97574615478516 152.90242004394531
v -89.48440551757812 102.33766174316406 157.31748962402344
v -91.79550170898438 100.25651550292969 129.2119140625
v -94.50190734863281 102.93905639648438 134.05323791503906
v -96.91126251220703 105.15797424316406 138.47224426269531
v -99.03126525878906 106.80107879638672 142.34335327148438
v 120.21210479736328 138.22193908691406 50.95037460327148
v 113.67642211914062 137.78628540039062 72.38344573974609
v 106.35072326660156 135.17169189453125 93.58431243896484
v 98.13490295410156 130.88032531738281 114.13098907470703
v 117.40590667724609 138.36141967773438 49.67920303344727
v 110.8994140625 137.98973083496094 70.93947601318359
v 103.62742614746094 135.44631958007812 91.99005889892578
v 95.49272155761719 131.23036193847656 112.40641784667969
v 114.10110473632812 136.87973022460938 48.83013153076172
v 107.66439056396484 136.61685180664062 69.72187805175781
v 100.48393249511719 134.21786499023438 90.41919708251953
v 92.46691131591797 130.17198181152344 110.50056457519531
v 67.1456298828125 112.96759796142578 167.62608337402344
v 64.93972015380859 113.53852081298828 165.60444641113281
v 62.46823501586914 113.04562377929688 162.83349609375
v 59.77701950073242 111.63156890869141 159.40185546875
v 78.63246154785156 119.27608489990234 151.57386779785156
v 76.24611663818359 119.77731323242188 149.63816833496094
v 73.5518798828125 119.09660339355469 147.12924194335938
v 70.60330200195312 117.39051055908203 144.11563110351562
v 88.92884826660156 125.41439056396484 133.60150146484375
v 86.39804077148438 125.84097290039062 131.76397705078125
v 83.52050018310547 124.96847534179688 129.54441833496094
v 80.35718536376953 122.96702575683594 126.98973083496094
v 50.84345626831055 103.28905487060547 146.0291748046875
v 60.76712799072266 107.68549346923828 132.73269653320312
v 69.76205444335938 111.8902587890625 117.78364562988281
v 77.88656616210938 115.50667572021484 101.54700469970703
v 53.91879653930664 106.61062622070312 150.91107177734375
v 64.15737152099609 111.52840423583984 136.84878540039062
v 73.41700744628906 116.25778198242188 121.06243896484375
v 81.76729583740234 120.37253570556641 103.93667602539062
v 56.91193008422852 109.43901824951172 155.39817810058594
v 67.45394897460938 114.81559753417969 140.66596984863281
v 76.96903991699219 120.00675964355469 124.14677429199219
v 85.53623962402344 124.56046295166016 106.24156951904297
v 97.62082672119141 118.85897064208984 48.76130676269531
v 102.05756378173828 124.76647186279297 48.36873626708984
v 106.34068298339844 129.8763427734375 48.21956634521484
v 110.38394927978516 133.98274230957031 48.35847473144531
v 91.75762939453125 119.38771057128906 66.67086029052734
v 96.01799774169922 125.05311584472656 67.20519256591797
v 100.14302825927734 129.94729614257812 67.87699127197266
v 104.05204772949219 133.86895751953125 68.70848083496094
v 85.19898223876953 118.13804626464844 84.38774871826172
v 89.27777099609375 123.44640350341797 85.85605621337891
v 93.23455047607422 128.02464294433594 87.35131072998047
v 96.99478912353516 131.67955017089844 88.87265777587891
v -139.36361694335938 114.74861907958984 30.93365669250488
v -141.28369140625 108.65074157714844 10.74155902862549
v -142.20684814453125 100.50719451904297 -8.94790458679199
v -142.20606994628906 90.62803649902344 -27.97686767578125
v -137.23226928710938 115.35853576660156 31.24267768859863
v -139.09562683105469 109.23633575439453 11.36259651184082
v -139.98341369628906 101.07622528076172 -8.02608680725098
v -139.96768188476562 91.19245910644531 -26.77147102355957
v -134.89645385742188 114.61125183105469 31.49038696289062
v -136.72030639648438 108.47286224365234 12.06458377838135
v -137.58824157714844 100.32943725585938 -6.88644027709961
v -137.56988525390625 90.49629974365234 -25.21766090393066
v -137.38963317871094 53.67731857299805 -79.522216796875
v -135.21983337402344 54.34180450439453 -77.62887573242188
v -132.89370727539062 54.01189804077148 -75.04206848144531
v -130.32920837402344 52.80790328979492 -71.80792236328125
v -139.72450256347656 66.90306091308594 -63.42189788818359
v -137.51385498046875 67.51100158691406 -61.72476196289062
v -135.1529541015625 67.02219390869141 -59.44050598144531
v -132.55825805664062 65.56941986083984 -56.60183715820312
v -141.35429382324219 79.32331085205078 -46.18749237060547
v -139.12046813964844 79.89930725097656 -44.7216682434082
v -136.73489379882812 79.28877258300781 -42.78402709960938
v -134.11494445800781 77.63508605957031 -40.39330673217773
v -120.38534545898438 45.15470504760742 -58.68281555175781
v -122.53563690185547 56.75515365600586 -45.08664321899414
v -124.02268981933594 67.84889221191406 -30.68999862670898
v -124.79471588134766 78.14251708984375 -15.60365962982178
v -124.15705108642578 48.25898742675781 -63.5821647644043
v -126.33316802978516 60.30310440063477 -49.39218902587891
v -127.84148406982422 71.77176666259766 -34.32754898071289
v -128.6251220703125 82.36264801025391 -18.5084171295166
v -127.4443359375 50.85015869140625 -67.97257232666016
v -129.64619445800781 63.28545761108398 -53.24149322509766
v -131.17802429199219 75.08161926269531 -37.56822967529297
v -131.97808837890625 85.92954254150391 -21.08185577392578
v -122.30262756347656 101.28868103027344 32.68575286865234
v -126.05924987792969 105.84547424316406 32.27445602416992
v -129.37022399902344 109.69278717041016 31.96538543701172
v -132.29585266113281 112.66868591308594 31.71765327453613
v -123.98648071289062 95.15581512451172 16.19499206542969
v -127.79086303710938 99.70182037353516 14.91273784637451
v -131.13595581054688 103.54423522949219 13.81401252746582
v -134.08973693847656 106.52170562744141 12.87316703796387
v -124.79990386962891 87.34262847900391 0.0615890994668
v -128.62718200683594 91.77342987060547 -2.05494165420532
v -131.98464965820312 95.52011871337891 -3.91142463684082
v -134.94682312011719 98.42475891113281 -5.51840734481812
v -130.896484375 26.04957389831543 -107.68923187255859
v -126.5953369140625 12.19423007965088 -119.64141082763672
v -121.30342864990234 -1.37327420711517 -130.23056030273438
v -114.80493927001953 -14.41631698608398 -139.5
v -128.85784912109375 26.91772270202637 -105.53254699707031
v -124.64793395996094 13.20589351654053 -117.41743469238281
v -119.46681213378906 -0.20074291527271 -127.97393798828125
v -113.10050201416016 -13.07337951660156 -137.23931884765625
v -126.62192535400391 27.02144050598145 -102.50025939941406
v -122.47211456298828 13.57485675811768 -114.24266815185547
v -117.37045288085938 0.45168781280518 -124.70170593261719
v -111.11000061035156 -12.1298246383667 -133.90818786621094
v -85.91178894042969 -48.0324592590332 -159.82383728027344
v -84.75084686279297 -46.19928359985352 -157.66069030761719
v -83.30658721923828 -44.44198989868164 -154.32041931152344
v -81.56278991699219 -42.76800537109375 -149.9232177734375
v -97.32492065429688 -37.98252487182617 -154.25326538085938
v -95.95648193359375 -36.30145263671875 -152.04548645019531
v -94.28499603271484 -34.79489898681641 -148.68673706054688
v -92.28927612304688 -33.45540237426758 -144.2921142578125
v -106.884033203125 -26.69827270507812 -147.49311828613281
v -105.33504486083984 -25.18321990966797 -145.25076293945312
v -103.48382568359375 -23.95143699645996 -141.8929443359375
v -101.30123901367188 -22.97939872741699 -137.52821350097656
v -74.37195587158203 -38.32033157348633 -131.59158325195312
v -84.144775390625 -30.36437606811523 -126.0435791015625
v -92.47406768798828 -21.38629150390625 -119.47847747802734
v -99.50714874267578 -11.54307556152344 -111.89545440673828
v -77.11168670654297 -39.69973754882812 -138.43862915039062
v -87.2403564453125 -31.24762344360352 -132.85546875
v -95.82550048828125 -21.72036933898926 -126.21241760253906
v -103.03201293945312 -11.29227638244629 -118.50025177001953
v -79.50322723388672 -41.18477249145508 -144.5892333984375
v -89.94813537597656 -32.27547836303711 -138.9766845703125
v -98.7581787109375 -22.24355506896973 -132.26518249511719
v -106.11476135253906 -11.27959632873535 -124.43785858154297
v -114.30225372314453 21.60727310180664 -83.03066253662109
v -118.02888488769531 23.65363311767578 -88.85756683349609
v -121.27760314941406 25.29862403869629 -94.09198760986328
v -124.11856079101562 26.45148277282715 -98.66314697265625
v -110.27393341064453 10.11071014404297 -93.67236328125
v -113.96878814697266 11.56905269622803 -99.83201599121094
v -117.19308471679688 12.68208408355713 -105.36814880371094
v -120.00733947753906 13.37546730041504 -110.198974609375
v -105.39133453369141 -0.99173963069916 -103.29368591308594
v -109.02480316162109 -0.13769733905792 -109.70985412597656
v -112.19926452636719 0.42581668496132 -115.47781372070312
v -114.96454620361328 0.64141124486923 -120.50570678710938
v -56.66023635864258 -63.4828987121582 -167.5697021484375
v -39.13795471191406 -68.61472320556641 -169.84304809570312
v -20.39395713806152 -71.97487640380859 -171.12295532226562
v -0.96018826961517 -73.53129577636719 -171.464111328125
v -56.00253677368164 -61.4185905456543 -165.50143432617188
v -38.76942825317383 -66.4798583984375 -167.81964111328125
v -20.32841682434082 -69.80036163330078 -169.14376831054688
v -1.20303189754486 -71.34868621826172 -169.52926635742188
v -55.18328857421875 -59.27405166625977 -162.23069763183594
v -38.34012222290039 -64.21019744873047 -164.59194946289062
v -20.32082176208496 -67.45229339599609 -165.96241760253906
v -1.63405394554138 -68.96974945068359 -166.39599609375
v 56.16013717651367 -67.05754089355469 -167.40223693847656
v 55.04391860961914 -65.04673004150391 -165.60894775390625
v 53.34450912475586 -62.86838150024414 -162.61392211914062
v 51.15412139892578 -60.57380294799805 -158.54437255859375
v 37.84881210327148 -71.10468292236328 -169.54905700683594
v 37.00668716430664 -69.00325775146484 -167.70635986328125
v 35.707275390625 -66.70838928222656 -164.66789245605469
v 34.02981185913086 -64.27475738525391 -160.55987548828125
v 18.63138389587402 -73.25191497802734 -170.92124938964844
v 18.08317565917969 -71.09345245361328 -169.03164672851562
v 17.21152687072754 -68.73198699951172 -165.946533203125
v 16.08164405822754 -66.2227783203125 -161.79208374023438
v 42.55938720703125 -53.50560760498047 -141.16030883789062
v 27.52101898193359 -56.6882209777832 -143.08131408691406
v 11.79441070556641 -58.36143493652344 -144.17414855957031
v -4.21603870391846 -58.55412673950195 -144.40760803222656
v 45.66933822631836 -55.84111022949219 -147.69035339355469
v 29.85747337341309 -59.20998382568359 -149.64033508300781
v 13.30789279937744 -60.98223495483398 -150.77973937988281
v -3.54425168037415 -61.18669128417969 -151.07012939453125
v 48.56499862670898 -58.21428298950195 -153.52745056152344
v 32.0534782409668 -61.75705718994141 -155.50860595703125
v 14.75870227813721 -63.6211051940918 -156.69444274902344
v -2.85584926605225 -63.83558654785156 -157.03997802734375
v -49.90645599365234 -50.53779220581055 -139.63951110839844
v -51.56406784057617 -52.68115234375 -146.46189880371094
v -52.98326873779297 -54.87312316894531 -152.58509826660156
v -54.18326950073242 -57.08149337768555 -157.88330078125
v -35.47087478637695 -54.61343002319336 -142.1715087890625
v -36.41539764404297 -57.00733947753906 -148.94969177246094
v -37.19031143188477 -59.43243789672852 -155.0302734375
v -37.82281875610352 -61.84722137451172 -160.28659057617188
v -20.10593795776367 -57.295166015625 -143.75047302246094
v -20.26373100280762 -59.85211944580078 -150.47293090820312
v -20.32667922973633 -62.42964553833008 -156.500244140625
v -20.33297348022461 -64.97920227050781 -161.70565795898438
v 87.9366455078125 -53.13526916503906 -161.0035400390625
v 100.94112396240234 -43.44619369506836 -156.69218444824219
v 112.11809539794922 -32.22930526733398 -151.48722839355469
v 121.538818359375 -19.70271301269531 -145.27447509765625
v 86.36548614501953 -51.40904998779297 -159.31959533691406
v 99.19298553466797 -41.90596008300781 -155.07240295410156
v 110.22060394287109 -30.89262008666992 -149.9425048828125
v 119.51506042480469 -18.57847785949707 -143.81912231445312
v 84.00882720947266 -49.61676788330078 -156.39549255371094
v 96.5882568359375 -40.37422943115234 -152.18135070800781
v 107.41384124755859 -29.65341949462891 -147.09257507324219
v 116.54656982421875 -17.65401077270508 -141.025634765625
v 139.97601318359375 23.55419921875 -119.44754791259766
v 137.66664123535156 24.07433700561523 -118.38053894042969
v 134.39755249023438 24.01920127868652 -115.92063903808594
v 130.28677368164062 23.45462608337402 -112.22648620605469
v 135.39651489257812 8.4071569442749 -129.36883544921875
v 133.17135620117188 9.11444759368896 -128.14891052246094
v 129.97743225097656 9.38196659088135 -125.54319000244141
v 125.93478393554688 9.2551965713501 -121.70843505859375
v 129.2745361328125 -6.08452177047729 -137.93974304199219
v 127.14305877685547 -5.17297267913818 -136.59150695800781
v 124.04743957519531 -4.5756573677063 -133.87702941894531
v 120.10891723632812 -4.26655721664429 -129.94943237304688
v 114.08554077148438 19.36239624023438 -95.32503509521484
v 109.91501617431641 6.96370840072632 -104.39726257324219
v 104.44862365722656 -4.80847358703613 -112.41971588134766
v 97.65284729003906 -15.79738330841064 -119.43975830078125
v 120.01268768310547 21.06039810180664 -101.77003479003906
v 115.78354644775391 8.00059032440186 -110.97872161865234
v 110.18825531005859 -4.40898132324219 -119.067626953125
v 103.18649291992188 -16.00098991394043 -126.10111236572266
v 125.45247650146484 22.4464111328125 -107.45674133300781
v 121.16348266601562 8.77957344055176 -116.80136871337891
v 115.44876098632812 -4.21967029571533 -124.9619140625
v 108.26091766357422 -16.37308502197266 -132.01817321777344
v 68.95378112792969 -42.49666976928711 -134.95864868164062
v 73.33917236328125 -44.1983642578125 -141.51278686523438
v 77.38434600830078 -45.97593688964844 -147.3590087890625
v 80.97799682617188 -47.79389953613281 -152.3642578125
v 79.93894958496094 -34.79824829101562 -130.66188049316406
v 84.80226135253906 -36.06301498413086 -137.25932312011719
v 89.276123046875 -37.4294548034668 -143.13693237304688
v 93.24371337890625 -38.87429428100586 -148.15690612792969
v 89.49412536621094 -25.84622764587402 -125.50469207763672
v 94.73795318603516 -26.60811424255371 -132.1435546875
v 99.55250549316406 -27.50242805480957 -138.0499267578125
v 103.81781005859375 -28.52044296264648 -143.08065795898438
v 144.79254150390625 54.94198989868164 -95.09708404541016
v 145.20210266113281 70.539306640625 -80.67459106445312
v 144.41424560546875 85.50514221191406 -64.91509246826172
v 142.53019714355469 99.41421508789062 -47.93943786621094
v 142.32513427734375 55.17377471923828 -94.42346954345703
v 142.65863037109375 70.67591857910156 -80.23747253417969
v 141.79972839355469 85.57576751708984 -64.73114776611328
v 139.85198974609375 99.44536590576172 -48.0179557800293
v 138.95208740234375 54.53385543823242 -92.395263671875
v 139.251220703125 69.7872314453125 -78.49480438232422
v 138.36990356445312 84.47216033935547 -63.31036758422852
v 136.411865234375 98.16426086425781 -46.94781875610352
v 131.3138427734375 130.54762268066406 9.07562446594238
v 128.51152038574219 130.59317016601562 8.22799682617188
v 125.11460113525391 129.04002380371094 8.1494665145874
v 121.21874237060547 126.09013366699219 8.75491237640381
v 135.87873840332031 122.36076354980469 -10.82321071624756
v 133.10430908203125 122.38199615478516 -11.42491149902344
v 129.68048095703125 120.87256622314453 -11.11201572418213
v 125.70673370361328 118.02567291259766 -9.98693561553955
v 139.65129089355469 111.8411865234375 -29.8685245513916
v 136.91899108886719 111.85675811767578 -30.21138381958008
v 133.48080444335938 110.43919372558594 -29.51307487487793
v 129.43962097167969 107.76938629150391 -27.89119911193848
v 107.49418640136719 110.87957763671875 13.82418346405029
v 111.48143005371094 103.39282989501953 -2.76253843307495
v 114.72737121582031 94.05551147460938 -18.66016578674316
v 117.15076446533203 83.22818756103516 -33.79281616210938
v 112.3128662109375 116.80796813964844 11.67737007141113
v 116.50770568847656 109.09257507324219 -5.70980215072632
v 119.95998382568359 99.39664459228516 -22.34713935852051
v 122.57923126220703 88.10288238525391 -38.15152359008789
v 116.91960906982422 121.94547271728516 9.95925235748291
v 121.28264617919922 114.03459930419922 -8.15206432342529
v 124.89837646484375 104.02823638916016 -25.46335029602051
v 127.66954040527344 92.32748413085938 -41.88399887084961
v 118.67305755615234 45.41220092773438 -73.8419189453125
v 124.53383636474609 48.46139526367188 -79.73578643798828
v 129.94293212890625 51.06990814208984 -84.89614868164062
v 134.78684997558594 53.12997817993164 -89.16773223876953
v 119.20485687255859 58.54595184326172 -61.45958709716797
v 124.95665740966797 62.25257873535156 -66.92897033691406
v 130.28907775878906 65.44721984863281 -71.69100189208984
v 135.09097290039062 68.00155639648438 -75.59613037109375
v 118.67033386230469 71.27147674560547 -48.08458709716797
v 124.27495574951172 75.59397125244141 -53.03984069824219
v 129.49885559082031 79.33345031738281 -57.32341384887695
v 134.2333984375 82.34211730957031 -60.79401779174805
v 54.6927375793457 63.91442108154297 -24.35413360595703
v 52.06447982788086 58.98519897460938 -32.88240814208984
v 49.01960754394531 54.09935760498047 -41.80915069580078
v 45.53367233276367 49.38839721679688 -50.89371871948242
v 54.90364837646484 55.76992797851562 -21.33554458618164
v 52.0945930480957 50.65988159179688 -29.92678070068359
v 48.86227416992188 45.59600448608398 -38.86382675170898
v 45.17745971679688 40.7075309753418 -47.89861679077148
v 55.09477615356445 47.49001693725586 -19.77326393127441
v 52.12782287597656 42.19838333129883 -28.35491180419922
v 48.73388671875 36.96555709838867 -37.19974136352539
v 44.88219833374023 31.91642189025879 -46.05831909179688
v 31.82472229003906 37.54602432250977 -76.48256683349609
v 30.88817596435547 28.14058685302734 -72.6005859375
v 30.14192581176758 18.90316200256348 -69.78716278076172
v 29.6789379119873 9.96048736572266 -68.09144592285156
v 37.05077743530273 40.99869918823242 -68.52243041992188
v 36.27653121948242 31.91215324401855 -65.14211273193359
v 35.64971923828125 22.8145694732666 -62.71022796630859
v 35.28860855102539 13.92171764373779 -61.34716796875
v 41.58224487304688 44.98384094238281 -59.89548873901367
v 41.01091766357422 36.12369155883789 -56.78308868408203
v 40.54197311401367 27.17587471008301 -54.68121337890625
v 40.31472396850586 18.38996124267578 -53.68533325195312
v 30.94876289367676 -13.6002197265625 -70.15443420410156
v 36.99820709228516 -9.42612457275391 -64.46532440185547
v 42.48453140258789 -4.60858917236328 -57.90962600708008
v 47.42763519287109 0.74178123474121 -50.66341781616211
v 29.98201179504395 -6.47581005096436 -68.23780822753906
v 35.84055328369141 -2.40054392814636 -62.20669937133789
v 41.14460754394531 2.27513027191162 -55.29874420166016
v 45.91955947875977 7.44124031066895 -47.72270202636719
v 29.59218215942383 1.43929624557495 -67.56256866455078
v 35.31144714355469 5.44937753677368 -61.17331695556641
v 40.46846771240234 10.01550960540771 -53.89091110229492
v 45.09708404541016 15.03271293640137 -45.96364593505859
v 59.19651412963867 18.88384628295898 -26.54271507263184
v 57.31699371337891 24.7716007232666 -23.05201721191406
v 56.12469863891602 31.69746971130371 -20.70872688293457
v 55.44287490844727 39.36806869506836 -19.59006881713867
v 55.76372909545898 12.59860420227051 -34.80387115478516
v 53.98200988769531 18.80216026306152 -31.39601135253906
v 52.89790725708008 25.98952293395996 -29.14600372314453
v 52.33773803710938 33.88137435913086 -28.11268997192383
v 51.8474006652832 6.51438093185425 -42.90280532836914
v 50.19078063964844 12.98781108856201 -39.68735122680664
v 49.23113632202148 20.39599418640137 -37.63982772827148
v 48.80124282836914 28.47616577148438 -36.79802703857422
v 18.51058387756348 30.72237396240234 -86.43769073486328
v 10.68123817443848 27.63223838806152 -88.28787994384766
v 2.67477655410767 25.6362361907959 -89.18162536621094
v -5.40451669692993 24.72353172302246 -89.30886077880859
v 17.72507667541504 21.69606781005859 -82.61622619628906
v 10.10673332214355 19.20788764953613 -85.01303863525391
v 2.14719724655151 17.52920341491699 -86.1885986328125
v -5.97824382781982 16.73246192932129 -86.36833953857422
v 17.02572250366211 12.71265888214111 -79.6519775390625
v 9.53896617889404 10.56551837921143 -82.26682281494141
v 1.67996227741241 9.13219165802002 -83.58351898193359
v -6.36613130569458 8.47398281097412 -83.78722381591797
v -29.22330665588379 28.24723243713379 -86.01898193359375
v -29.75650978088379 19.55659484863281 -81.93301391601562
v -29.88247299194336 11.03045177459717 -78.60893249511719
v -29.82030296325684 2.78365087509155 -76.17446136474609
v -21.41115188598633 26.07224464416504 -87.78054046630859
v -22.06560897827148 17.87413024902344 -84.32865905761719
v -22.30574607849121 9.5449743270874 -81.35553741455078
v -22.33292770385742 1.31378197669983 -79.09052276611328
v -13.45235919952393 24.88327026367188 -88.8594970703125
v -14.09435081481934 16.89009284973145 -85.77773284912109
v -14.41416931152344 8.65219306945801 -83.06310272216797
v -14.54138088226318 0.42696610093117 -80.96807098388672
v -30.31301498413086 -19.0345516204834 -75.50791931152344
v -22.71493911743164 -20.81048583984375 -78.52747344970703
v -14.7898473739624 -21.96650886535645 -80.57553100585938
v -6.69272804260254 -22.46183013916016 -81.61087799072266
v -29.91224670410156 -12.38810729980469 -74.49076843261719
v -22.44497871398926 -14.01579475402832 -77.52460479736328
v -14.6679744720459 -15.04785251617432 -79.55926513671875
v -6.73283386230469 -15.44072532653809 -80.55355834960938
v -29.78911972045898 -5.06895303726196 -74.75733947753906
v -22.34848785400391 -6.59042310714722 -77.76291656494141
v -14.60556507110596 -7.52820539474487 -79.7451171875
v -6.71215677261353 -7.82748985290527 -80.67498779296875
v 17.0809383392334 -19.57566452026367 -78.22850036621094
v 16.50000381469727 -12.38523197174072 -76.83440399169922
v 16.33159065246582 -4.49277257919312 -76.66835784912109
v 16.52404975891113 3.93031644821167 -77.63825988769531
v 9.39765644073486 -21.30719757080078 -80.47857666015625
v 9.00409698486328 -14.14381122589111 -79.24433898925781
v 8.91357231140137 -6.3279504776001 -79.21372985839844
v 9.10042381286621 1.9664671421051 -80.26259613037109
v 1.42143511772156 -22.25565528869629 -81.59229278564453
v 1.2088326215744 -15.15084266662598 -80.46632385253906
v 1.17993712425232 -7.43346452713013 -80.52356719970703
v 1.33642303943634 0.7197767496109 -81.61297607421875
v -43.34869766235352 32.72541046142578 -77.87080383300781
v -49.35942840576172 34.82801818847656 -71.58235931396484
v -54.6185188293457 37.5154914855957 -64.80770874023438
v -59.23097610473633 40.77557754516602 -57.69797897338867
v -43.54809951782227 23.84068489074707 -73.35830688476562
v -49.47105407714844 26.32095527648926 -67.31739044189453
v -54.75820159912109 29.25698471069336 -60.60619735717773
v -59.45479965209961 32.6916618347168 -53.45095062255859
v -43.45774841308594 15.29212093353271 -69.77608489990234
v -49.32128143310547 17.98921775817871 -63.85582733154297
v -54.59990310668945 21.12086486816406 -57.22844696044922
v -59.31698608398438 24.72983360290527 -50.11552429199219
v -69.91791534423828 53.83102798461914 -35.73966979980469
v -70.36916351318359 46.17593765258789 -31.19468116760254
v -70.32852935791016 38.62814331054688 -27.74027061462402
v -70.07624816894531 31.42276763916016 -25.41147422790527
v -66.85588073730469 48.95509719848633 -43.04535675048828
v -67.23619079589844 41.16844177246094 -38.6161003112793
v -67.15898895263672 33.49578094482422 -35.23462677001953
v -66.89290618896484 26.15711784362793 -32.95529556274414
v -63.30183410644531 44.59603118896484 -50.40432739257812
v -63.60609436035156 36.66791534423828 -46.07788848876953
v -63.49591064453125 28.85890579223633 -42.73864364624023
v -63.22330856323242 21.37614440917969 -40.46672821044922
v -70.85202026367188 14.21221446990967 -25.5291690826416
v -67.65254974365234 8.33897972106934 -33.25975799560547
v -63.97105026245117 2.93259978294373 -40.7992057800293
v -59.78168869018555 -1.99501073360443 -48.03119277954102
v -70.05774688720703 18.97969436645508 -24.27088165283203
v -66.86981964111328 13.36021900177002 -31.91704750061035
v -63.20391845703125 8.21185874938965 -39.43112182617188
v -59.0375862121582 3.54268169403076 -46.68513107299805
v -69.892578125 24.7949161529541 -24.24333190917969
v -66.70655822753906 19.37242698669434 -31.8325023651123
v -63.04032516479492 14.42674827575684 -39.34225845336914
v -58.87307739257812 9.96476554870605 -46.63623046875
v -43.90816116333008 -13.78609085083008 -66.71916198730469
v -43.31116485595703 -7.52007436752319 -65.59021759033203
v -43.15631103515625 -0.49418807029724 -65.79194641113281
v -43.2647819519043 7.15529870986938 -67.22151184082031
v -49.77606964111328 -10.36626815795898 -61.10749435424805
v -49.11371612548828 -4.32859468460083 -59.89688491821289
v -48.95208358764648 2.50843000411987 -60.01439666748047
v -49.08874893188477 9.99697875976562 -61.36553955078125
v -55.05863571166992 -6.43193578720093 -54.83939361572266
v -54.34835433959961 -0.63924396038055 -53.55112838745117
v -54.18400192260742 5.99336957931519 -53.57805252075195
v -54.34228134155273 13.30153179168701 -54.83291244506836
v -74.66511535644531 65.04649353027344 -21.76253128051758
v -76.33853912353516 71.23290252685547 -15.14965152740479
v -77.49649810791016 77.62991333007812 -8.70718383789062
v -78.10243988037109 84.10617065429688 -2.37510538101196
v -75.24014282226562 57.64265060424805 -16.98931503295898
v -76.96669006347656 63.94890594482422 -10.28136730194092
v -78.17325592041016 70.45622253417969 -3.76580023765564
v -78.82427215576172 77.02894592285156 2.61046934127808
v -75.27629852294922 50.33014678955078 -13.32784175872803
v -77.04277801513672 56.74736404418945 -6.50218772888184
v -78.29222106933594 63.35525131225586 0.12893451750278
v -78.99057769775391 70.01369476318359 6.60991954803467
v -76.24299621582031 102.69654083251953 16.55918121337891
v -77.08882141113281 95.78291320800781 21.43437957763672
v -77.43834686279297 88.8912353515625 25.59588432312012
v -77.55765533447266 82.34348297119141 29.07311630249023
v -77.51222229003906 96.77085113525391 10.19804954528809
v -78.31757354736328 89.82794189453125 15.15747165679932
v -78.59769439697266 82.92179870605469 19.29899978637695
v -78.63159942626953 76.3704833984375 22.64834976196289
v -78.11985778808594 90.5302734375 3.90662908554077
v -78.88422393798828 83.53140258789062 8.90053462982178
v -79.10375213623047 76.58258056640625 12.98514461517334
v -79.06681823730469 69.99540710449219 16.18191719055176
v -79.19517517089844 67.98344421386719 35.69356536865234
v -80.04665374755859 62.02619934082031 28.2005729675293
v -80.30144500732422 55.51993942260742 20.65982818603516
v -79.98727416992188 48.63000869750977 13.07236957550049
v -78.16998291015625 71.56761932373047 34.092529296875
v -79.07701873779297 65.6046142578125 27.07341194152832
v -79.37725830078125 59.1524772644043 19.9977970123291
v -79.09967041015625 52.36856842041016 12.85445690155029
v -77.71283721923828 76.46162414550781 31.89552116394043
v -78.69834899902344 70.49205780029297 25.23124694824219
v -79.06185913085938 64.08150482177734 18.51231575012207
v -78.83393096923828 57.3806266784668 11.71561527252197
v -75.90814208984375 27.31160163879395 -9.95987224578857
v -75.08950042724609 31.59971237182617 -9.09412574768066
v -74.90718841552734 37.04277801513672 -9.37222290039062
v -75.06739044189453 43.3748893737793 -10.78613376617432
v -77.76290893554688 34.36050033569336 -2.23852038383484
v -76.92684936523438 38.43484115600586 -1.68027818202972
v -76.72602844238281 43.71059036254883 -2.20354318618774
v -76.86360931396484 49.90800857543945 -3.81021070480347
v -79.13185882568359 41.52175140380859 5.43923902511597
v -78.27322387695312 45.41024017333984 5.63217544555664
v -78.04513549804688 50.54010009765625 4.81803226470947
v -78.15048980712891 56.61915588378906 2.98691534996033
v -71.57368469238281 113.07768249511719 29.73073387145996
v -68.15686798095703 117.44838714599609 36.45620727539062
v -64.04495239257812 121.33468627929688 43.08151245117188
v -59.25773239135742 124.78321838378906 49.46165466308594
v -72.50277709960938 106.12548828125 34.26042938232422
v -69.12435150146484 110.42402648925781 40.73451995849609
v -65.04153442382812 114.20285034179688 47.07846832275391
v -60.26870727539062 117.50855255126953 53.16416168212891
v -73.02348327636719 99.16034698486328 38.31624603271484
v -69.74467468261719 103.36545562744141 44.66897201538086
v -65.76596832275391 107.01163482666016 50.86321258544922
v -61.09812164306641 110.14443969726562 56.78380584716797
v -40.72276306152344 132.82438659667969 65.6270751953125
v -41.87228775024414 124.66040802001953 68.49076843261719
v -43.06555557250977 116.57861328125 71.67052459716797
v -44.32968902587891 108.81629180908203 75.20207214355469
v -47.65666198730469 130.5174560546875 60.89299392700195
v -48.69014358520508 122.78884887695312 64.02332305908203
v -49.73764038085938 114.96723175048828 67.32306671142578
v -50.83865737915039 107.38210296630859 70.84792327880859
v -53.81497955322266 127.84060668945312 55.45166397094727
v -54.82026290893555 120.38771820068359 58.86343765258789
v -55.75192260742188 112.80941772460938 62.31562805175781
v -56.68960952758789 105.45104217529297 65.86571502685547
v -48.89650344848633 89.86742401123047 88.27957153320312
v -55.02436828613281 89.06782531738281 83.27377319335938
v -60.47521209716797 87.87839508056641 77.62113189697266
v -65.25318145751953 86.21749877929688 71.421142578125
v -47.19857406616211 95.21135711669922 83.46709442138672
v -53.40090942382812 94.17101287841797 78.78163146972656
v -58.93663024902344 92.70787048339844 73.47523498535156
v -63.80603790283203 90.76125335693359 67.64640045166016
v -45.69182205200195 101.61075592041016 79.12108612060547
v -52.03271102905273 100.36289978027344 74.653564453125
v -57.71297073364258 98.65797424316406 69.5711669921875
v -62.72889709472656 96.45974731445312 63.97771072387695
v -75.59133148193359 77.58956146240234 50.5321159362793
v -74.41974639892578 81.39687347412109 48.00613403320312
v -73.75353240966797 86.47507476806641 45.15253067016602
v -73.36426544189453 92.50322723388672 41.93475723266602
v -72.80708312988281 81.15473175048828 57.77713012695312
v -71.54727935791016 85.17067718505859 54.81437683105469
v -70.75296783447266 90.42150115966797 51.66867828369141
v -70.22012329101562 96.59162139892578 48.30016708374023
v -69.36241912841797 84.00349426269531 64.77330780029297
v -68.00948333740234 88.27050018310547 61.39362716674805
v -67.07682800292969 93.73199462890625 57.97697448730469
v -66.38786315917969 100.08126831054688 54.48096466064453
v -24.80899429321289 133.87307739257812 71.86447143554688
v -16.16513824462891 132.8345947265625 73.2744140625
v -7.41769409179688 131.86567687988281 73.79035186767578
v 1.3239039182663 131.03605651855469 73.51945495605469
v -26.27932357788086 125.98442840576172 74.61766052246094
v -17.73015594482422 125.57659912109375 76.18898010253906
v -8.94515323638916 124.91871643066406 76.89158630371094
v -0.08468277007341 124.16713714599609 76.80083465576172
v -27.78911399841309 118.0047607421875 77.84310150146484
v -19.36878395080566 117.91690063476562 79.57901763916016
v -10.65872192382812 117.47732543945312 80.47653961181641
v -1.83266520500183 116.82268524169922 80.58206176757812
v 26.3541431427002 129.56411743164062 68.42044067382812
v 25.19948196411133 121.77236175537109 72.22719573974609
v 23.48007583618164 113.97061157226562 76.48139190673828
v 21.48069381713867 106.43343353271484 81.14586639404297
v 18.33552169799805 129.94465637207031 70.88653564453125
v 17.18460273742676 122.72304534912109 74.46697998046875
v 15.44147109985352 115.17381286621094 78.57038879394531
v 13.39542579650879 107.68168640136719 83.15119171142578
v 9.9502067565918 130.41551208496094 72.56886291503906
v 8.69089221954346 123.47827911376953 75.99208831787109
v 6.93564558029175 116.08967590332031 79.94197845458984
v 4.91372776031494 108.65483856201172 84.39369201660156
v 16.20526123046875 88.10749053955078 97.39199829101562
v 7.80890226364136 88.95742797851562 99.53325653076172
v -0.8192857503891 89.65065765380859 100.69159698486328
v -9.52643203735352 90.175537109375 100.88986206054688
v 17.66981887817383 93.23916625976562 91.59771728515625
v 9.4208517074585 94.29824066162109 93.62049865722656
v 0.89696675539017 95.14861297607422 94.748291015625
v -7.7437744140625 95.78284454345703 94.99496459960938
v 19.48612213134766 99.43537902832031 86.18349456787109
v 11.33579444885254 100.63140869140625 88.16386413574219
v 2.85440278053284 101.57891082763672 89.3223876953125
v -5.7898678779602 102.287353515625 89.66329193115234
v -34.59305191040039 90.62372589111328 95.95262145996094
v -32.79254150390625 96.26638031005859 90.58125305175781
v -31.04287719726562 102.88018798828125 85.79634094238281
v -29.36732292175293 110.21102905273438 81.56219482421875
v -26.56618499755859 90.67372131347656 98.49752807617188
v -24.74506187438965 96.36121368408203 92.89914703369141
v -22.90050315856934 102.97676086425781 87.90252685546875
v -21.08943748474121 110.2515869140625 83.47378540039062
v -18.15968894958496 90.52043914794922 100.15088653564453
v -16.34329032897949 96.19353485107422 94.37448120117188
v -14.4288330078125 102.76622772216797 89.19075012207031
v -12.50455856323242 109.95524597167969 84.56850433349609
v 39.57878875732422 126.02220916748047 61.6014404296875
v 44.55642318725586 122.75705718994141 57.42377471923828
v 48.71057891845703 119.37464904785156 52.81280517578125
v 52.17629623413086 115.90381622314453 47.86861801147461
v 38.70242691040039 118.06472778320312 65.77825927734375
v 44.03136825561523 115.25786590576172 61.70159530639648
v 48.56321334838867 112.15575408935547 57.17515182495117
v 52.39524459838867 108.85587310791016 52.2979850769043
v 37.33670043945312 110.28437042236328 70.20755004882812
v 43.00908279418945 107.781982421875 66.13832855224609
v 47.9229736328125 104.95361328125 61.58296203613281
v 52.1374626159668 101.88437652587891 56.64297485351562
v 59.36257171630859 105.15449523925781 32.13656997680664
v 60.36210250854492 98.36801147460938 36.62423706054688
v 60.98940277099609 91.74684143066406 40.57552337646484
v 61.4189567565918 85.60733795166016 43.98709869384766
v 57.47492599487305 108.78854370117188 37.40569686889648
v 58.27317810058594 101.95863342285156 41.905517578125
v 58.65810394287109 95.27987670898438 46.02648162841797
v 58.81474685668945 89.06716918945312 49.75602340698242
v 55.088623046875 112.37338256835938 42.69131469726562
v 55.62472915649414 105.45571136474609 47.16910552978516
v 55.71164703369141 98.65943145751953 51.41989135742188
v 55.54729461669922 92.30326843261719 55.42438888549805
v 63.26587677001953 73.24210357666016 50.95014190673828
v 59.76008224487305 76.35958099365234 58.47159957885742
v 55.50444412231445 79.00406646728516 65.77183532714844
v 50.53433227539062 81.23215484619141 72.71628570556641
v 62.38272094726562 76.03863525390625 49.17775726318359
v 59.1820182800293 79.29579925537109 55.99086380004883
v 55.2510986328125 82.17153167724609 62.61853790283203
v 50.61468887329102 84.69989013671875 68.93747711181641
v 61.82524108886719 80.26582336425781 46.85562896728516
v 58.92815017700195 83.63540649414062 53.08159255981445
v 55.3295783996582 86.70594787597656 59.16333389282227
v 51.04140853881836 89.49392700195312 64.98503112792969
v 31.69106483459473 85.98402404785156 90.06929779052734
v 32.71066665649414 90.52452850341797 84.81137084960938
v 34.1208381652832 96.25984954833984 79.74046325683594
v 35.72753143310547 102.93234252929688 74.86853790283203
v 38.59226608276367 84.66555786132812 84.99959564208984
v 39.32205581665039 88.84652709960938 80.15660858154297
v 40.43446350097656 94.27121734619141 75.38718414306641
v 41.72998046875 100.67218017578125 70.70864868164062
v 44.88515090942383 83.1004638671875 79.17040252685547
v 45.29753494262695 86.91493988037109 74.82440185546875
v 46.07551193237305 92.01579284667969 70.43083953857422
v 47.01776504516602 98.12227630615234 66.01020050048828
v 61.75139236450195 97.75949859619141 22.1470775604248
v 62.28945159912109 93.98115539550781 17.40828323364258
v 62.40264892578125 90.11878204345703 12.64914512634277
v 62.10049438476562 86.1497802734375 7.7264289855957
v 62.94738388061523 90.91950225830078 26.4765739440918
v 63.48421859741211 87.04930877685547 21.59492492675781
v 63.54247283935547 83.06090545654297 16.66502571105957
v 63.14109802246094 78.93861389160156 11.55459117889404
v 63.85681533813477 84.22474670410156 29.95200538635254
v 64.43357849121094 80.23184204101562 24.77595329284668
v 64.47647094726562 76.07774353027344 19.53537750244141
v 64.01357269287109 71.75748443603516 14.11402320861816
v 58.79714965820312 73.37702941894531 -9.4555778503418
v 59.36888885498047 65.61157989501953 -6.182776927948
v 59.8708610534668 57.75009918212891 -4.39722871780396
v 60.47856521606445 50.10615158081055 -4.004469871521
v 60.28822326660156 77.80150604248047 -3.18270206451416
v 61.03534317016602 70.22963714599609 0.26296949386597
v 61.68269348144531 62.59862899780273 2.26397514343262
v 62.40283203125 55.22830963134766 2.91220211982727
v 61.39251327514648 82.05155944824219 2.4968900680542
v 62.29906845092773 74.666748046875 6.13132572174072
v 63.07295608520508 67.26610565185547 8.39564323425293
v 63.88319396972656 60.17347717285156 9.37353515625
v 64.69102478027344 31.61495780944824 -10.2381010055542
v 66.72554016113281 37.87947845458984 -2.34099984169006
v 68.22208404541016 43.9823112487793 5.425612449646
v 69.133544921875 49.85271453857422 13.09146881103516
v 62.71315002441406 36.72502899169922 -7.01937675476074
v 64.75170135498047 42.54891586303711 0.51783639192581
v 66.28874206542969 48.20771789550781 7.80482244491577
v 67.27790069580078 53.65401458740234 14.89346885681152
v 61.36749649047852 42.99327850341797 -4.91000699996948
v 63.36831283569336 48.43846893310547 2.29952788352966
v 64.89878082275391 53.71273040771484 9.1486930847168
v 65.91640472412109 58.78922653198242 15.71212291717529
v 67.88636779785156 65.36185455322266 35.78185653686523
v 66.49446105957031 68.24378967285156 35.48828125
v 65.46748352050781 72.56371307373047 34.43441009521484
v 64.64255523681641 77.99842071533203 32.59679412841797
v 69.01278686523438 60.61322402954102 28.23985481262207
v 67.42713165283203 63.71945571899414 28.68332099914551
v 66.24324035644531 68.24155426025391 28.28034400939941
v 65.29931640625 73.85413360595703 26.99116134643555
v 69.41281890869141 55.4199333190918 20.68630790710449
v 67.67282867431641 58.84039688110352 21.8356761932373
v 66.37872314453125 63.64110565185547 22.0644645690918
v 65.36757659912109 69.49568176269531 21.31644248962402
v 42.92673110961914 109.39403533935547 -79.03150177001953
v 42.27450942993164 106.35601043701172 -84.28643798828125
v 41.32736968994141 103.52310180664062 -89.22110748291016
v 40.08171463012695 100.96051788330078 -93.68310546875
v 45.21761322021484 105.24294281005859 -73.26939392089844
v 44.33325958251953 101.9656982421875 -79.02402496337891
v 43.15555572509766 98.87615966796875 -84.56958770751953
v 41.70038986206055 96.04262542724609 -89.75733184814453
v 47.34364700317383 100.79558563232422 -66.24223327636719
v 46.21066284179688 97.26910400390625 -72.51393127441406
v 44.78265380859375 93.90924835205078 -78.69930267333984
v 43.08760833740234 90.79317474365234 -84.64250183105469
v 34.7753791809082 95.17366027832031 -103.38209533691406
v 36.00714492797852 89.54842376708984 -102.09786987304688
v 36.84097671508789 83.63067626953125 -99.66754913330078
v 37.19358825683594 77.36382293701172 -96.42243194580078
v 36.74493026733398 96.81383514404297 -100.74774169921875
v 38.06575393676758 91.36348724365234 -98.56717681884766
v 39.04855346679688 85.58888244628906 -95.23073577880859
v 39.62934112548828 79.43073272705078 -91.09221649169922
v 38.53397750854492 98.73343658447266 -97.52002716064453
v 39.98364639282227 93.53330230712891 -94.43842315673828
v 41.15350341796875 87.998046875 -90.18768310546875
v 41.99614715576172 82.06974029541016 -85.14551544189453
v 34.6719856262207 55.42568206787109 -84.81116485595703
v 38.7623405456543 58.04351425170898 -77.03572845458984
v 42.47484970092773 61.44284057617188 -68.77001190185547
v 45.80641555786133 65.39019012451172 -60.22682189941406
v 36.15718841552734 63.43719100952148 -88.73799896240234
v 39.43958282470703 65.72196197509766 -81.73252105712891
v 42.60722732543945 68.82607269287109 -74.12834930419922
v 45.55427932739258 72.49868774414062 -66.16548156738281
v 36.98169326782227 70.6912841796875 -92.69384002685547
v 39.74413681030273 72.82973480224609 -86.50541687011719
v 42.46418762207031 75.69039154052734 -79.68962860107422
v 45.02577972412109 79.07209777832031 -72.46028900146484
v 53.50457382202148 78.62364196777344 -35.06913757324219
v 52.38530349731445 84.96595764160156 -42.36347579956055
v 50.96223831176758 90.72806549072266 -50.30997085571289
v 49.27010345458984 95.98095703125 -58.42932891845703
v 51.31932830810547 74.10456848144531 -43.16135787963867
v 50.45621109008789 80.68276214599609 -50.08334732055664
v 49.3000602722168 86.69304656982422 -57.58640289306641
v 47.87638092041016 92.20022583007812 -65.215087890625
v 48.75392532348633 69.65208435058594 -51.61892700195312
v 48.17490386962891 76.48896026611328 -58.08391189575195
v 47.31282424926758 82.773681640625 -65.03118896484375
v 46.17847061157227 88.56190490722656 -72.04243469238281
v 13.314284324646 82.28697967529297 -107.74546813964844
v 15.791916847229 77.00659942626953 -108.57222747802734
v 18.18797492980957 72.13551330566406 -108.25059509277344
v 20.50986862182617 67.64913940429688 -106.93505096435547
v 17.13034248352051 84.85823822021484 -108.08655548095703
v 19.19969367980957 79.80925750732422 -109.30831146240234
v 21.24397087097168 75.17706298828125 -109.25806427001953
v 23.3189754486084 71.08448028564453 -108.19168853759766
v 20.39542388916016 87.07053375244141 -108.43414306640625
v 22.12788772583008 82.20487976074219 -109.81142425537109
v 23.69224548339844 77.86969757080078 -109.86551666259766
v 25.32963371276855 74.32444763183594 -109.01491546630859
v 27.68973731994629 56.38764572143555 -97.27339935302734
v 30.25137329101562 63.05884552001953 -99.80121612548828
v 31.79395484924316 69.38567352294922 -102.33336639404297
v 32.45969390869141 75.4483642578125 -104.59368133544922
v 25.10707855224609 59.76597213745117 -101.61602783203125
v 27.7756404876709 64.95613098144531 -103.6207275390625
v 29.46371269226074 70.23226928710938 -105.55194091796875
v 30.24720191955566 75.54702758789062 -107.20303344726562
v 22.76501083374023 63.52288055419922 -104.78005218505859
v 25.48051643371582 67.6544189453125 -106.36506652832031
v 27.28120040893555 71.82858276367188 -107.67809295654297
v 28.13705825805664 76.11219787597656 -108.73255157470703
v 30.53789520263672 92.61948394775391 -106.93417358398438
v 28.28273773193359 91.52136993408203 -107.92450714111328
v 25.87261390686035 90.33454895019531 -108.46677398681641
v 23.25951385498047 88.9029541015625 -108.61772918701172
v 31.70948028564453 87.04366302490234 -107.18220520019531
v 29.49239730834961 86.1708984375 -108.71710205078125
v 27.17853164672852 85.28678131103516 -109.61646270751953
v 24.7347469329834 84.07140350341797 -109.95599365234375
v 32.39080810546875 81.32715606689453 -106.30599212646484
v 30.20198631286621 80.85301208496094 -108.36734008789062
v 28.01808929443359 80.57213592529297 -109.54186248779297
v 25.84591293334961 79.80439758300781 -109.98832702636719
v -25.39445114135742 90.56157684326172 -107.44191741943359
v -27.55746459960938 84.58632659912109 -108.05987548828125
v -29.61856460571289 78.48332977294922 -107.36093902587891
v -31.29995918273926 72.27757263183594 -105.64690399169922
v -21.95281410217285 89.83148193359375 -108.02151489257812
v -24.01952362060547 84.14286804199219 -109.08773040771484
v -25.96315574645996 78.49889373779297 -108.84754180908203
v -27.4139232635498 72.92732238769531 -107.64329528808594
v -18.33168983459473 88.94703674316406 -108.29400634765625
v -20.42396545410156 83.60174560546875 -109.64202880859375
v -22.42918395996094 78.59442901611328 -109.64833831787109
v -23.76975631713867 73.91007232666016 -108.80069732666016
v -31.69220352172852 53.03638458251953 -97.4693603515625
v -26.32821655273438 57.06553649902344 -101.37757110595703
v -21.19607925415039 61.36358642578125 -104.31966400146484
v -16.25722885131836 65.95680999755859 -106.40902709960938
v -32.51350402832031 59.59343338012695 -100.38994598388672
v -27.66196823120117 62.14760589599609 -103.63896179199219
v -22.93869400024414 65.37992858886719 -106.07164001464844
v -18.41612815856934 69.26026916503906 -107.77021026611328
v -32.32384490966797 65.99404907226562 -103.21950531005859
v -28.00203323364258 67.45587921142578 -105.81732177734375
v -23.86809158325195 69.53366088867188 -107.58689880371094
v -20.03634262084961 72.42424774169922 -108.75394439697266
v -2.89824080467224 81.73418426513672 -107.43798065185547
v -7.00842475891113 84.09942626953125 -107.69377136230469
v -10.87542152404785 86.12687683105469 -108.03260040283203
v -14.61218929290771 87.76119232177734 -108.28812408447266
v -6.97599792480469 76.12485504150391 -108.16893768310547
v -10.32072067260742 78.74733734130859 -108.89649200439453
v -13.58121585845947 80.97762298583984 -109.46723175048828
v -16.90109062194824 82.65074920654297 -109.75708770751953
v -11.4730978012085 70.87147521972656 -107.759033203125
v -14.16671180725098 73.75851440429688 -108.81690216064453
v -16.62112045288086 76.32449340820312 -109.54420471191406
v -19.24053955078125 78.09471130371094 -109.85124969482422
v -24.05106163024902 43.1677131652832 -94.68491363525391
v -17.55200004577637 40.53555679321289 -94.88313293457031
v -10.68354511260986 39.10590744018555 -95.11455535888672
v -3.57170128822327 38.88576126098633 -95.29621887207031
v -19.55784034729004 49.08146667480469 -98.50156402587891
v -14.33990383148193 46.56742477416992 -98.06755828857422
v -8.56564998626709 45.05547332763672 -97.91171264648438
v -2.41145992279053 44.72116088867188 -97.95743560791016
v -14.94901847839355 54.52753448486328 -101.55350494384766
v -10.69870376586914 52.00157928466797 -100.79815673828125
v -6.14344835281372 50.20050048828125 -100.32376098632812
v -1.26306426525116 49.61763763427734 -100.20679473876953
v 17.78200912475586 45.51546859741211 -95.03777313232422
v 16.17706298828125 51.02720642089844 -98.96791839599609
v 14.47654342651367 56.07175064086914 -102.05834197998047
v 12.52357387542725 60.81214904785156 -104.37481689453125
v 10.83260440826416 42.09273529052734 -95.25963592529297
v 10.23376941680908 47.90961837768555 -98.45461273193359
v 9.2902946472168 53.06995391845703 -101.17432403564453
v 7.79187393188477 57.69609451293945 -103.34445190429688
v 3.65752673149109 39.88209915161133 -95.34517669677734
v 3.94630360603333 45.74007415771484 -98.12808990478516
v 3.96263456344604 50.74635314941406 -100.52373504638672
v 3.15270185470581 54.9557991027832 -102.42709350585938
v 4.46393346786499 74.57009887695312 -107.23052215576172
v -0.35360848903656 69.61246490478516 -106.743896484375
v -5.28863048553467 64.67185974121094 -105.63825225830078
v -10.200608253479 59.66973876953125 -103.90948486328125
v 7.45347213745117 69.9654541015625 -106.92207336425781
v 2.73462295532227 65.84002685546875 -105.97104644775391
v -2.0401771068573 61.53369140625 -104.71316528320312
v -6.60619592666626 56.95226287841797 -103.02875518798828
v 10.16128253936768 65.41142272949219 -105.98311614990234
v 5.52821683883667 61.91033172607422 -104.89061737060547
v 0.9626824259758 58.42329025268555 -103.73316955566406
v -3.07973504066467 54.62758636474609 -102.28585815429688
v -31.41481781005859 92.14692687988281 -105.24651336669922
v -33.93204116821289 93.22759246826172 -103.51750183105469
v -36.14675903320312 94.60470581054688 -101.25498199462891
v -38.07858276367188 96.35662078857422 -98.37448120117188
v -33.97362518310547 85.94376373291016 -104.60320281982422
v -36.74024200439453 87.09361267089844 -102.14919281005859
v -39.22603225708008 88.61757659912109 -99.17122650146484
v -41.44110488891602 90.56064605712891 -95.63919830322266
v -36.53561019897461 79.4512939453125 -102.60660552978516
v -39.60475158691406 80.63104248046875 -99.42434692382812
v -42.41035079956055 82.28318023681641 -95.72727966308594
v -44.94943237304688 84.41411590576172 -91.53181457519531
v -42.4414176940918 104.25848388671875 -86.03237152099609
v -46.61499786376953 99.13256072998047 -81.94537353515625
v -50.998046875 93.68344879150391 -76.40544128417969
v -55.38025665283203 87.90452575683594 -69.82482147216797
v -41.18911743164062 101.20171356201172 -90.6346435546875
v -45.11250686645508 95.82862854003906 -86.92439270019531
v -49.2312126159668 90.12296295166016 -81.78294372558594
v -53.34373474121094 84.08538055419922 -75.60703277587891
v -39.74710464477539 98.56169128417969 -94.79151916503906
v -43.39556884765625 92.96782684326172 -91.52296447753906
v -47.21902847290039 87.03028106689453 -86.85439300537109
v -51.02266311645508 80.75543975830078 -81.16377258300781
v -66.41876220703125 68.52268981933594 -47.96120071411133
v -63.64822387695312 63.99043655395508 -54.82970428466797
v -60.44183731079102 59.98105239868164 -61.69831848144531
v -56.78185653686523 56.51734924316406 -68.47011566162109
v -63.30092239379883 75.33077239990234 -55.19046401977539
v -60.74901580810547 71.01779937744141 -61.73622894287109
v -57.81003570556641 67.22187805175781 -68.21797180175781
v -54.47265243530273 63.96222686767578 -74.54695892333984
v -59.55131530761719 81.7891845703125 -62.61574935913086
v -57.24859619140625 77.71656036376953 -68.79340362548828
v -54.61165618896484 74.149658203125 -74.82904052734375
v -51.63401794433594 71.10324859619141 -80.63890838623047
v -42.72783279418945 50.07641983032227 -87.30374908447266
v -42.10138702392578 58.10501861572266 -91.66703033447266
v -40.77521133422852 65.59440612792969 -95.84621429443359
v -38.87729263305664 72.66851806640625 -99.57987976074219
v -47.98637008666992 51.43022155761719 -81.35269165039062
v -46.59354019165039 59.25665283203125 -86.37604522705078
v -44.6765251159668 66.72093963623047 -91.23880004882812
v -42.31902694702148 73.84008026123047 -95.67641448974609
v -52.65053558349609 53.62213516235352 -75.04818725585938
v -50.72555923461914 61.25809860229492 -80.63450622558594
v -48.30921936035156 68.59210968017578 -86.13925933837891
v -45.50349044799805 75.60639190673828 -91.26824951171875
v -44.52401733398438 111.54955291748047 -76.00582885742188
v -45.35599517822266 115.70887756347656 -70.57955932617188
v -46.00160598754883 120.13498687744141 -64.70392608642578
v -46.42573165893555 124.77114105224609 -58.2484130859375
v -49.06893157958984 107.02787780761719 -71.25340270996094
v -50.01033020019531 111.53418731689453 -65.53707885742188
v -50.71716690063477 116.31346893310547 -59.43351364135742
v -51.15631103515625 121.29117584228516 -52.83745956420898
v -53.84395599365234 102.17305755615234 -65.08399200439453
v -54.902587890625 107.0045166015625 -59.13974761962891
v -55.67496871948242 112.10848999023438 -52.8888053894043
v -56.12857818603516 117.39602661132812 -46.2429084777832
v -46.13055419921875 139.22476196289062 -34.60036849975586
v -50.6065559387207 136.57691955566406 -29.35618782043457
v -55.29167938232422 133.41798400878906 -23.2325382232666
v -59.97966384887695 129.72947692871094 -16.50475883483887
v -46.49720001220703 134.40959167480469 -43.20138549804688
v -51.1165657043457 131.52047729492188 -37.82544708251953
v -55.95941543579102 128.15284729003906 -31.45811462402344
v -60.80792999267578 124.28662872314453 -24.40953063964844
v -46.59326553344727 129.56051635742188 -51.08247756958008
v -51.29463195800781 126.39268493652344 -45.64364624023438
v -56.23088836669922 122.77817535400391 -39.11379241943359
v -61.17593002319336 118.69590759277344 -31.83345222473145
v -71.998046875 115.30175018310547 4.54994916915894
v -73.20942687988281 109.49468994140625 -2.27741551399231
v -73.80292510986328 103.43171691894531 -8.89491081237793
v -73.81480407714844 97.23502349853516 -15.36982917785645
v -68.53910827636719 120.68984985351562 -2.3381769657135
v -69.65074157714844 114.97768402099609 -9.50905323028564
v -70.18804168701172 109.04376220703125 -16.38347053527832
v -70.18563842773438 103.00521087646484 -23.02822685241699
v -64.46422576904297 125.49293518066406 -9.44819450378418
v -65.44432067871094 119.90162658691406 -16.98979949951172
v -65.9036865234375 114.12479400634766 -24.14316177368164
v -65.87422180175781 108.27447509765625 -30.97124099731445
v -70.7232666015625 79.06461334228516 -34.61210250854492
v -67.28874206542969 85.43087005615234 -42.26165390014648
v -63.17995834350586 91.39244079589844 -50.16933822631836
v -58.62299728393555 96.96720886230469 -57.9163818359375
v -72.23872375488281 84.92927551269531 -28.16112899780273
v -68.70083618164062 91.08226776123047 -35.89826583862305
v -64.47845458984375 96.79889678955078 -43.91238021850586
v -59.80216598510742 102.09954833984375 -51.7955322265625
v -73.28132629394531 91.02680969238281 -21.76946830749512
v -69.67819213867188 96.97920989990234 -29.5101375579834
v -65.38784027099609 102.46271514892578 -37.5369987487793
v -60.64265060424805 107.49869537353516 -45.45992660522461
v -44.55752182006836 148.37916564941406 -15.21955680847168
v -43.36361312866211 152.53587341308594 -4.79190587997437
v -41.924072265625 156.29371643066406 5.65136241912842
v -40.25838470458984 159.563720703125 15.75334358215332
v -48.52847671508789 146.0855712890625 -10.3579273223877
v -46.98590850830078 150.37110900878906 -0.13638159632683
v -45.16241455078125 154.25196838378906 10.12130165100098
v -43.09906387329102 157.65910339355469 20.08097457885742
v -52.67749786376953 143.21124267578125 -4.89830732345581
v -50.76614761352539 147.58847045898438 4.94585084915161
v -48.52870559692383 151.55436706542969 14.83089351654053
v -46.02275848388672 155.06015014648438 24.4489688873291
v -34.20703887939453 165.75978088378906 40.81907272338867
v -35.96960830688477 164.47250366210938 45.05633163452148
v -37.59458923339844 162.39720153808594 48.71738815307617
v -38.93236923217773 159.56742858886719 51.91390991210938
v -36.35341644287109 164.33511352539062 33.5999641418457
v -38.43932342529297 162.80708312988281 37.82627487182617
v -40.46686172485352 160.51321411132812 41.67645263671875
v -42.29766082763672 157.47796630859375 45.22103881835938
v -38.38601303100586 162.25697326660156 25.15713119506836
v -40.8369255065918 160.52337646484375 29.40855979919434
v -43.30586624145508 158.05697631835938 33.49223327636719
v -45.66096115112305 154.87269592285156 37.42792510986328
v -40.05549240112305 146.56756591796875 60.17313385009766
v -45.87593460083008 143.90740966796875 54.78500366210938
v -51.26492691040039 140.98870849609375 48.51945495605469
v -56.17455673217773 137.75234985351562 41.60495376586914
v -40.23014068603516 151.69892883300781 57.44509506225586
v -44.97818374633789 149.21592712402344 51.69020843505859
v -49.63731002807617 146.36683654785156 44.92811965942383
v -54.03783798217773 143.13455200195312 37.43848419189453
v -39.83332824707031 156.01676940917969 54.75758361816406
v -43.79342651367188 153.725830078125 48.53058242797852
v -47.77038192749023 150.98539733886719 41.23541641235352
v -51.59053421020508 147.80278015136719 33.1646614074707
v -67.57667541503906 125.65933227539062 19.10349655151367
v -64.45419311523438 130.98020935058594 13.1602144241333
v -60.81425094604492 135.6708984375 7.05160236358643
v -56.83072280883789 139.74380493164062 0.96847993135452
v -64.37120056152344 130.11856079101562 26.70573997497559
v -61.50010681152344 135.45518493652344 21.33504676818848
v -58.17599105834961 140.13920593261719 15.82346343994141
v -54.54821014404297 144.18037414550781 10.31304550170898
v -60.55690383911133 134.13926696777344 34.26996994018555
v -58.01004028320312 139.50198364257812 29.50096702575684
v -55.08024215698242 144.18527221679688 24.61091232299805
v -51.88172149658203 148.19932556152344 19.69061088562012
v -12.9893627166748 157.64205932617188 54.3366813659668
v -15.11311626434326 157.87344360351562 58.74272155761719
v -17.47930335998535 157.63957214355469 61.9710807800293
v -20.0722713470459 156.96913146972656 64.21573638916016
v -16.64642333984375 159.46380615234375 54.59644317626953
v -18.42887878417969 159.80628967285156 59.05928802490234
v -20.45534324645996 159.64372253417969 62.2230339050293
v -22.75997352600098 159.11927795410156 64.29087066650391
v -19.7588996887207 161.38674926757812 54.90402603149414
v -21.25358581542969 161.69767761230469 59.27761459350586
v -22.8194751739502 161.45079040527344 62.16914749145508
v -24.64732933044434 160.9857177734375 63.89494323730469
v -29.90267562866211 151.85348510742188 65.92662811279297
v -31.79388046264648 155.76121520996094 64.44559478759766
v -32.65824508666992 159.22097778320312 62.83672714233398
v -32.69556427001953 162.11407470703125 60.84928131103516
v -26.08777618408203 154.24034118652344 66.26467132568359
v -28.36776161193848 157.29609680175781 65.57528686523438
v -29.61395263671875 160.14524841308594 64.51348876953125
v -29.96940040588379 162.57701110839844 62.91170501708984
v -22.87637138366699 155.89079284667969 65.67064666748047
v -25.37695693969727 158.3760986328125 65.46600341796875
v -26.92790412902832 160.64201354980469 64.77130889892578
v -27.53190231323242 162.53559875488281 63.51369857788086
v -29.75874900817871 166.49528503417969 50.53507995605469
v -27.46065330505371 165.87689208984375 53.06560897827148
v -25.05640411376953 164.74656677246094 54.43968200683594
v -22.50336265563965 163.21348571777344 54.95368957519531
v -31.06714248657227 165.79763793945312 54.8424072265625
v -28.66492080688477 165.49951171875 57.3866081237793
v -26.25160980224609 164.66740417480469 58.71953582763672
v -23.79267311096191 163.37544250488281 59.22270202636719
v -32.10563659667969 164.32176208496094 58.23248291015625
v -29.57710647583008 164.38064575195312 60.60234451293945
v -27.19162368774414 163.90390014648438 61.62031936645508
v -24.94160842895508 162.91835021972656 61.92853927612305
v 17.64121627807617 160.9129638671875 40.20611572265625
v 20.74054145812988 159.8306884765625 44.65644836425781
v 23.85337829589844 158.0882568359375 48.29656982421875
v 26.66772842407227 155.760498046875 51.31982421875
v 14.95178413391113 160.73162841796875 42.98413467407227
v 17.93889427185059 159.99079895019531 47.36135101318359
v 20.88662910461426 158.627685546875 50.75486373901367
v 23.41861724853516 156.73881530761719 53.42777252197266
v 12.25294589996338 160.13301086425781 45.04573440551758
v 15.19560527801514 159.69094848632812 49.26675796508789
v 18.0521297454834 158.672119140625 52.23189544677734
v 20.30910491943359 157.2222900390625 54.40283584594727
v 30.32156562805176 146.23396301269531 58.83620452880859
v 25.57786560058594 149.3160400390625 59.28155136108398
v 20.81092834472656 151.630615234375 59.07384872436523
v 15.97861957550049 153.35763549804688 58.22064208984375
v 30.1833610534668 149.70335388183594 56.34269332885742
v 25.93524551391602 151.87814331054688 57.54611206054688
v 21.58633804321289 153.58428955078125 57.78549957275391
v 17.16671752929688 154.93173217773438 57.13168716430664
v 28.87156867980957 152.92219543457031 53.9195442199707
v 25.15849113464355 154.42068481445312 55.6431770324707
v 21.4531192779541 155.48727416992188 56.24126434326172
v 17.75680541992188 156.35990905761719 55.81505584716797
v 1.61724209785461 155.96133422851562 50.93151092529297
v 4.49100399017334 156.92469787597656 49.31248474121094
v 7.08911895751953 158.07778930664062 47.96333312988281
v 9.61021995544434 159.215576171875 46.62682723999023
v 6.18661594390869 155.55593872070312 54.37492752075195
v 8.41231536865234 156.74119567871094 53.12599182128906
v 10.48512172698975 157.94619750976562 51.93476867675781
v 12.66092300415039 158.98983764648438 50.68657302856445
v 11.03879261016846 154.67706298828125 56.72948837280273
v 12.70646286010742 156.03044128417969 55.65545272827148
v 14.07090854644775 157.27656555175781 54.46577835083008
v 15.67263507843018 158.22169494628906 53.28356170654297
v 23.6663990020752 141.8519287109375 63.73412322998047
v 17.16250991821289 141.32408142089844 65.83565521240234
v 10.06398487091064 141.31529235839844 67.40178680419922
v 2.56597542762756 141.76716613769531 68.43705749511719
v 19.90509605407715 145.83113098144531 62.65835952758789
v 14.76443672180176 145.16860961914062 64.25820922851562
v 8.83915233612061 145.00704956054688 65.60758972167969
v 2.38761830329895 145.33802795410156 66.59396362304688
v 15.74123001098633 148.76654052734375 61.6375846862793
v 11.62587738037109 148.05886840820312 62.98969650268555
v 6.95978355407715 147.70590209960938 64.2393798828125
v 1.84621739387512 147.85075378417969 65.16661834716797
v -20.219482421875 145.69917297363281 68.26772308349609
v -17.23794937133789 149.14567565917969 67.07286834716797
v -14.57120704650879 151.51931762695312 65.64763641357422
v -12.00641441345215 153.07679748535156 63.90408325195312
v -12.80942344665527 143.91842651367188 68.89927673339844
v -10.98492050170898 147.42976379394531 67.23336791992188
v -9.16641902923584 149.91036987304688 65.63225555419922
v -7.09921836853027 151.57546997070312 63.9493522644043
v -5.13638782501221 142.62130737304688 68.94596862792969
v -4.33173847198486 146.15306091308594 67.10481262207031
v -3.61156320571899 148.63655090332031 65.55141448974609
v -2.33358335494995 150.272216796875 64.08711242675781
v -3.99699807167053 154.94302368164062 56.04341888427734
v 1.08901929855347 153.89273071289062 57.83264541625977
v 6.22104978561401 152.59761047363281 59.31515884399414
v 11.17861270904541 150.93107604980469 60.56034851074219
v -6.63176155090332 154.65106201171875 59.15011596679688
v -1.7131267786026 153.33567810058594 59.97397994995117
v 3.20267510414124 151.92710876464844 60.8994140625
v 7.76567220687866 150.23249816894531 61.91010284423828
v -9.33075332641602 154.07485961914062 61.75428771972656
v -4.52866697311401 152.64024353027344 62.03805541992188
v 0.1444797962904 151.26052856445312 62.51325607299805
v 4.15264415740967 149.69573974609375 63.23024368286133
v 22.55270576477051 51.07575607299805 111.604248046875
v 13.29848098754883 50.2080078125 111.47846984863281
v 3.12608051300049 49.28195953369141 110.80866241455078
v -7.43868494033813 48.60032653808594 110.22388458251953
v 25.32151222229004 53.74826049804688 120.46113586425781
v 15.13682270050049 53.19755172729492 121.66873931884766
v 4.31166505813599 52.57423400878906 121.89312744140625
v -6.79245519638062 52.05966949462891 121.61105346679688
v 28.46928405761719 56.10454177856445 129.04496765136719
v 17.41628456115723 55.6541862487793 131.16055297851562
v 5.81285238265991 55.16823577880859 132.04380798339844
v -6.05098152160645 54.74162292480469 132.00216674804688
v -36.64994049072266 48.70307159423828 110.32497406005859
v -38.4688606262207 51.47168350219727 118.80947113037109
v -40.49532699584961 53.88710784912109 127.07096099853516
v -42.53570938110352 56.01481628417969 135.07389831542969
v -27.74729537963867 48.59465789794922 110.58929443359375
v -28.46786880493164 51.70465469360352 120.51352691650391
v -29.44741821289062 54.22614288330078 129.79116821289062
v -30.50617218017578 56.30773544311523 138.52006530761719
v -17.8700065612793 48.46581649780273 110.35317230224609
v -17.81401443481445 51.83522796630859 121.29928588867188
v -17.88518714904785 54.46928405761719 131.34309387207031
v -17.99959182739258 56.56440734863281 140.62989807128906
v -47.62455368041992 61.86593246459961 157.45414733886719
v -33.18407440185547 61.69816207885742 162.25199890136719
v -18.2764720916748 61.76940536499023 165.19680786132812
v -3.1910388469696 62.09160614013672 166.30545043945312
v -46.08876800537109 59.80386734008789 150.23150634765625
v -32.34820938110352 59.82046890258789 154.68789672851562
v -18.15081214904785 59.97077560424805 157.46247863769531
v -3.77013778686523 60.27579116821289 158.57667541503906
v -44.39633941650391 57.92028045654297 142.78274536132812
v -31.46433448791504 58.09809112548828 146.79811096191406
v -18.07332801818848 58.3170051574707 149.304931640625
v -4.4826512336731 58.61626434326172 150.35835266113281
v 40.23923110961914 64.68349456787109 158.78321838378906
v 37.72665405273438 62.28517913818359 152.05426025390625
v 34.8560905456543 60.21252822875977 144.8836669921875
v 31.7346134185791 58.23062515258789 137.22830200195312
v 26.35610961914062 63.53669738769531 163.08177185058594
v 24.44451904296875 61.42298126220703 155.88029479980469
v 22.25090789794922 59.56878280639648 148.20913696289062
v 19.87494468688965 57.72791290283203 139.99398803710938
v 11.78292274475098 62.67672348022461 165.59480285644531
v 10.52027797698975 60.75651931762695 158.05184936523438
v 9.04837226867676 59.03510665893555 150.0135498046875
v 7.45123147964478 57.25738525390625 141.37814331054688
v -50.68491744995117 46.88785552978516 103.51262664794922
v -56.40003204345703 44.81826782226562 96.70806884765625
v -62.30610275268555 42.43634796142578 88.89000701904297
v -68.6187744140625 40.037841796875 80.76420593261719
v -55.58064651489258 49.70457077026367 110.28085327148438
v -62.8394660949707 48.08304595947266 103.40284729003906
v -69.74147033691406 46.18436050415039 95.49964141845703
v -76.52287292480469 44.15687561035156 87.05085754394531
v -60.07882308959961 52.42104339599609 117.02402496337891
v -68.55061340332031 51.21099472045898 109.75027465820312
v -76.38051605224609 49.7390251159668 101.4141845703125
v -83.74707794189453 48.04720687866211 92.34416198730469
v -88.59906005859375 33.91024017333984 58.48010635375977
v -95.85360717773438 37.4619140625 61.04863357543945
v -103.17247009277344 41.23915100097656 62.68182754516602
v -110.27249908447266 45.36155700683594 63.54558181762695
v -82.43804168701172 35.92656326293945 65.63292694091797
v -90.00581359863281 39.9781379699707 69.890380859375
v -97.38448333740234 43.96374130249023 72.98272705078125
v -104.38650512695312 48.07858657836914 75.16639709472656
v -75.55368804931641 37.91851043701172 73.03639984130859
v -83.41994476318359 42.14896011352539 78.53610992431641
v -90.82888031005859 46.1776008605957 82.86859130859375
v -97.68621063232422 50.1953125 86.28667449951172
v -127.91094970703125 60.71696853637695 63.62003326416016
v -121.51165771484375 62.69035720825195 78.86841583251953
v -114.07673645019531 63.77201080322266 93.55202484130859
v -105.60448455810547 64.14639282226562 107.45049285888672
v -122.80412292480469 55.05058288574219 63.73854446411133
v -116.57405853271484 57.36176681518555 77.84312438964844
v -109.38672637939453 58.88156509399414 91.38327789306641
v -101.24836730957031 59.76409912109375 104.17673492431641
v -116.87049865722656 49.94873809814453 63.80577087402344
v -110.82436370849609 52.51789093017578 76.69783020019531
v -103.89768981933594 54.39298629760742 89.04319763183594
v -96.13033294677734 55.71127319335938 100.70760345458984
v -73.94696044921875 62.87068557739258 142.23176574707031
v -71.10524749755859 60.08772277832031 136.18772888183594
v -67.84609222412109 57.5309944152832 130.00570678710938
v -64.17034149169922 55.03170394897461 123.634765625
v -85.54126739501953 63.51125335693359 132.01069641113281
v -82.12239074707031 60.22347640991211 126.77787780761719
v -78.14870452880859 57.18473815917969 121.38976287841797
v -73.62364196777344 54.23419570922852 115.74702453613281
v -96.09321594238281 63.99798583984375 120.343505859375
v -92.16516876220703 60.16350173950195 116.04123687744141
v -87.56204986572266 56.61001205444336 111.55677032470703
v -82.29634857177734 53.18576812744141 106.73332977294922
v -94.90745544433594 27.62000846862793 43.07908630371094
v -95.30713653564453 23.03804588317871 34.26832962036133
v -95.48807525634766 17.81558418273926 24.58312797546387
v -95.99576568603516 12.20999145507812 14.38388919830322
v -103.33956146240234 30.2690258026123 42.12881088256836
v -105.04289245605469 25.48509216308594 31.95344543457031
v -106.13852691650391 20.14123153686523 21.38747596740723
v -107.02360534667969 14.41606998443604 10.61096668243408
v -111.47998809814453 33.59189224243164 40.81594848632812
v -113.98828125 28.63760375976562 29.38322639465332
v -115.70654296875 23.10934257507324 17.79998588562012
v -116.86495208740234 17.14195251464844 6.20322370529175
v -100.01298522949219 -4.41909742355347 -15.03938674926758
v -108.71424865722656 -3.54949808120728 -20.35473442077637
v -116.95722961425781 -2.30054998397827 -26.66685676574707
v -124.46726989746094 -0.53541249036789 -33.59328460693359
v -98.94304656982422 0.85708296298981 -5.95141458511353
v -108.83246612548828 2.4642174243927 -10.64682388305664
v -117.84158325195312 4.36567354202271 -16.32502174377441
v -125.85266876220703 6.7324857711792 -22.62163352966309
v -97.37570190429688 6.47863578796387 4.03102731704712
v -108.09525299072266 8.48823547363281 -0.19602937996387
v -117.69373321533203 10.87028312683105 -5.27005672454834
v -126.13450622558594 13.75448036193848 -10.8977689743042
v -140.77252197265625 8.681715965271 -54.6777229309082
v -143.06703186035156 17.68330001831055 -41.93617630004883
v -144.20530700683594 26.2450122833252 -28.25585556030273
v -144.20802307128906 34.23004531860352 -13.81389999389648
v -136.41973876953125 4.9548454284668 -47.87017059326172
v -138.49656677246094 13.38330841064453 -35.70204925537109
v -139.41175842285156 21.43014907836914 -22.66251754760742
v -139.21673583984375 28.97781562805176 -8.93536567687988
v -130.96971130371094 1.88276171684265 -40.75153732299805
v -132.748046875 9.73569965362549 -29.17225646972656
v -133.38099670410156 17.27053833007812 -16.7858715057373
v -132.97698974609375 24.38733673095703 -3.79428935050964
v -137.60928344726562 53.35706329345703 32.31022262573242
v -132.36749267578125 47.4375114440918 34.5650520324707
v -126.16196441650391 42.17926788330078 36.9187126159668
v -119.14776611328125 37.56863403320312 39.09455871582031
v -140.88935852050781 47.92287826538086 16.64628219604492
v -135.67231750488281 42.10223007202148 19.85434532165527
v -129.37538146972656 36.954345703125 23.22835540771484
v -122.11015319824219 32.46940994262695 26.49556159973145
v -143.09580993652344 41.50160598754883 1.21252691745758
v -137.96281433105469 35.90875244140625 5.29555702209473
v -131.6444091796875 30.98615074157715 9.60056686401367
v -124.20440673828125 26.72321701049805 13.85842609405518
v -95.50861358642578 -14.23461723327637 -28.12849426269531
v -89.70473480224609 -19.07538223266602 -32.68426895141602
v -82.94431304931641 -24.17363166809082 -37.45487213134766
v -75.93487548828125 -29.50125885009766 -42.73111724853516
v -103.224365234375 -15.43044757843018 -35.91835021972656
v -97.75978088378906 -21.30033111572266 -41.9305305480957
v -91.25394439697266 -27.16519927978516 -47.51274871826172
v -84.19803619384766 -32.992919921875 -53.01121520996094
v -110.68684387207031 -15.83248519897461 -44.03181076049805
v -105.27006530761719 -22.5574951171875 -51.04216766357422
v -98.7596435546875 -29.16272735595703 -57.31389999389648
v -91.47611999511719 -35.57881927490234 -63.12908172607422
v -57.06512069702148 -44.77626419067383 -60.64318084716797
v -62.05405426025391 -48.69144439697266 -69.34310913085938
v -66.54319763183594 -52.24666595458984 -78.60077667236328
v -70.58533477783203 -55.27111434936523 -88.13101196289062
v -63.14341735839844 -40.28145599365234 -54.99915313720703
v -69.7537841796875 -44.09826278686523 -64.36090087890625
v -75.45966339111328 -47.37813568115234 -74.00425720214844
v -80.42188262939453 -50.01493835449219 -83.7374267578125
v -69.38394927978516 -35.03015899658203 -48.80383682250977
v -77.08321380615234 -38.75134658813477 -58.77209854125977
v -83.74005126953125 -41.73640060424805 -68.76978302001953
v -89.49387359619141 -43.95329666137695 -78.67974090576172
v -80.27027893066406 -60.26206970214844 -115.99433135986328
v -91.824462890625 -53.59939956665039 -111.72608184814453
v -102.26682281494141 -46.0156135559082 -106.64881134033203
v -111.58305358886719 -37.69193649291992 -100.68183135986328
v -77.46786499023438 -59.24702835083008 -106.99073028564453
v -88.60102081298828 -53.08325958251953 -102.74806213378906
v -98.73397827148438 -46.03973770141602 -97.75218200683594
v -107.83647155761719 -38.29377365112305 -91.93924713134766
v -74.23321533203125 -57.59397506713867 -97.64864349365234
v -84.80124664306641 -51.90254592895508 -93.36860656738281
v -94.48408508300781 -45.37002182006836 -88.38484954833984
v -103.25722503662109 -38.18135833740234 -82.68135833740234
v -132.63221740722656 -10.09386444091797 -76.63589477539062
v -128.57583618164062 -12.57671451568604 -68.85684204101562
v -123.54330444335938 -14.37764263153076 -60.68111038208008
v -117.56888580322266 -15.47134017944336 -52.33175659179688
v -126.780029296875 -19.54982757568359 -85.75604248046875
v -122.80828857421875 -21.39434623718262 -77.58110809326172
v -117.89381408691406 -22.53781700134277 -68.94827270507812
v -112.04496765136719 -22.93921661376953 -60.04086685180664
v -119.75888824462891 -28.80959892272949 -93.74446868896484
v -115.87819671630859 -30.02267074584961 -85.24539947509766
v -111.09613037109375 -30.52151107788086 -76.24210357666016
v -105.3956298828125 -30.25267791748047 -66.88234710693359
v -42.37551498413086 -49.16401290893555 -65.89595794677734
v -33.21297836303711 -49.1671142578125 -65.79219055175781
v -23.11024284362793 -48.63405227661133 -65.71208953857422
v -12.51149082183838 -47.91882705688477 -66.26753234863281
v -44.314208984375 -54.14350509643555 -75.32826232910156
v -34.17011260986328 -54.98281097412109 -76.44342803955078
v -23.44777488708496 -55.02922439575195 -77.17640686035156
v -12.41072368621826 -54.54662322998047 -77.98656463623047
v -46.43500518798828 -58.63474655151367 -84.95293426513672
v -35.34684371948242 -60.06708526611328 -86.7520751953125
v -23.82975196838379 -60.55180358886719 -88.00022888183594
v -12.07907390594482 -60.2590446472168 -88.97265625
v 17.78244972229004 -45.65518188476562 -72.28716278076172
v 19.90419387817383 -50.6094970703125 -81.35533905029297
v 22.58297920227051 -55.16695404052734 -90.39404296875
v 25.65663909912109 -59.2672119140625 -99.240234375
v 8.38816070556641 -46.7166633605957 -70.33791351318359
v 9.54109764099121 -52.5614013671875 -80.64624786376953
v 11.33218288421631 -57.70905685424805 -90.54277038574219
v 13.56699848175049 -62.19760894775391 -99.99702453613281
v -1.86092221736908 -47.37545394897461 -68.07041931152344
v -1.32248330116272 -53.79889678955078 -79.333251953125
v -0.29013007879257 -59.35893630981445 -89.94456481933594
v 1.10323643684387 -64.12540435791016 -99.94288635253906
v 35.93425750732422 -68.41641235351562 -123.68946838378906
v 21.45246315002441 -71.98661041259766 -125.61666870117188
v 6.41027927398682 -74.23168182373047 -126.62952423095703
v -8.91835880279541 -75.15853881835938 -126.77249145507812
v 32.41720581054688 -65.90349578857422 -115.87693786621094
v 18.70586204528809 -69.32386016845703 -117.51058197021484
v 4.51383924484253 -71.52443695068359 -118.25069427490234
v -9.92181396484375 -72.51320648193359 -118.16355895996094
v 28.96302795410156 -62.84991073608398 -107.73086547851562
v 16.05113220214844 -66.06504058837891 -108.97849273681641
v 2.72469139099121 -68.16812896728516 -109.36670684814453
v -10.80657386779785 -69.18437194824219 -109.01326751708984
v -53.88353729248047 -70.09911346435547 -122.42641448974609
v -52.32212066650391 -68.22606658935547 -113.47184753417969
v -50.53973007202148 -65.71377563476562 -104.16171264648438
v -48.56710815429688 -62.52805709838867 -94.61554718017578
v -39.33920669555664 -73.0853271484375 -124.62648773193359
v -38.57634353637695 -70.87165832519531 -115.74026489257812
v -37.64658737182617 -67.99451446533203 -106.42268371582031
v -36.56504821777344 -64.40822601318359 -96.73841094970703
v -24.2595043182373 -74.77410888671875 -126.08998870849609
v -24.36406326293945 -72.29816436767578 -117.31546783447266
v -24.33293342590332 -69.13894653320312 -108.03589630126953
v -24.15765190124512 -65.24173736572266 -98.26094055175781
v 33.17128753662109 -39.56572341918945 -69.86618041992188
v 39.7281494140625 -34.36838150024414 -65.24040222167969
v 46.55482482910156 -28.42962837219238 -59.78530502319336
v 53.74997711181641 -22.22007369995117 -54.12729644775391
v 38.2700309753418 -43.26158142089844 -78.12267303466797
v 46.36672210693359 -37.87886428833008 -74.00611114501953
v 54.15080261230469 -31.80832290649414 -68.93603515625
v 61.7628288269043 -25.37607383728027 -63.33264541625977
v 43.15044784545898 -46.83638000488281 -86.36296844482422
v 52.35321807861328 -41.14657211303711 -82.354736328125
v 60.95664215087891 -34.76186752319336 -77.34778594970703
v 69.05171203613281 -27.92337036132812 -71.58943939208984
v 75.21723937988281 -5.10819816589355 -38.68282699584961
v 82.46421813964844 -6.06611013412476 -44.81706619262695
v 89.59765625 -6.417151927948 -50.53826141357422
v 96.37717437744141 -6.19385719299316 -55.94290924072266
v 68.8114013671875 -10.47988224029541 -43.82889938354492
v 76.40590667724609 -12.45486831665039 -51.52978897094727
v 83.68094635009766 -13.67965602874756 -58.37259292602539
v 90.50308990478516 -14.24446582794189 -64.59945678710938
v 61.4122428894043 -16.2103328704834 -48.89277648925781
v 69.34331512451172 -18.9082202911377 -57.61610412597656
v 76.72939300537109 -20.8721809387207 -65.32701110839844
v 83.55661010742188 -22.17764663696289 -72.28369140625
v 113.55390167236328 -2.3542149066925 -71.61094665527344
v 107.86248016357422 -12.63658618927002 -81.85714721679688
v 101.00619506835938 -22.72076416015625 -91.00365447998047
v 92.99445343017578 -32.4166145324707 -99.06654357910156
v 108.25439453125 -4.14213085174561 -66.28565979003906
v 102.49115753173828 -13.69387054443359 -76.13674163818359
v 95.59398651123047 -23.0706615447998 -84.91544342041016
v 87.60606384277344 -32.10134887695312 -92.64399719238281
v 102.56245422363281 -5.42876529693604 -61.12751388549805
v 96.73892974853516 -14.23951816558838 -70.45250701904297
v 89.81112670898438 -22.90004730224609 -78.74430847167969
v 81.87741088867188 -31.26428604125977 -86.05067443847656
v 62.12091064453125 -57.27291488647461 -116.91428375244141
v 57.44977188110352 -55.37142562866211 -109.66390228271484
v 52.70431518554688 -52.98282241821289 -102.18634033203125
v 47.92454147338867 -50.13013076782227 -94.43492126464844
v 73.54238128662109 -49.8828239440918 -112.00577545166016
v 68.51075744628906 -48.43136596679688 -105.01776885986328
v 63.30559539794922 -46.48568344116211 -97.81099700927734
v 57.92154693603516 -44.05451202392578 -90.28884887695312
v 83.83670806884766 -41.53401565551758 -106.0618896484375
v 78.57057952880859 -40.61479568481445 -99.34461975097656
v 73.03609466552734 -39.1861686706543 -92.41933441162109
v 67.18190002441406 -37.23842620849609 -85.13680267333984
# 3914 vertices

vn 0.24170561134815 -0.81431323289871 0.5277047753334
vn 0.22533583641052 -0.81944668292999 0.52700173854828
vn 0.23685666918755 -0.81157773733139 0.53407913446426
vn 0.25099658966064 -0.80882090330124 0.53179836273193
vn 0.19618539512157 -0.82714504003525 0.5266330242157
vn 0.21028020977974 -0.81728929281235 0.53648895025253
vn 0.16024389863014 -0.83518242835999 0.52611047029495
vn 0.17294538021088 -0.824746966362 0.53840720653534
vn 0.11607217043638 -0.8427626490593 0.52562183141708
vn 0.12290197610855 -0.83199393749237 0.54100012779236
vn 0.24637694656849 -0.8078521490097 0.53541880846024
vn 0.25968766212463 -0.80485743284225 0.53363543748856
vn 0.22266614437103 -0.81313937902451 0.53779566287994
vn 0.18428580462933 -0.82083034515381 0.54062581062317
vn 0.12479569762945 -0.82816052436829 0.54642122983932
vn 0.25210839509964 -0.80837404727936 0.53195184469223
vn 0.26473674178123 -0.80472660064697 0.5313469171524
vn 0.23190894722939 -0.81368434429169 0.53304415941238
vn 0.19661942124367 -0.8224623799324 0.53375685214996
vn 0.11863636225462 -0.83192294836044 0.54206055402756
vn 0.25204417109489 -0.81408625841141 0.5231990814209
vn 0.26533418893814 -0.80920517444611 0.52419918775558
vn 0.23377330601215 -0.82018089294434 0.52216219902039
vn 0.20317471027374 -0.83146941661835 0.51708668470383
vn 0.08860182017088 -0.86834353208542 0.4879849255085
vn -0.06582669913769 -0.85612863302231 0.51255303621292
vn -0.08760644495487 -0.84699642658234 0.52433013916016
vn -0.03613281995058 -0.84238255023956 0.53766721487045
vn -0.02712411805987 -0.85557192564011 0.51697289943695
vn -0.11629579216242 -0.83558088541031 0.53691703081131
vn -0.05636996030807 -0.83149164915085 0.552669942379
vn -0.14264777302742 -0.82746177911758 0.54310095310211
vn -0.08044585585594 -0.82414430379868 0.56063765287399
vn -0.16568896174431 -0.82441031932831 0.54119753837585
vn -0.10374318063259 -0.82176631689072 0.56030118465424
vn 0.01649837195873 -0.83956652879715 0.54300624132156
vn 0.02210677228868 -0.85306686162949 0.5213331580162
vn -0.00025353647652 -0.8304854631424 0.55704027414322
vn -0.02552409283817 -0.82460922002792 0.56512671709061
vn -0.05199412629008 -0.82256180047989 0.56629383563995
vn 0.06835417449474 -0.83678430318832 0.54324918985367
vn 0.06887709349394 -0.84877330064774 0.52425163984299
vn 0.05806478857994 -0.83095073699951 0.55330765247345
vn 0.03192963823676 -0.83026814460754 0.55644881725311
vn -0.00413930416107 -0.83104676008224 0.5561870932579
vn -0.28088837862015 -0.81296736001968 0.51008409261703
vn -0.26339256763458 -0.81290513277054 0.5194319486618
vn -0.20482516288757 -0.82173556089401 0.53178691864014
vn -0.25177678465843 -0.81998723745346 0.51403248310089
vn -0.23969106376171 -0.81826364994049 0.52248710393906
vn -0.17029297351837 -0.82695859670639 0.53585427999496
vn -0.21725144982338 -0.82974278926849 0.51412910223007
vn -0.14392700791359 -0.83829134702682 0.52588266134262
vn -0.20193287730217 -0.84501069784164 0.49515655636787
vn -0.12917831540108 -0.85451048612595 0.5031151175499
vn -0.16070339083672 -0.82502269744873 0.54176741838455
vn -0.21773360669613 -0.82467329502106 0.52202105522156
vn -0.11695019155741 -0.82871878147125 0.54730957746506
vn -0.08550330996513 -0.83962559700012 0.53639352321625
vn -0.07148622721434 -0.8589164018631 0.50710189342499
vn -0.1284658908844 -0.82352262735367 0.55254590511322
vn -0.18918892741203 -0.82486456632614 0.53273445367813
vn -0.0790601298213 -0.82549905776978 0.55883878469467
vn -0.04098839685321 -0.83502495288849 0.54868322610855
vn -0.02514504827559 -0.86150801181793 0.50712096691132
vn -0.21622203290462 -0.86515408754349 0.45250016450882
vn -0.19075487554073 -0.87313461303711 0.44860738515854
vn -0.15973307192326 -0.87615138292313 0.4548012316227
vn -0.20854252576828 -0.86564940214157 0.45514959096909
vn -0.1625097990036 -0.88474959135056 0.43681660294533
vn -0.1254910826683 -0.88571453094482 0.44694718718529
vn -0.13787694275379 -0.89705097675323 0.41986846923828
vn -0.10107184201479 -0.89577853679657 0.43285709619522
vn -0.11567505449057 -0.9078871011734 0.40293952822685
vn -0.08187759667635 -0.90471661090851 0.41807171702385
vn -0.13998563587666 -0.87488651275635 0.46365681290627
vn -0.20034512877464 -0.86400640010834 0.46190345287323
vn -0.09650680422783 -0.88383036851883 0.45774486660957
vn -0.06821375340223 -0.89296823740006 0.44492092728615
vn -0.05086832866073 -0.90085941553116 0.43112027645111
vn -0.12869794666767 -0.86828798055649 0.47907495498657
vn -0.1967027336359 -0.85770905017853 0.47501921653748
vn -0.07637801766396 -0.87618017196655 0.47589361667633
vn -0.0388445481658 -0.88543969392776 0.46312814950943
vn -0.01712219230831 -0.89480060338974 0.44613751769066
vn -0.03846855089068 -0.93553322553635 0.35113781690598
vn -0.02748724073172 -0.93477845191956 0.35416623950005
vn -0.03129644691944 -0.92478603124619 0.37919822335243
vn -0.04882935807109 -0.93015742301941 0.36389952898026
vn -0.01113823056221 -0.93395912647247 0.35720625519752
vn -0.01135545130819 -0.92139828205109 0.3884536921978
vn 0.00999735295773 -0.93371254205704 0.3578839302063
vn 0.01307327859104 -0.91938698291779 0.39313700795174
vn 0.037174500525 -0.9345850944519 0.35379195213318
vn 0.04439132288098 -0.91928189992905 0.3910885155201
vn -0.04379222542048 -0.91769969463348 0.39485374093056
vn -0.06848222762346 -0.92372536659241 0.37688413262367
vn -0.01935888081789 -0.91269868612289 0.40817442536354
vn 0.01037734095007 -0.90901762247086 0.41662847995758
vn 0.05191428214312 -0.9077912569046 0.4161970615387
vn -0.062584400177 -0.91164094209671 0.40619450807571
vn -0.09238512814045 -0.91655969619751 0.3890800178051
vn -0.03454258292913 -0.90663212537766 0.42050561308861
vn -0.00158546259627 -0.9017590880394 0.43223601579666
vn 0.06088798865676 -0.89907735586166 0.43353500962257
vn 0.1130798086524 -0.94654071331024 0.3021152317524
vn 0.12722145020962 -0.9408717751503 0.3139665722847
vn 0.11796098947525 -0.93230360746384 0.34189930558205
vn 0.10413667559624 -0.94373881816864 0.31386712193489
vn 0.15222135186195 -0.93351894617081 0.32460913062096
vn 0.13990834355354 -0.92369419336319 0.35667169094086
vn 0.18206904828548 -0.92553877830505 0.33200731873512
vn 0.16854882240295 -0.9163407087326 0.36319547891617
vn 0.21095858514309 -0.91736733913422 0.33754053711891
vn 0.19753532111645 -0.90961652994156 0.36548265814781
vn 0.10111929476261 -0.92614591121674 0.36335742473602
vn 0.08781010657549 -0.94010555744171 0.32937958836555
vn 0.12197169661522 -0.91563361883163 0.38306397199631
vn 0.15110659599304 -0.90801954269409 0.3907265663147
vn 0.1822759360075 -0.90268462896347 0.38978964090347
vn 0.07636334002018 -0.92158436775208 0.38059282302856
vn 0.06520906835794 -0.93676257133484 0.34383672475815
vn 0.09377675503492 -0.90979564189911 0.40432393550873
vn 0.12267702817917 -0.90075922012329 0.41663318872452
vn 0.16088822484016 -0.89524334669113 0.41551691293716
vn 0.27021658420563 -0.88574838638306 0.37740263342857
vn 0.26706638932228 -0.88145846128464 0.38949525356293
vn 0.2513881623745 -0.88766342401505 0.38582071661949
vn 0.26220387220383 -0.89158940315247 0.3692119717598
vn 0.26302456855774 -0.87528997659683 0.40581464767456
vn 0.24331216514111 -0.88202440738678 0.40352469682693
vn 0.25989800691605 -0.86776274442673 0.42360454797745
vn 0.23755207657814 -0.87428134679794 0.42332151532173
vn 0.25953203439713 -0.85797262191772 0.44331261515617
vn 0.23653234541416 -0.86309683322906 0.44622445106506
vn 0.23692998290062 -0.89483672380447 0.37832707166672
vn 0.25026372075081 -0.89987152814865 0.35721036791801
vn 0.22502821683884 -0.88936370611191 0.39798814058304
vn 0.21612226963043 -0.88117265701294 0.42050671577454
vn 0.21505354344845 -0.86691355705261 0.44968089461327
vn 0.22046747803688 -0.90253305435181 0.369902998209
vn 0.23398119211197 -0.90880066156387 0.3454478085041
vn 0.20650587975979 -0.89677542448044 0.39134281873703
vn 0.19313398003578 -0.88914769887924 0.41486829519272
vn 0.19133545458317 -0.86876785755157 0.45676377415657
vn 0.27893766760826 -0.82753527164459 0.48721566796303
vn 0.2726748585701 -0.82608532905579 0.49318504333496
vn 0.25995361804962 -0.83207851648331 0.48996886610985
vn 0.27414861321449 -0.83147114515305 0.48321664333344
vn 0.26757508516312 -0.82188314199448 0.50290322303772
vn 0.25272130966187 -0.82873028516769 0.49933758378029
vn 0.26506277918816 -0.81589621305466 0.51386290788651
vn 0.25037032365799 -0.8222376704216 0.5111163854599
vn 0.24992163479328 -0.84005999565125 0.48149597644806
vn 0.26798036694527 -0.83844000101089 0.47455760836601
vn 0.23778979480267 -0.8374964594841 0.49199157953262
vn 0.23240318894386 -0.83023774623871 0.50664979219437
vn 0.24132016301155 -0.85052329301834 0.46730577945709
vn 0.26252534985542 -0.84740549325943 0.46150225400925
vn 0.22337371110916 -0.85020762681961 0.47670873999596
vn 0.20888897776604 -0.84376013278961 0.49440285563469
vn -0.10281450301409 0.78418797254562 -0.61194640398026
vn -0.03610738366842 0.78066891431808 -0.6239008307457
vn -0.33322638273239 0.77323561906815 -0.53950613737106
vn -0.39978587627411 0.75281554460526 -0.52291494607925
vn 0.02966023050249 0.76893258094788 -0.63864153623581
vn -0.2656484246254 0.78680056333542 -0.55711376667023
vn 0.09079714864492 0.74894869327545 -0.6563777923584
vn -0.19873417913914 0.79294645786285 -0.57596933841705
vn 0.14314936101437 0.72127020359039 -0.67770022153854
vn -0.13582307100296 0.79134410619736 -0.5960927605629
vn -0.49039581418037 0.72848093509674 -0.47835913300514
vn -0.54757881164551 0.69608044624329 -0.46435925364494
vn -0.43093952536583 0.75614351034164 -0.492481559515
vn -0.36979100108147 0.77871382236481 -0.50681293010712
vn -0.30892390012741 0.79566138982773 -0.52104598283768
vn -0.57720500230789 0.68513315916061 -0.44432750344276
vn -0.6264591217041 0.64713442325592 -0.43447217345238
vn -0.52496927976608 0.72017174959183 -0.45360770821571
vn -0.46977838873863 0.75211292505264 -0.46220609545708
vn -0.41266569495201 0.78051114082336 -0.46958431601524
vn -0.62916266918182 0.64867925643921 -0.42821675539017
vn -0.67217463254929 0.60810679197311 -0.42235925793648
vn -0.58222168684006 0.687992811203 -0.43322488665581
vn -0.53143090009689 0.72579056024551 -0.43681713938713
vn -0.47686749696732 0.76182115077972 -0.43843576312065
vn 0.18283951282501 0.56444716453552 -0.8049653172493
vn 0.02135490253568 0.72377598285675 -0.68970447778702
vn 0.00250747753307 0.74633747339249 -0.66556298732758
vn 0.20695568621159 0.6055800318718 -0.76840233802795
vn -0.09515696018934 0.81300795078278 -0.57442420721054
vn -0.14063005149364 0.81471633911133 -0.56254822015762
vn -0.17117431759834 0.85895758867264 -0.48258805274963
vn -0.23232148587704 0.84459614753723 -0.48237335681915
vn -0.21900038421154 0.88186699151993 -0.41755178570747
vn -0.28965333104134 0.85654574632645 -0.42711862921715
vn -0.03183020278811 0.76675528287888 -0.64114987850189
vn 0.2056941986084 0.64756363630295 -0.73372423648834
vn -0.19247163832188 0.81318646669388 -0.54925626516342
vn -0.29330375790596 0.82678389549255 -0.48000138998032
vn -0.35611721873283 0.82760787010193 -0.43387293815613
vn -0.07930398732424 0.78232824802399 -0.61779725551605
vn 0.18284107744694 0.68694108724594 -0.70333570241928
vn -0.24940811097622 0.80704891681671 -0.53522670269012
vn -0.35379227995872 0.80539041757584 -0.47558104991913
vn -0.41847875714302 0.79586118459702 -0.43758487701416
vn -0.27309092879295 0.88479459285736 -0.37757098674774
vn -0.35781183838844 0.84354168176651 -0.40050980448723
vn -0.35696163773537 0.85324341058731 -0.38020271062851
vn -0.27339762449265 0.89331090450287 -0.35672023892403
vn -0.43395274877548 0.79727554321289 -0.41956722736359
vn -0.43193084001541 0.80833226442337 -0.40004342794418
vn -0.50114035606384 0.74867272377014 -0.43399021029472
vn -0.49815449118614 0.76110082864761 -0.41541257500648
vn -0.55975145101547 0.69973957538605 -0.44389501214027
vn -0.5565037727356 0.71325725317001 -0.42610746622086
vn -0.34657242894173 0.85848969221115 -0.37799870967865
vn -0.26554521918297 0.89570963382721 -0.35663709044456
vn -0.4195998609066 0.81680452823639 -0.39593735337257
vn -0.4846987426281 0.77280253171921 -0.40968698263168
vn -0.5428414940834 0.72782349586487 -0.41904178261757
vn -0.3252699971199 0.85993993282318 -0.39332270622253
vn -0.24844650924206 0.89247471094131 -0.37651455402374
vn -0.39551028609276 0.82342106103897 -0.40687760710716
vn -0.45931336283684 0.78447198867798 -0.41669520735741
vn -0.51757282018662 0.74395996332169 -0.42266052961349
vn -0.72186124324799 0.5229360461235 -0.45327061414719
vn -0.72244673967361 0.5351956486702 -0.43776288628578
vn -0.68992960453033 0.57651036977768 -0.4377589225769
vn -0.69093906879425 0.5628154873848 -0.45369800925255
vn -0.71534568071365 0.55324524641037 -0.42684918642044
vn -0.68032562732697 0.59517741203308 -0.42769253253937
vn -0.69958716630936 0.57728749513626 -0.42109015583992
vn -0.66128486394882 0.61893582344055 -0.42381682991982
vn -0.65169125795364 0.62032598257065 -0.43645635247231
vn -0.65397447347641 0.60599559545517 -0.45286503434181
vn -0.64006251096725 0.63854652643204 -0.42729189991951
vn -0.6181954741478 0.66085648536682 -0.42556205391884
vn -0.60751235485077 0.66604197025299 -0.4328011572361
vn -0.61045891046524 0.6518651843071 -0.44990193843842
vn -0.59449899196625 0.68284195661545 -0.42461487650871
vn -0.57049566507339 0.70257496833801 -0.42535054683685
vn 0.13826721906662 0.52867746353149 -0.83748573064804
vn 0.02413905225694 0.70298969745636 -0.7107902765274
vn 0.08244936913252 0.50200325250626 -0.86092674732208
vn 0.01406321674585 0.68756091594696 -0.72599053382874
vn 0.02058023773134 0.48621514439583 -0.8735967874527
vn -0.0033874749206 0.67952489852905 -0.73364466428757
vn -0.04278337582946 0.48208341002464 -0.87508010864258
vn -0.0236466769129 0.67981189489365 -0.73300516605377
vn -0.05991545319557 0.809426009655 -0.58415722846985
vn -0.03603310510516 0.80597215890884 -0.59085577726364
vn -0.0191687848419 0.80479609966278 -0.59324181079864
vn -0.00559789640829 0.80696874856949 -0.59056758880615
vn -0.11547789722681 0.86871087551117 -0.48167032003403
vn -0.06914383172989 0.8742778301239 -0.4804762005806
vn -0.02900054305792 0.87777215242386 -0.47819977998734
vn 0.00775884045288 0.88038396835327 -0.47419807314873
vn -0.15065251290798 0.90054035186768 -0.4078369140625
vn -0.09012692421675 0.91190659999847 -0.40037912130356
vn -0.03520495444536 0.91819936037064 -0.39455106854439
vn 0.01637686602771 0.92080461978912 -0.3896801173687
vn -0.25209310650826 0.56562197208405 -0.78518843650818
vn -0.06053724884987 0.7518704533577 -0.65652579069138
vn -0.06412201374769 0.7261803150177 -0.68450748920441
vn -0.21004270017147 0.53302210569382 -0.81961542367935
vn 0.08335590362549 0.84238159656525 -0.53239554166794
vn 0.04921408370137 0.8320671916008 -0.55248719453812
vn 0.17896741628647 0.88074344396591 -0.4384765625
vn 0.12613017857075 0.88426315784454 -0.44963303208351
vn 0.24091260135174 0.89567786455154 -0.37379437685013
vn 0.17614513635635 0.9093245267868 -0.37696394324303
vn -0.05716362968087 0.70441806316376 -0.70747971534729
vn -0.16029547154903 0.50694823265076 -0.84694087505341
vn 0.02539855241776 0.82156276702881 -0.56955200433731
vn 0.08238661289215 0.88425588607788 -0.45967814326286
vn 0.11930224299431 0.91687035560608 -0.38094061613083
vn -0.04270939156413 0.68839466571808 -0.72407782077789
vn -0.10396720468998 0.48936831951141 -0.86585766077042
vn 0.00816696416587 0.81273245811462 -0.58257985115051
vn 0.04393203556538 0.88261014223099 -0.46804839372635
vn 0.06701283156872 0.92038530111313 -0.38522738218307
vn 0.33162748813629 0.89092481136322 -0.3102839589119
vn 0.24340482056141 0.92008966207504 -0.30690234899521
vn 0.23901942372322 0.92498916387558 -0.29540601372719
vn 0.32361704111099 0.89689564704895 -0.30141374468803
vn 0.16562701761723 0.93718379735947 -0.30700844526291
vn 0.16334567964077 0.94200247526169 -0.29317155480385
vn 0.09442681819201 0.94599330425262 -0.31012934446335
vn 0.09326306730509 0.95120829343796 -0.29411694407463
vn 0.02634750306606 0.94834232330322 -0.31615287065506
vn 0.02560499869287 0.9541363120079 -0.29827553033829
vn 0.22774812579155 0.92533051967621 -0.3031405210495
vn 0.30745357275009 0.90008491277695 -0.30873844027519
vn 0.15603126585484 0.94082862138748 -0.30082505941391
vn 0.08916992694139 0.94936466217041 -0.30125653743744
vn 0.02418595179915 0.95219224691391 -0.3045406639576
vn 0.20805178582668 0.92093759775162 -0.32952746748924
vn 0.28124886751175 0.90033155679703 -0.3321176469326
vn 0.14234332740307 0.9334282875061 -0.32931751012802
vn 0.08110083639622 0.94017511606216 -0.33089780807495
vn 0.02143814601004 0.94220840930939 -0.33434069156647
vn -0.18972361087799 0.92310410737991 -0.33449032902718
vn -0.18878629803658 0.91544622182846 -0.35541236400604
vn -0.18442490696907 0.92346864938736 -0.33644178509712
vn -0.17220363020897 0.91677522659302 -0.36037358641624
vn -0.11342012137175 0.94135278463364 -0.31779056787491
vn -0.11249952018261 0.93432694673538 -0.3381966650486
vn -0.11035796254873 0.9404748082161 -0.32144716382027
vn -0.10302799940109 0.93166571855545 -0.34840229153633
vn -0.04243645817041 0.95109647512436 -0.30596512556076
vn -0.04168546199799 0.94468063116074 -0.3253318965435
vn -0.04153807833791 0.94948315620422 -0.31105670332909
vn -0.03917681053281 0.93961936235428 -0.33997145295143
vn -0.27945524454117 0.60192275047302 -0.7480600476265
vn -0.04133486747742 0.77799183130264 -0.626913189888
vn -0.28581172227859 0.63909184932709 -0.71405410766602
vn -0.00341341784224 0.80045866966248 -0.59937828779221
vn -0.27215588092804 0.67484998703003 -0.68593633174896
vn 0.05144998058677 0.81626808643341 -0.57537752389908
vn -0.24097202718258 0.70685088634491 -0.66505205631256
vn 0.11881069839001 0.82273429632187 -0.55587077140808
vn 0.13019922375679 0.84940779209137 -0.51142412424088
vn 0.1890235543251 0.84992343187332 -0.49183359742165
vn 0.2568356692791 0.84192150831223 -0.47455617785454
vn 0.32836645841599 0.8246676325798 -0.4605418741703
vn 0.24089244008064 0.87150192260742 -0.4271477162838
vn 0.30845546722412 0.85512268543243 -0.41667780280113
vn 0.37843981385231 0.83105993270874 -0.40758144855499
vn 0.44630205631256 0.80020076036453 -0.40061601996422
vn 0.31189632415771 0.87466216087341 -0.37106168270111
vn 0.38402834534645 0.84664785861969 -0.36838781833649
vn 0.45400887727737 0.81229019165039 -0.36614292860031
vn 0.518630027771 0.77335739135742 -0.36461105942726
vn -0.02769095636904 0.75486397743225 -0.65529656410217
vn 0.39827847480774 0.75014168024063 -0.52788418531418
vn 0.34055402874947 0.77941852807999 -0.52586096525192
vn -0.08051455020905 0.75814545154572 -0.64709573984146
vn 0.56328928470612 0.69658428430557 -0.44438222050667
vn 0.52033984661102 0.73127168416977 -0.44100806117058
vn 0.64121490716934 0.65544009208679 -0.39905095100403
vn 0.60816419124603 0.68887734413147 -0.39444184303284
vn 0.68660515546799 0.62455713748932 -0.37215828895569
vn 0.65995812416077 0.65537428855896 -0.36734148859978
vn 0.27017802000046 0.80338758230209 -0.53063386678696
vn -0.13940259814262 0.75057923793793 -0.64590841531754
vn 0.46464204788208 0.76662075519562 -0.4431708753109
vn 0.56368786096573 0.72618937492371 -0.39357969164848
vn 0.62280625104904 0.69211381673813 -0.36481612920761
vn 0.19374288618565 0.81843835115433 -0.54094582796097
vn -0.19524289667606 0.73284530639648 -0.65178060531616
vn 0.39908650517464 0.79888623952866 -0.4500118792057
vn 0.50887924432755 0.76439440250397 -0.39590790867805
vn 0.57542300224304 0.73235976696014 -0.36405700445175
vn 0.77854865789413 0.54093724489212 -0.31819635629654
vn 0.7610439658165 0.56423753499985 -0.32007503509521
vn 0.74181538820267 0.58420878648758 -0.32925671339035
vn 0.75994497537613 0.55996429920197 -0.33003568649292
vn 0.73390120267868 0.5982478260994 -0.32169646024704
vn 0.7141986489296 0.61816960573196 -0.32830876111984
vn 0.69598394632339 0.64143198728561 -0.32275584340096
vn 0.67622697353363 0.66026741266251 -0.3267477452755
vn 0.64611756801605 0.69157803058624 -0.32288068532944
vn 0.6266747713089 0.70852637290955 -0.32445207238197
vn 0.72059619426727 0.60503125190735 -0.33864194154739
vn 0.74037563800812 0.57906067371368 -0.34136888384819
vn 0.69124644994736 0.63963359594345 -0.33622497320175
vn 0.65173578262329 0.68113100528717 -0.33361807465553
vn 0.60118353366852 0.72747892141342 -0.33068525791168
vn 0.6947905421257 0.62813186645508 -0.35030919313431
vn 0.71721762418747 0.5999601483345 -0.35446670651436
vn 0.66242051124573 0.66374659538269 -0.34733194112778
vn 0.61991268396378 0.70476871728897 -0.34497728943825
vn 0.56688010692596 0.74895238876343 -0.34309950470924
vn 0.4113821387291 0.85748469829559 -0.30900597572327
vn 0.42361891269684 0.84925091266632 -0.31515061855316
vn 0.39053818583488 0.8647655248642 -0.31569057703018
vn 0.35878258943558 0.87097835540771 -0.3356662094593
vn 0.49307203292847 0.81073403358459 -0.31557935476303
vn 0.50879389047623 0.79955583810806 -0.3191225528717
vn 0.46909132599831 0.82244920730591 -0.32176166772842
vn 0.43425273895264 0.83473664522171 -0.33858427405357
vn 0.56534796953201 0.75989025831223 -0.32085573673248
vn 0.5835987329483 0.74558800458908 -0.32173138856888
vn 0.53987765312195 0.77568846940994 -0.3268631696701
vn 0.50432759523392 0.79327988624573 -0.34111675620079
vn 0.00033833197085 0.74600237607956 -0.6659432053566
vn 0.43441528081894 0.72396332025528 -0.53587353229523
vn -0.01084805931896 0.73903453350067 -0.67358022928238
vn 0.44428464770317 0.70859134197235 -0.54818749427795
vn -0.06115792319179 0.73635220527649 -0.67382872104645
vn 0.42878982424736 0.70610970258713 -0.56351429224014
vn -0.14573863148689 0.73829644918442 -0.65854275226593
vn 0.3881174325943 0.71784651279449 -0.57798033952713
vn 0.59011501073837 0.66855746507645 -0.45254307985306
vn 0.59999048709869 0.65168595314026 -0.46402242779732
vn 0.59457522630692 0.64665627479553 -0.47782421112061
vn 0.57459837198257 0.65431725978851 -0.49163568019867
vn 0.66163152456284 0.62979638576508 -0.40694007277489
vn 0.66975039243698 0.6144317984581 -0.41702279448509
vn 0.66715556383133 0.60943531990051 -0.42835980653763
vn 0.65473508834839 0.61522507667542 -0.43911275267601
vn 0.70281928777695 0.60195028781891 -0.37907901406288
vn 0.70954614877701 0.58863174915314 -0.38737189769745
vn 0.70801389217377 0.58455991744995 -0.39623978734016
vn 0.69888651371002 0.59004229307175 -0.40423730015755
vn -0.53275388479233 0.78135687112808 -0.32504567503929
vn 0.01465372554958 0.88922733068466 -0.45723080635071
vn 0.12336072325706 0.83475410938263 -0.5366262793541
vn -0.46172443032265 0.76410347223282 -0.45050686597824
vn 0.34930619597435 0.82620120048523 -0.44201439619064
vn 0.42415788769722 0.76340395212173 -0.48713910579681
vn 0.51078176498413 0.7612047791481 -0.39958629012108
vn 0.55929243564606 0.70612281560898 -0.43426096439362
vn 0.59712272882462 0.71625012159348 -0.36115130782127
vn 0.6301441192627 0.66940832138062 -0.39346015453339
vn 0.23019458353519 0.78461694717407 -0.57566195726395
vn -0.3635316491127 0.75211310386658 -0.54970043897629
vn 0.48866009712219 0.71246361732483 -0.50359398126602
vn 0.60025727748871 0.66300714015961 -0.44733956456184
vn 0.6592658162117 0.63210070133209 -0.40720665454864
vn 0.32140326499939 0.74440515041351 -0.58528703451157
vn -0.25236999988556 0.74378573894501 -0.61894434690475
vn 0.5394726395607 0.67592364549637 -0.50209206342697
vn 0.63247299194336 0.63274711370468 -0.44677624106407
vn 0.68250560760498 0.6056781411171 -0.4090721309185
vn 0.72403037548065 0.63725370168686 -0.26398450136185
vn 0.74159705638886 0.60186904668808 -0.2962894141674
vn 0.72435891628265 0.61336976289749 -0.31477245688438
vn 0.70675832033157 0.64865583181381 -0.2823797762394
vn 0.75843995809555 0.57103157043457 -0.31415235996246
vn 0.74149936437607 0.58290773630142 -0.332260876894
vn 0.77278876304626 0.54697978496552 -0.32188606262207
vn 0.75592428445816 0.55971831083298 -0.33954951167107
vn 0.78354805707932 0.53054851293564 -0.32337394356728
vn 0.76668930053711 0.54432016611099 -0.3404453098774
vn 0.70281088352203 0.62698948383331 -0.33606714010239
vn 0.68302887678146 0.66419124603271 -0.30384451150894
vn 0.72174888849258 0.5956124663353 -0.35259652137756
vn 0.7374262213707 0.5723397731781 -0.35864990949631
vn 0.74894446134567 0.55745822191238 -0.35822126269341
vn 0.67322450876236 0.64487791061401 -0.36180266737938
vn 0.649054646492 0.68561977148056 -0.32962641119957
vn 0.69589549303055 0.61125218868256 -0.37696188688278
vn 0.71431797742844 0.58693599700928 -0.3811246752739
vn 0.7276337146759 0.57197421789169 -0.37867492437363
vn 0.77023959159851 0.54471153020859 -0.33169311285019
vn 0.78821641206741 0.52709472179413 -0.31762564182281
vn 0.75190788507462 0.56178045272827 -0.34501767158508
vn 0.73060262203217 0.58022844791412 -0.35993722081184
vn 0.77435404062271 0.53698939085007 -0.33469119668007
vn 0.79178458452225 0.5207411646843 -0.31922683119774
vn 0.75669568777084 0.55240243673325 -0.34966143965721
vn 0.73626846075058 0.56894451379776 -0.36634814739227
vn 0.77302229404449 0.53678822517395 -0.33807525038719
vn 0.79004609584808 0.52185034751892 -0.32171323895454
vn 0.75555521249771 0.55088424682617 -0.35448956489563
vn 0.7351291179657 0.56609082221985 -0.37299647927284
vn -0.57079899311066 0.79863750934601 -0.19070035219193
vn -0.08106054365635 0.93378502130508 -0.34853228926659
vn -0.57905477285385 0.81271809339523 -0.06469037383795
vn -0.15451849997044 0.96029752492905 -0.23227728903294
vn -0.5620824098587 0.82556861639023 0.04999796673656
vn -0.20256385207176 0.97214967012405 -0.11786801367998
vn -0.5245423913002 0.83777946233749 0.1515943557024
vn -0.22491948306561 0.97427886724472 -0.01385399326682
vn 0.26915460824966 0.88807362318039 -0.37266752123833
vn 0.19000698626041 0.9373477101326 -0.29202151298523
vn 0.11823456734419 0.97148597240448 -0.20551297068596
vn 0.06100510060787 0.99076145887375 -0.12112031131983
vn 0.45530912280083 0.81924384832382 -0.3486160337925
vn 0.39405450224876 0.87146973609924 -0.29199576377869
vn 0.32969895005226 0.91523468494415 -0.23161180317402
vn 0.2681145966053 0.94798982143402 -0.17155148088932
vn 0.55873066186905 0.76613289117813 -0.31758537888527
vn 0.51290720701218 0.81354057788849 -0.27400341629982
vn 0.46068224310875 0.8570471405983 -0.230742380023
vn 0.40369111299515 0.89518046379089 -0.18890595436096
vn -0.26198986172676 0.86944508552551 0.41883957386017
vn -0.15025280416012 0.95496714115143 0.25585508346558
vn -0.18290543556213 0.9598548412323 0.21266011893749
vn -0.33540597558022 0.86464691162109 0.37401670217514
vn -0.03477577120066 0.99273699522018 0.11516907066107
vn -0.02560515888035 0.99670028686523 0.0770251005888
vn 0.06784329563379 0.99767726659775 0.0061109457165
vn 0.11084754765034 0.99357384443283 -0.02288743294775
vn 0.15071688592434 0.98592460155487 -0.07236757129431
vn 0.21708488464355 0.97202980518341 -0.08962272107601
vn -0.20988588035107 0.96568667888641 0.15296143293381
vn -0.40660408139229 0.85786283016205 0.31423643231392
vn -0.00917835440487 0.99967777729034 0.02366661094129
vn 0.15773695707321 0.98541271686554 -0.06388149410486
vn 0.28106933832169 0.95262378454208 -0.11622388660908
vn -0.22560206055641 0.97119164466858 0.0767497420311
vn -0.47118267416954 0.84881955385208 0.23977546393871
vn 0.01917580701411 0.99886047840118 -0.0437038987875
vn 0.21076433360577 0.97077435255051 -0.1147849932313
vn 0.34344136714935 0.92710512876511 -0.15008020401001
vn 0.30686044692993 0.93510985374451 -0.17721800506115
vn 0.41075155138969 0.89690214395523 -0.16385868191719
vn 0.38906133174896 0.90609431266785 -0.16620570421219
vn 0.29002234339714 0.94070613384247 -0.17595161497593
vn 0.49291267991066 0.8559051156044 -0.15640805661678
vn 0.46924749016762 0.8679626584053 -0.16262710094452
vn 0.55717933177948 0.81566876173019 -0.15567809343338
vn 0.53339886665344 0.82952809333801 -0.16543501615524
vn 0.60754245519638 0.777563393116 -0.16213382780552
vn 0.58547455072403 0.79153943061829 -0.17517103254795
vn 0.35157185792923 0.92306554317474 -0.15603612363338
vn 0.25946089625359 0.95254701375961 -0.1591671705246
vn 0.42909869551659 0.88906002044678 -0.15951979160309
vn 0.49373030662537 0.85301506519318 -0.16910274326801
vn 0.54847764968872 0.81546539068222 -0.18490128219128
vn 0.29550841450691 0.94623321294785 -0.13159576058388
vn 0.21378226578236 0.96875929832458 -0.12570825219154
vn 0.36828723549843 0.91830283403397 -0.14520490169525
vn 0.43289369344711 0.88620364665985 -0.16506414115429
vn 0.49134558439255 0.84986704587936 -0.19053992629051
vn 0.6864982843399 0.68465286493301 -0.24488887190819
vn 0.70403099060059 0.67290699481964 -0.2270165681839
vn 0.66007828712463 0.7027633190155 -0.26536840200424
vn 0.62095135450363 0.728511095047 -0.28929409384727
vn 0.66019666194916 0.7197607755661 -0.2146737575531
vn 0.67880535125732 0.70721828937531 -0.19765031337738
vn 0.63044518232346 0.74046456813812 -0.23291853070259
vn 0.58527845144272 0.77038437128067 -0.25289732217789
vn 0.62729847431183 0.7548400759697 -0.19160643219948
vn 0.64725703001022 0.74166238307953 -0.17605462670326
vn 0.59392923116684 0.77762460708618 -0.20627179741859
vn 0.54253911972046 0.81067901849747 -0.22011537849903
vn -0.18945057690144 0.87301325798035 0.44939550757408
vn -0.11325608193874 0.9521050453186 0.28402298688889
vn -0.11900214850903 0.87578302621841 0.46780610084534
vn -0.07231505960226 0.95134502649307 0.29952150583267
vn -0.0507670789957 0.87778282165527 0.47636127471924
vn -0.03033002279699 0.95219653844833 0.3039767742157
vn 0.01568600162864 0.87901699542999 0.47653239965439
vn 0.01069491356611 0.95440196990967 0.29833284020424
vn -0.03504063561559 0.98964750766754 0.13917592167854
vn -0.02550898119807 0.98820894956589 0.15097144246101
vn -0.01179946493357 0.98841571807861 0.1513115465641
vn 0.00177610118408 0.99006545543671 0.14059619605541
vn 0.03474621102214 0.99911558628082 0.02368090301752
vn 0.01515826396644 0.99940383434296 0.03101981431246
vn 0.00198949524201 0.99961113929749 0.02781329117715
vn -0.010582735762 0.99984616041183 0.0139895202592
vn 0.09176860004663 0.99378937482834 -0.06293819099665
vn 0.04728830978274 0.99706661701202 -0.06018310785294
vn 0.01044515706599 0.99776458740234 -0.06600512564182
vn -0.0250976216048 0.99638199806213 -0.08119737356901
vn 0.27233389019966 0.8768453001976 0.39620271325111
vn 0.11900497227907 0.97879368066788 0.16673566401005
vn 0.10778991132975 0.96981561183929 0.21872122585773
vn 0.20980824530125 0.87802124023438 0.43018507957458
vn -0.03973873332143 0.99894708395004 -0.0229255259037
vn -0.00190743221901 0.99928247928619 0.03782751038671
vn -0.17360749840736 0.97352904081345 -0.14866629242897
vn -0.10180343687534 0.99044036865234 -0.09308039397001
vn -0.27615681290627 0.93554610013962 -0.22020642459393
vn -0.18512909114361 0.96635407209396 -0.17856942117214
vn 0.08258729428053 0.96300661563873 0.2565104663372
vn 0.14569787681103 0.87909507751465 0.45383253693581
vn 0.01214244496077 0.9963504076004 0.08448941260576
vn -0.05603527650237 0.99733299016953 -0.04676459729671
vn -0.11666730046272 0.98340326547623 -0.13894888758659
vn 0.04904645308852 0.95795238018036 0.28270429372787
vn 0.08099827170372 0.87946045398712 0.46902936697006
vn 0.01127327606082 0.9928827881813 0.11856064200401
vn -0.02797356061637 0.9995504617691 -0.01078665629029
vn -0.06541409343481 0.99223560094833 -0.10578044503927
vn -0.46874770522118 0.84915542602539 -0.24333250522614
vn -0.36443695425987 0.89768159389496 -0.24769626557827
vn -0.33987814188004 0.90427577495575 -0.25839546322823
vn -0.44541418552399 0.85643535852432 -0.26100695133209
vn -0.26512241363525 0.93310910463333 -0.24293507635593
vn -0.24214316904545 0.93830543756485 -0.24687972664833
vn -0.1717177182436 0.9571253657341 -0.23328955471516
vn -0.15295226871967 0.9606009721756 -0.23205888271332
vn -0.08256683498621 0.97154223918915 -0.2220097631216
vn -0.06989365071058 0.97361767292023 -0.21721774339676
vn -0.30249005556107 0.91896134614944 -0.25300163030624
vn -0.40727025270462 0.87369114160538 -0.26607277989388
vn -0.20975238084793 0.94963216781616 -0.2328147739172
vn -0.12865483760834 0.96881473064423 -0.21176850795746
vn -0.05566981062293 0.97958981990814 -0.19314423203468
vn -0.25149485468864 0.94040930271149 -0.22886829078197
vn -0.35211795568466 0.900554895401 -0.25497815012932
vn -0.16798032820225 0.96554654836655 -0.19875235855579
vn -0.09927467256784 0.98023772239685 -0.17110964655876
vn -0.04047525301576 0.98803400993347 -0.14883060753345
vn 0.18691954016685 0.96452844142914 -0.1864028275013
vn 0.19673904776573 0.961749792099 -0.19060699641705
vn 0.16667690873146 0.97218644618988 -0.16453659534454
vn 0.13541477918625 0.98295044898987 -0.12438328564167
vn 0.09514782577753 0.97620815038681 -0.19484487175941
vn 0.09737127274275 0.97474938631058 -0.20095385611057
vn 0.08643753826618 0.98163849115372 -0.17004247009754
vn 0.07078093290329 0.98950272798538 -0.12599347531796
vn 0.01116518303752 0.97877883911133 -0.20461511611938
vn 0.00570481643081 0.97745609283447 -0.2110617607832
vn 0.0141735682264 0.98373419046402 -0.17907033860683
vn 0.01419250573963 0.99092346429825 -0.13367605209351
vn 0.329071611166 0.87717068195343 0.34969058632851
vn 0.11096628010273 0.98894345760345 0.09837335348129
vn 0.37411588430405 0.88132184743881 0.28863313794136
vn 0.07822474837303 0.99685430526733 0.01274187769741
vn 0.40146517753601 0.89136570692062 0.2104586660862
vn 0.01398822572082 0.99593067169189 -0.08903054893017
vn 0.40422794222832 0.907619535923 0.11325447261333
vn -0.08236913383007 0.97677481174469 -0.19780364632607
vn -0.1032954826951 0.98987996578217 -0.09730213880539
vn -0.18980510532856 0.96493494510651 -0.18131339550018
vn -0.29663169384003 0.91694289445877 -0.26688072085381
vn -0.41067036986351 0.84588491916656 -0.34033599495888
vn -0.26642870903015 0.94060045480728 -0.21044367551804
vn -0.36849641799927 0.88866811990738 -0.27290910482407
vn -0.47277021408081 0.81761801242828 -0.32861688733101
vn -0.56767404079437 0.73556983470917 -0.36970686912537
vn -0.3790747821331 0.8875327706337 -0.26189279556274
vn -0.4788713157177 0.82426774501801 -0.30210089683533
vn -0.57033741474152 0.74963718652725 -0.3357966542244
vn -0.64846307039261 0.67090284824371 -0.35970124602318
vn 0.08270604908466 0.91145831346512 -0.40299305319786
vn -0.54558479785919 0.69691580533981 -0.46545207500458
vn -0.45781934261322 0.77252638339996 -0.4400050342083
vn 0.20577470958233 0.9384873509407 -0.2773052752018
vn -0.72111314535141 0.54256772994995 -0.43083190917969
vn -0.67897772789001 0.59423857927322 -0.43112617731094
vn -0.77990728616714 0.47727677226067 -0.40490919351578
vn -0.75386130809784 0.51666688919067 -0.40589213371277
vn -0.80588269233704 0.44844475388527 -0.3865881562233
vn -0.78817969560623 0.48236072063446 -0.38223141431808
vn -0.33876830339432 0.85760450363159 -0.38697609305382
vn 0.30754098296165 0.94137436151505 -0.13868267834187
vn -0.61174166202545 0.669109582901 -0.4219768345356
vn -0.71036869287491 0.57573390007019 -0.40485396981239
vn -0.7569585442543 0.53186142444611 -0.379654109478
vn -0.20525288581848 0.93092304468155 -0.30208200216293
vn 0.37468272447586 0.92714303731918 -0.00432034721598
vn -0.51935166120529 0.75887566804886 -0.39291429519653
vn -0.64761066436768 0.65197461843491 -0.39437237381935
vn -0.71072638034821 0.59610360860825 -0.37353524565697
vn -0.80758172273636 0.47775310277939 -0.34577986598015
vn -0.80185782909393 0.51138210296631 -0.30905079841614
vn -0.81108045578003 0.48616254329681 -0.32526060938835
vn -0.81810557842255 0.45387557148933 -0.35312911868095
vn -0.7880711555481 0.54765963554382 -0.28109207749367
vn -0.79515886306763 0.52421224117279 -0.30483421683311
vn -0.76587605476379 0.58791345357895 -0.26036828756332
vn -0.76984298229218 0.5687363743782 -0.28962159156799
vn -0.73424607515335 0.63283205032349 -0.24577695131302
vn -0.73332041501999 0.62055951356888 -0.27775371074677
vn -0.81203502416611 0.4725903570652 -0.34242871403694
vn -0.82130312919617 0.44096949696541 -0.36194890737534
vn -0.7929013967514 0.51298707723618 -0.32886406779289
vn -0.76313883066177 0.56243193149567 -0.31826001405716
vn -0.72060167789459 0.62115055322647 -0.30806693434715
vn -0.80530762672424 0.4701521396637 -0.36116009950638
vn -0.81780284643173 0.43843460083008 -0.37279167771339
vn -0.78149837255478 0.51390731334686 -0.35377898812294
vn -0.7453248500824 0.56948864459991 -0.34666058421135
vn -0.69431322813034 0.63628196716309 -0.33626535534859
vn -0.54351049661636 0.79822254180908 -0.259686678648
vn -0.5627578496933 0.79232621192932 -0.23563279211521
vn -0.50911998748779 0.81555652618408 -0.27507159113884
vn -0.45615097880363 0.84537601470947 -0.27796694636345
vn -0.62233686447144 0.73740535974503 -0.26254543662071
vn -0.63560432195663 0.73589283227921 -0.2333856523037
vn -0.59467267990112 0.75134456157684 -0.28608685731888
vn -0.54893487691879 0.77975070476532 -0.30109685659409
vn -0.68455243110657 0.67766749858856 -0.26861622929573
vn -0.69160836935043 0.68235272169113 -0.23679660260677
vn -0.66453325748444 0.6855993270874 -0.2972357571125
vn -0.62837272882462 0.70862799882889 -0.32092693448067
vn -0.04217706620693 0.86848312616348 -0.49392119050026
vn -0.59665513038635 0.64889043569565 -0.47216925024986
vn -0.14536303281784 0.82719671726227 -0.54278469085693
vn -0.61614066362381 0.6319488286972 -0.4701184630394
vn -0.21068926155567 0.79808521270752 -0.56450861692429
vn -0.61263692378998 0.63613671064377 -0.46904814243317
vn -0.23776239156723 0.78304076194763 -0.57473140954971
vn -0.59222120046616 0.65287190675735 -0.47226291894913
vn -0.74160093069077 0.51804423332214 -0.42621380090714
vn -0.74498856067657 0.51814544200897 -0.42013970017433
vn -0.73493707180023 0.53435522317886 -0.41753089427948
vn -0.71412336826324 0.56026518344879 -0.41967928409576
vn -0.79157018661499 0.45962256193161 -0.40269553661346
vn -0.79196870326996 0.46221986413002 -0.39892148971558
vn -0.78284865617752 0.47869870066643 -0.39748647809029
vn -0.76562738418579 0.5041840672493 -0.39951619505882
vn -0.81308555603027 0.43192717432976 -0.39029571413994
vn -0.81251394748688 0.4325929582119 -0.3907485306263
vn -0.80473077297211 0.44599539041519 -0.39178624749184
vn -0.79024249315262 0.46853449940681 -0.39495855569839
vn -0.46123659610748 0.72810971736908 -0.50706714391708
vn -0.16219964623451 0.78235048055649 -0.60134768486023
vn -0.5999955534935 0.6611202955246 -0.45047226548195
vn -0.67094075679779 0.60826587677002 -0.42408853769302
vn -0.71029990911484 0.5682470202446 -0.41541469097137
vn -0.51433795690536 0.70208328962326 -0.49247890710831
vn -0.20689482986927 0.77943378686905 -0.59133529663086
vn -0.64552509784698 0.62603765726089 -0.43746343255043
vn -0.7090727686882 0.57086700201035 -0.41391634941101
vn -0.74274075031281 0.53118401765823 -0.4076514840126
vn -0.55868345499039 0.67614209651947 -0.48031723499298
vn -0.23395694792271 0.77838969230652 -0.58255785703659
vn -0.6840136051178 0.59172469377518 -0.42659971117973
vn -0.74092221260071 0.53558719158173 -0.40519201755524
vn -0.76946932077408 0.49754685163498 -0.40045490860939
vn -0.74681311845779 0.48871499300003 -0.45102971792221
vn -0.74940770864487 0.4984986782074 -0.43576043844223
vn -0.76629412174225 0.46209001541138 -0.44639232754707
vn -0.7712687253952 0.46822863817215 -0.43116873502731
vn -0.78128677606583 0.44292193651199 -0.4397853910923
vn -0.78852397203445 0.44453945755959 -0.42498770356178
vn -0.79249858856201 0.43142503499985 -0.43106660246849
vn -0.80178946256638 0.42769750952721 -0.41738298535347
vn -0.7450847029686 0.5147607922554 -0.42411097884178
vn -0.76972687244415 0.48155951499939 -0.41907155513763
vn -0.78949564695358 0.45400217175484 -0.41301172971725
vn -0.80483788251877 0.43253937363625 -0.40638116002083
vn -0.73283225297928 0.53779631853104 -0.4168116748333
vn -0.76091086864471 0.50229585170746 -0.41074752807617
vn -0.7837478518486 0.47139176726341 -0.40438735485077
vn -0.80160057544708 0.44576102495193 -0.39841389656067
vn -0.81903427839279 0.43042173981667 -0.37936785817146
vn -0.80773967504501 0.45047998428345 -0.38029512763023
vn -0.82363665103912 0.42068099975586 -0.38032907247543
vn -0.82209265232086 0.42070001363754 -0.38363412022591
vn -0.81682187318802 0.41917163133621 -0.39635479450226
vn -0.80538809299469 0.43422770500183 -0.40348023176193
vn -0.82183212041855 0.41392374038696 -0.39148312807083
vn -0.82090067863464 0.41792041063309 -0.38918459415436
vn -0.81118994951248 0.41875353455544 -0.40818658471107
vn -0.80040967464447 0.42821842432022 -0.41949170827866
vn -0.81565070152283 0.41854554414749 -0.3994165956974
vn -0.81410151720047 0.42714074254036 -0.39343303442001
vn 0.30034372210503 -0.82627159357071 0.47651752829552
vn 0.29835379123688 -0.82344859838486 0.48261523246765
vn 0.29736551642418 -0.83204615116119 0.46826595067978
vn 0.29342579841614 -0.84012699127197 0.45616656541824
vn 0.29109477996826 -0.84986370801926 0.4393125474453
vn 0.3424363732338 -0.81569653749466 0.46623650193214
vn 0.33517345786095 -0.81499439477921 0.47269743680954
vn 0.34309840202332 -0.81952959299088 0.45897141098976
vn 0.34143987298012 -0.82618886232376 0.44814148545265
vn 0.34061709046364 -0.83470791578293 0.43271547555923
vn 0.40051761269569 -0.79816716909409 0.45001640915871
vn 0.38666349649429 -0.80079108476639 0.4574111700058
vn 0.40683433413506 -0.79851478338242 0.4436891078949
vn 0.40914404392242 -0.80211454629898 0.43498662114143
vn 0.41090911626816 -0.80804878473282 0.42215034365654
vn 0.47493276000023 -0.77010542154312 0.42588317394257
vn 0.45369386672974 -0.77816838026047 0.43429923057556
vn 0.48841354250908 -0.76478445529938 0.42018684744835
vn 0.49616959691048 -0.76312965154648 0.41406384110451
vn 0.50142329931259 -0.76449352502823 0.40512266755104
vn 0.29046785831451 -0.88117825984955 0.37303251028061
vn 0.29431289434433 -0.87321037054062 0.38843739032745
vn 0.33399984240532 -0.86784744262695 0.367811024189
vn 0.3425615131855 -0.85722583532333 0.38446781039238
vn 0.39938205480576 -0.84215706586838 0.36230573058128
vn 0.41192838549614 -0.82840234041214 0.37955838441849
vn 0.48642310500145 -0.79768174886703 0.35650584101677
vn 0.50146847963333 -0.78081542253494 0.37263470888138
vn 0.29335555434227 -0.86640965938568 0.40407520532608
vn 0.34367394447327 -0.84986156225204 0.39952918887138
vn 0.41533708572388 -0.82016938924789 0.39346820116043
vn 0.50697600841522 -0.7716555595398 0.38408723473549
vn 0.29141563177109 -0.85902291536331 0.42089968919754
vn 0.341866761446 -0.84290409088135 0.41549941897392
vn 0.41364493966103 -0.81420731544495 0.40738713741302
vn 0.50571662187576 -0.76722139120102 0.3944895863533
vn 0.86662369966507 -0.39566734433174 0.30399131774902
vn 0.87274676561356 -0.38809207081795 0.29613795876503
vn 0.80025291442871 -0.50599181652069 0.32181909680367
vn 0.78993916511536 -0.52187073230743 0.32194259762764
vn 0.87387204170227 -0.39291074872017 0.28630185127258
vn 0.8043372631073 -0.50235372781754 0.31730476021767
vn 0.86966019868851 -0.40837544202805 0.27734577655792
vn 0.80206167697906 -0.50936138629913 0.31184613704681
vn 0.85962611436844 -0.43301466107368 0.27118486166
vn 0.79323524236679 -0.52546471357346 0.30767625570297
vn 0.70788073539734 -0.61661958694458 0.34450715780258
vn 0.69391912221909 -0.63617789745331 0.33727422356606
vn 0.71400940418243 -0.60856449604034 0.34617894887924
vn 0.71294391155243 -0.60994452238083 0.34594601392746
vn 0.70567715167999 -0.61841082572937 0.34581470489502
vn 0.60429853200912 -0.71002519130707 0.36150735616684
vn 0.58877748250961 -0.7291966676712 0.34873101115227
vn 0.61082744598389 -0.70062255859375 0.36880606412888
vn 0.60994106531143 -0.69849091768265 0.37427565455437
vn 0.60417157411575 -0.70066219568253 0.37953814864159
vn 0.74958056211472 -0.59185129404068 0.29637998342514
vn 0.68600142002106 -0.64812153577805 0.33066675066948
vn 0.72397094964981 -0.61272835731506 0.31690707802773
vn 0.78815996646881 -0.54732364416122 0.2814973294735
vn 0.61170154809952 -0.70048528909683 0.36761608719826
vn 0.64632469415665 -0.6750813126564 0.35571011900902
vn 0.53191888332367 -0.74462890625 0.40322467684746
vn 0.56043195724487 -0.72877860069275 0.39344349503517
vn 0.75473344326019 -0.57875043153763 0.30890995264053
vn 0.81941151618958 -0.50431901216507 0.27244651317596
vn 0.67339181900024 -0.65164357423782 0.34914779663086
vn 0.58121430873871 -0.71539831161499 0.38780826330185
vn 0.77762007713318 -0.54909807443619 0.30626499652863
vn 0.84310328960419 -0.46551221609116 0.26921230554581
vn 0.69273740053177 -0.63248252868652 0.34652680158615
vn 0.59498792886734 -0.7060672044754 0.38400319218636
vn 0.83670055866241 -0.4855098426342 0.25340163707733
vn 0.79965835809708 -0.53707021474838 0.26851829886436
vn 0.86627346277237 -0.43600511550903 0.24386425316334
vn 0.88873213529587 -0.39055600762367 0.24004411697388
vn 0.90451496839523 -0.35124412178993 0.24182693660259
vn 0.87277388572693 -0.42959499359131 0.23176251351833
vn 0.83845293521881 -0.48610410094261 0.2463726401329
vn 0.89980351924896 -0.37553921341896 0.22208996117115
vn 0.92005890607834 -0.32557022571564 0.21793486177921
vn 0.93410414457321 -0.28151965141296 0.21953625977039
vn 0.90190047025681 -0.37662500143051 0.21149261295795
vn 0.87067300081253 -0.4372855424881 0.22518840432167
vn 0.92596226930618 -0.31896045804024 0.20213378965855
vn 0.94351881742477 -0.26557821035385 0.19809192419052
vn 0.95525473356247 -0.21801447868347 0.19989505410194
vn 0.927201628685 -0.32398068904877 0.18797259032726
vn 0.89951795339584 -0.38832128047943 0.20018498599529
vn 0.94797724485397 -0.26292806863785 0.17946580052376
vn 0.96247279644012 -0.20645214617252 0.17613530158997
vn 0.97152775526047 -0.15551544725895 0.17874220013618
vn 0.91647011041641 -0.27929428219795 0.28649124503136
vn 0.92007547616959 -0.28127551078796 0.27266317605972
vn 0.94449120759964 -0.18422286212444 0.27202624082565
vn 0.94754081964493 -0.19381901621819 0.25416648387909
vn 0.96033823490143 -0.10112162679434 0.25985550880432
vn 0.96409064531326 -0.11686046421528 0.23848029971123
vn 0.96840995550156 -0.02147161588073 0.24843727052212
vn 0.97387105226517 -0.04260104522109 0.223070114851
vn 0.91956335306168 -0.2952416241169 0.25929829478264
vn 0.94718199968338 -0.21444569528103 0.23845182359219
vn 0.96487647294998 -0.1426597237587 0.22059367597103
vn 0.97657865285873 -0.07284802943468 0.20245325565338
vn 0.91452598571777 -0.31914457678795 0.24857380986214
vn 0.94287520647049 -0.24421872198582 0.22659119963646
vn 0.96211183071136 -0.1768533885479 0.20751784741879
vn 0.97598993778229 -0.11077662557364 0.18754237890244
vn 0.78827250003815 0.60759198665619 0.0972545593977
vn 0.82555747032166 0.56423819065094 0.009492341429
vn 0.94897520542145 0.28853207826614 0.12726074457169
vn 0.92652559280396 0.32913705706596 0.18226118385792
vn 0.8532190322876 0.51717436313629 -0.06743863224983
vn 0.96668791770935 0.2424481511116 0.08205696195364
vn 0.87333828210831 0.4679661989212 -0.13523268699646
vn 0.98039275407791 0.19159784913063 0.04604640603065
vn 0.88756722211838 0.41690880060196 -0.19598856568336
vn 0.99057132005692 0.13575460016727 0.01841449178755
vn 0.97445052862167 0.13763783872128 0.17748798429966
vn 0.96114265918732 0.17068682610989 0.21695816516876
vn 0.98448866605759 0.09756162017584 0.14582093060017
vn 0.99119400978088 0.05139711126685 0.12203616648912
vn 0.99437636137009 -0.00080610311124 0.10590118914843
vn 0.97811019420624 0.0375757701695 0.20466677844524
vn 0.96974766254425 0.06418967247009 0.23551878333092
vn 0.98367267847061 0.00280641927384 0.17994491755962
vn 0.98603749275208 -0.03891486674547 0.16191244125366
vn 0.98471641540527 -0.08728084713221 0.15071713924408
vn 0.89234870672226 0.17916086316109 -0.41426455974579
vn 0.98873382806778 -0.14626519382 -0.0318104699254
vn 0.99750918149948 -0.06618028879166 -0.02440602518618
vn 0.90066301822662 0.2461162507534 -0.35809624195099
vn 0.95840525627136 -0.26627281308174 0.1027529835701
vn 0.97656685113907 -0.19199649989605 0.09723448008299
vn 0.92781227827072 -0.33487603068352 0.16438494622707
vn 0.95142602920532 -0.26631808280945 0.15447723865509
vn 0.9998539686203 0.00742929661646 -0.01538956724107
vn 0.90147376060486 0.30711379647255 -0.30500185489655
vn 0.98794502019882 -0.1226007565856 0.09451790899038
vn 0.96827864646912 -0.20150598883629 0.14775590598583
vn 0.99721735715866 0.07452949881554 -0.0017021902604
vn 0.89687150716782 0.36359357833862 -0.25183567404747
vn 0.99354428052902 -0.05887312442064 0.09697265177965
vn 0.97905826568604 -0.14170087873936 0.14617019891739
vn 0.2815682888031 -0.89116096496582 0.35574069619179
vn 0.26878163218498 -0.90203857421875 0.33776149153709
vn 0.25124055147171 -0.91286337375641 0.32180538773537
vn 0.2274314314127 -0.92318546772003 0.30984446406364
vn 0.31866264343262 -0.8821005821228 0.34691879153252
vn 0.30034923553467 -0.89695197343826 0.32444956898689
vn 0.27920451760292 -0.91079849004745 0.30412328243256
vn 0.25364381074905 -0.92337971925735 0.28815740346909
vn 0.37791684269905 -0.86102169752121 0.34032413363457
vn 0.35184565186501 -0.88095325231552 0.31642690300941
vn 0.32366940379143 -0.89943867921829 0.29368042945862
vn 0.29314121603966 -0.91566014289856 0.27501773834229
vn 0.4608336687088 -0.82145428657532 0.33592438697815
vn 0.42744851112366 -0.84777736663818 0.31394484639168
vn 0.3903124332428 -0.87314915657043 0.29200467467308
vn 0.35045385360718 -0.89612799882889 0.27228051424026
vn 0.1134420260787 -0.95374900102615 0.27837699651718
vn 0.13673913478851 -0.94898325204849 0.28413590788841
vn 0.11936254054308 -0.96048492193222 0.25143849849701
vn 0.15202416479588 -0.95393413305283 0.25864714384079
vn 0.13265985250473 -0.96406251192093 0.23018442094326
vn 0.17464438080788 -0.95507884025574 0.23942370712757
vn 0.15420442819595 -0.96332234144211 0.21961557865143
vn 0.20637400448322 -0.95101654529572 0.23016799986362
vn 0.16643261909485 -0.94176590442657 0.29219362139702
vn 0.18796448409557 -0.94523930549622 0.26681831479073
vn 0.2177742421627 -0.94354367256165 0.24959900975227
vn 0.25821143388748 -0.93513363599777 0.24259425699711
vn 0.19782955944538 -0.93290185928345 0.3009278178215
vn 0.22264409065247 -0.93489336967468 0.27641275525093
vn 0.25806975364685 -0.93022125959396 0.26093757152557
vn 0.30669748783112 -0.91670501232147 0.2561027109623
vn 0.38763207197189 -0.82210969924927 0.41698563098907
vn 0.50313293933868 -0.75558376312256 0.41946446895599
vn 0.40395283699036 -0.85101765394211 0.33554583787918
vn 0.30504858493805 -0.89460951089859 0.32652592658997
vn 0.60372370481491 -0.68194442987442 0.41287952661514
vn 0.49552208185196 -0.79866927862167 0.34144586324692
vn 0.68617975711823 -0.60897213220596 0.39788225293159
vn 0.57619452476501 -0.74210441112518 0.34246301651001
vn 0.75027376413345 -0.54303026199341 0.3771039545536
vn 0.64467561244965 -0.68497335910797 0.33941829204559
vn 0.31819292902946 -0.90771150588989 0.27351984381676
vn 0.23741064965725 -0.93536549806595 0.26215943694115
vn 0.39563482999802 -0.87296229600906 0.2853242456913
vn 0.46706780791283 -0.83332931995392 0.29565173387527
vn 0.5314906835556 -0.7902398109436 0.30502232909203
vn 0.25221446156502 -0.93779164552689 0.23860985040665
vn 0.18753209710121 -0.95559841394424 0.22729581594467
vn 0.31549969315529 -0.91481053829193 0.25215393304825
vn 0.37499496340752 -0.88798803091049 0.26618802547455
vn 0.43003821372986 -0.85769790410995 0.28181803226471
vn 0.77116078138351 -0.54924058914185 0.32194077968597
vn 0.85375154018402 -0.41508981585503 0.31433853507042
vn 0.66963547468185 -0.66642671823502 0.32781666517258
vn 0.56205272674561 -0.75739341974258 0.3323430120945
vn 0.74132812023163 -0.58624386787415 0.32672733068466
vn 0.83145582675934 -0.44550538063049 0.33197322487831
vn 0.63360732793808 -0.70414733886719 0.32049697637558
vn 0.5245812535286 -0.79059106111526 0.31588026881218
vn 0.69972193241119 -0.63179123401642 0.33351022005081
vn 0.79781728982925 -0.48804685473442 0.35397437214851
vn 0.58742648363113 -0.74615776538849 0.31333476305008
vn 0.48013192415237 -0.82471293210983 0.29886773228645
vn 0.68300229310989 0.67513787746429 -0.27874135971069
vn 0.65566313266754 0.68327939510345 -0.32130229473114
vn 0.61102473735809 0.71368062496185 -0.34250357747078
vn 0.63531225919724 0.70495599508286 -0.31530195474625
vn 0.58398580551147 0.71835714578629 -0.37805238366127
vn 0.52280807495117 0.7554948925972 -0.39484077692032
vn 0.4185908138752 0.78211003541946 -0.46161195635796
vn 0.32909283041954 0.81941717863083 -0.46931165456772
vn 0.14210599660873 0.82703667879105 -0.543889939785
vn 0.03941651061177 0.84574639797211 -0.53212720155716
vn 0.5919640660286 0.71620625257492 -0.36963105201721
vn 0.60498660802841 0.71558344364166 -0.34918686747551
vn 0.509341776371 0.75355166196823 -0.41560903191566
vn 0.31518858671188 0.81600415706635 -0.48455482721329
vn 0.02685632184148 0.84012889862061 -0.54172146320343
vn 0.58099961280823 0.70291298627853 -0.41030812263489
vn 0.57824832201004 0.71476757526398 -0.3933652639389
vn 0.5163049697876 0.7278305888176 -0.45132225751877
vn 0.3440146446228 0.78506016731262 -0.51510620117188
vn 0.08945352584124 0.81633639335632 -0.57060754299164
vn 0.54956513643265 0.68726849555969 -0.47501596808434
vn 0.53802567720413 0.70875871181488 -0.45627784729004
vn 0.49709340929985 0.69899898767471 -0.51409977674484
vn 0.34423929452896 0.74812996387482 -0.56727492809296
vn 0.16495664417744 0.78502660989761 -0.59709513187408
vn -0.74470716714859 0.46793577075005 -0.4758648276329
vn -0.75437444448471 0.45421120524406 -0.47393187880516
vn -0.65752452611923 0.56102555990219 -0.50290334224701
vn -0.64002960920334 0.57100868225098 -0.51411199569702
vn -0.7554646730423 0.4313308596611 -0.49318027496338
vn -0.65821468830109 0.54496383666992 -0.51939177513123
vn -0.73495191335678 0.40333136916161 -0.54513257741928
vn -0.62011903524399 0.53050655126572 -0.57794046401978
vn -0.66364860534668 0.37504836916924 -0.64723193645477
vn -0.48854175209999 0.52515977621078 -0.69680285453796
vn -0.50257223844528 0.68046140670776 -0.53328549861908
vn -0.46264585852623 0.69000750780106 -0.55664026737213
vn -0.50676721334457 0.66888302564621 -0.54385882616043
vn -0.44530412554741 0.66455936431885 -0.6000542640686
vn -0.2464585006237 0.6659574508667 -0.70410144329071
vn -0.2646709382534 0.79122012853622 -0.55128943920136
vn -0.18671423196793 0.7942698597908 -0.57816362380981
vn -0.27308171987534 0.78314960002899 -0.55866187810898
vn -0.1933006644249 0.77584248781204 -0.60058575868607
vn 0.00704457890242 0.75705516338348 -0.65331298112869
vn -0.03681808337569 0.42577660083771 -0.90407890081406
vn 0.19325661659241 0.57894289493561 -0.79213446378708
vn 0.12163658440113 0.54572600126266 -0.82908844947815
vn -0.16047935187817 0.38424900174141 -0.90917491912842
vn 0.36189019680023 0.65947139263153 -0.6588876247406
vn 0.34162697196007 0.63100212812424 -0.69651085138321
vn 0.47095102071762 0.69465577602386 -0.54374486207962
vn 0.47723761200905 0.66840243339539 -0.57051068544388
vn -0.02623277902603 0.52599287033081 -0.85008430480957
vn -0.33356925845146 0.35914513468742 -0.87163424491882
vn 0.24987728893757 0.62303894758224 -0.74120432138443
vn 0.4198262989521 0.66971755027771 -0.61255556344986
vn -0.25558149814606 0.52294933795929 -0.81314331293106
vn -0.52041548490524 0.35665926337242 -0.77586203813553
vn 0.04196899756789 0.6444103717804 -0.76352721452713
vn 0.25588017702103 0.70976465940475 -0.65632271766663
vn 0.04747536033392 0.99830436706543 -0.03368125483394
vn -0.19296020269394 0.97938758134842 -0.05971842631698
vn 0.08181658387184 0.99063521623611 -0.10930676013231
vn 0.30623409152031 0.94761079549789 -0.09085392206907
vn -0.3678512275219 0.92563724517822 -0.08877618610859
vn -0.13682718575001 0.98185086250305 -0.13132876157761
vn -0.47795668244362 0.87003201246262 -0.12083739042282
vn -0.30885702371597 0.93791353702545 -0.15787826478481
vn -0.54028427600861 0.82688772678375 -0.15604361891747
vn -0.41870883107185 0.88809055089951 -0.18967898190022
vn 0.3344192802906 0.93147730827332 -0.14322642982006
vn 0.49542558193207 0.8592050075531 -0.12775082886219
vn 0.13094125688076 0.97757256031036 -0.16494329273701
vn -0.0729655623436 0.97860127687454 -0.19239439070225
vn -0.22654794156551 0.94777017831802 -0.2245167195797
vn 0.51858431100845 0.83890795707703 -0.16523849964142
vn 0.6138072013855 0.77454370260239 -0.15271787345409
vn 0.36714026331902 0.91091656684875 -0.18825249373913
vn 0.18031615018845 0.95886147022247 -0.21925054490566
vn 0.02512808889151 0.96751827001572 -0.25154909491539
vn 0.62811684608459 0.75637692213058 -0.18265590071678
vn 0.67920446395874 0.71323853731155 -0.17312426865101
vn 0.52180469036102 0.82796913385391 -0.20539453625679
vn 0.35689327120781 0.90353280305862 -0.2371828109026
vn 0.21017573773861 0.94251954555511 -0.25977492332458
vn -0.61863487958908 0.72934150695801 -0.29215037822723
vn -0.53423768281937 0.78359174728394 -0.31713408231735
vn -0.51465082168579 0.80776739120483 -0.28748294711113
vn -0.60039383172989 0.75649237632751 -0.2593192756176
vn -0.39052429795265 0.85289508104324 -0.34649786353111
vn -0.36623311042786 0.87375551462173 -0.32003846764565
vn -0.15717163681984 0.91530454158783 -0.370829641819
vn -0.12511500716209 0.92969518899918 -0.34642907977104
vn 0.15742042660713 0.91603082418442 -0.3689258992672
vn 0.19028848409653 0.91948521137238 -0.34400177001953
vn -0.49889022111893 0.82781666517258 -0.2565698325634
vn -0.58719635009766 0.77717268466949 -0.2262809574604
vn -0.34659367799759 0.89179766178131 -0.29080879688263
vn -0.10116907209158 0.94271463155746 -0.31788989901543
vn 0.20680518448353 0.92609125375748 -0.31557336449623
vn -0.47454848885536 0.85130125284195 -0.22380775213242
vn -0.57155424356461 0.79779070615768 -0.19197864830494
vn -0.31117883324623 0.9145131111145 -0.25852173566818
vn -0.06223984062672 0.95654630661011 -0.28486031293869
vn 0.21163402497768 0.93528473377228 -0.28364327549934
vn 0.7110623717308 0.66131418943405 -0.23885947465897
vn 0.7046924829483 0.66638368368149 -0.24360083043575
vn 0.69400370121002 0.66628223657608 -0.27281296253204
vn 0.71836602687836 0.66175436973572 -0.21454939246178
vn 0.70334422588348 0.67568159103394 -0.22081942856312
vn 0.70985025167465 0.67733591794968 -0.19320644438267
vn 0.68258094787598 0.70271474123001 -0.20068697631359
vn 0.63535815477371 0.72459089756012 -0.26699817180634
vn 0.62373572587967 0.72486525774002 -0.29244494438171
vn 0.63237696886063 0.73527884483337 -0.24385325610638
vn 0.60148882865906 0.76712864637375 -0.22299079596996
vn 0.46984514594078 0.82739007472992 -0.30768683552742
vn 0.44803121685982 0.82967740297318 -0.33302173018456
vn 0.47230958938599 0.83511060476303 -0.28198224306107
vn 0.44198867678642 0.8594691157341 -0.25682455301285
vn -0.64290797710419 0.69440484046936 -0.3232202231884
vn -0.5611492395401 0.75241601467133 -0.34493717551231
vn -0.66961091756821 0.65441155433655 -0.35123601555824
vn -0.59171372652054 0.71564728021622 -0.37111166119576
vn -0.69494467973709 0.61145013570786 -0.37839213013649
vn -0.61956644058228 0.6759352684021 -0.39906015992165
vn -0.71514356136322 0.56770884990692 -0.40776994824409
vn -0.63731694221497 0.63669979572296 -0.43409731984138
vn -0.42603895068169 0.8251171708107 -0.3710423707962
vn -0.4664980173111 0.79096019268036 -0.39593121409416
vn -0.49933525919914 0.754523396492 -0.42586231231689
vn -0.50930321216583 0.72186499834061 -0.46853083372116
vn -0.20577190816402 0.89545065164566 -0.39474806189537
vn -0.26154962182045 0.86775130033493 -0.42261028289795
vn -0.30260071158409 0.83613741397858 -0.45750090479851
vn -0.30133038759232 0.81071120500565 -0.50194358825684
vn 0.10473424196243 0.91176843643188 -0.39712598919868
vn 0.03359964862466 0.89987677335739 -0.4348481297493
vn -0.04609690606594 0.87673836946487 -0.47875353693962
vn -0.10799749940634 0.85289740562439 -0.51078617572784
vn -0.6282742023468 0.57649600505829 -0.52242112159729
vn -0.73664903640747 0.47944107651711 -0.47695323824883
vn -0.43582451343536 0.69205874204636 -0.57542306184769
vn -0.12971279025078 0.78901094198227 -0.60053008794785
vn 0.21746774017811 0.80411696434021 -0.55326640605927
vn -0.63262677192688 0.58625459671021 -0.50605219602585
vn -0.73290503025055 0.4990970492363 -0.46233361959457
vn -0.45372411608696 0.69326812028885 -0.55992299318314
vn -0.16589812934399 0.79037845134735 -0.589728474617
vn 0.15875892341137 0.81872797012329 -0.55179715156555
vn -0.6399855017662 0.60526585578918 -0.4733621776104
vn -0.72737556695938 0.52859801054001 -0.4376172721386
vn -0.48889824748039 0.70096689462662 -0.51925319433212
vn -0.24553999304771 0.79721611738205 -0.5515039563179
vn 0.0156727693975 0.84473752975464 -0.53495126962662
vn 0.67230129241943 0.67159479856491 -0.31140235066414
vn 0.5987074971199 0.73102170228958 -0.32734772562981
vn 0.40833622217178 0.83635997772217 -0.3657369017601
vn 0.6170551776886 0.69522929191589 -0.36864492297173
vn 0.53996109962463 0.74921435117722 -0.3835620880127
vn 0.33729174733162 0.84466975927353 -0.41565281152725
vn 0.47844710946083 0.75005102157593 -0.45663097500801
vn 0.40436571836472 0.78682470321655 -0.46625661849976
vn 0.21071226894856 0.85154169797897 -0.48008027672768
vn 0.70517992973328 0.69214248657227 -0.15381842851639
vn 0.72754043340683 0.66795551776886 -0.1565897911787
vn 0.76747524738312 0.62434083223343 -0.14553435146809
vn 0.7451223731041 0.65153503417969 -0.1424595117569
vn 0.75203108787537 0.63927173614502 -0.16056428849697
vn 0.79168748855591 0.59235721826553 -0.14947862923145
vn 0.77782207727432 0.60575371980667 -0.16749696433544
vn 0.81729757785797 0.55485135316849 -0.15544973313808
vn 0.80377286672592 0.5670582652092 -0.17998363077641
vn 0.84347343444824 0.5111740231514 -0.16508708894253
vn 0.80279886722565 0.58019453287125 -0.13743463158607
vn 0.78117787837982 0.60990887880325 -0.13331297039986
vn 0.82623302936554 0.54510581493378 -0.1421220600605
vn 0.85094881057739 0.50391870737076 -0.1481624096632
vn 0.87610846757889 0.45599523186684 -0.15653204917908
vn 0.83564710617065 0.53359889984131 -0.13025407493114
vn 0.81520390510559 0.56569916009903 -0.12420561164618
vn 0.85788679122925 0.49536529183388 -0.1365413069725
vn 0.88114649057388 0.45051908493042 -0.14357389509678
vn 0.90438568592072 0.39877739548683 -0.15186561644077
vn 0.86660850048065 0.48379012942314 -0.12221614271402
vn 0.84767830371857 0.5182917714119 -0.11320368200541
vn 0.88718378543854 0.44235622882843 -0.13124746084213
vn 0.90834677219391 0.39395314455032 -0.14038191735744
vn 0.92877715826035 0.33898279070854 -0.14987869560719
vn 0.87572461366653 0.41043567657471 -0.25426161289215
vn 0.92344617843628 0.31225925683975 -0.22302749752998
vn 0.90812051296234 0.3633825480938 -0.20801505446434
vn 0.86209535598755 0.44797360897064 -0.23687799274921
vn 0.95159542560577 0.22926804423332 -0.20470049977303
vn 0.93812811374664 0.28847405314445 -0.19156813621521
vn 0.96836507320404 0.15667046606541 -0.19422525167465
vn 0.95849418640137 0.21887144446373 -0.1827132999897
vn 0.9774626493454 0.09341631829739 -0.18931511044502
vn 0.97171115875244 0.15391235053539 -0.17913234233856
vn 0.8897579908371 0.41381391882896 -0.19258432090282
vn 0.84635490179062 0.48636734485626 -0.21709482371807
vn 0.9207701086998 0.34669455885887 -0.17884446680546
vn 0.9441824555397 0.28112703561783 -0.17171789705753
vn 0.96144771575928 0.21668779850006 -0.16930641233921
vn 0.86814427375793 0.46328756213188 -0.17801746726036
vn 0.82716208696365 0.52612429857254 -0.19747439026833
vn 0.89988851547241 0.40285441279411 -0.16705994307995
vn 0.92588394880295 0.34160137176514 -0.16139213740826
vn 0.94690006971359 0.27911728620529 -0.15960527956486
vn 0.97566950321198 -0.05267329141498 -0.21282503008842
vn 0.97844487428665 -0.02157806791365 -0.20537784695625
vn 0.98116219043732 0.00503184879199 -0.19312031567097
vn 0.97910219430923 -0.03441962972283 -0.200434923172
vn 0.98102611303329 0.01594187878072 -0.19321897625923
vn 0.98172682523727 0.0516155064106 -0.18316178023815
vn 0.98273104429245 0.05945999547839 -0.17522622644901
vn 0.98002797365189 0.10376216471195 -0.16964267194271
vn 0.98269855976105 0.10782362520695 -0.15059071779251
vn 0.97546094655991 0.15941192209721 -0.15186770260334
vn 0.98178851604462 0.04472237080336 -0.18463814258575
vn 0.98127371072769 -0.00314476969652 -0.19259290397167
vn 0.97949016094208 0.09900303184986 -0.17549186944962
vn 0.97377145290375 0.15725286304951 -0.16444046795368
vn 0.96447151899338 0.2168360799551 -0.15091989934444
vn 0.97907918691635 0.09509159624577 -0.17989304661751
vn 0.98118650913239 0.03984976932406 -0.18890471756458
vn 0.97304213047028 0.15505161881447 -0.17072774469852
vn 0.96287488937378 0.21679180860519 -0.16085156798363
vn 0.94893705844879 0.27761477231979 -0.14982815086842
vn 0.95598894357681 0.29336592555046 0.00464657554403
vn 0.93331509828568 0.35644632577896 -0.0432316288352
vn 0.94536399841309 0.31740403175354 -0.07444203644991
vn 0.9659315943718 0.25570231676102 -0.03990564122796
vn 0.9071774482727 0.41382330656052 -0.07602172344923
vn 0.92177641391754 0.37538954615593 -0.09701012074947
vn 0.87846428155899 0.46762973070145 -0.09809683263302
vn 0.89545333385468 0.43088364601135 -0.1118151023984
vn 0.95740258693695 0.26951429247856 -0.10364506393671
vn 0.97437310218811 0.20952369272709 -0.08183455467224
vn 0.93725192546844 0.32848075032234 -0.11687250435352
vn 0.91379749774933 0.38640013337135 -0.12517608702183
vn 0.96779400110245 0.21575118601322 -0.12971590459347
vn 0.98006981611252 0.15890733897686 -0.11921263486147
vn 0.9519716501236 0.27484506368637 -0.13494499027729
vn 0.93213021755218 0.33486667275429 -0.13783179223537
vn -0.03294014185667 0.36983907222748 -0.92851173877716
vn -0.04543160274625 0.65192002058029 -0.7569255232811
vn 0.14557944238186 0.6626563668251 -0.73463815450668
vn 0.14530129730701 0.44897094368935 -0.88165336847305
vn -0.05599641799927 0.76031190156937 -0.64714002609253
vn 0.13056308031082 0.77105712890625 -0.6232368350029
vn -0.06719065457582 0.82237106561661 -0.56497007608414
vn 0.11842150986195 0.83315128087997 -0.54021781682968
vn -0.07836090028286 0.86019659042358 -0.50390613079071
vn 0.11288008093834 0.87066572904587 -0.47874760627747
vn 0.24566325545311 0.66479116678238 -0.70548021793365
vn 0.22886152565479 0.48367175459862 -0.84479820728302
vn 0.24703459441662 0.76433521509171 -0.59562200307846
vn 0.2466626316309 0.82167690992355 -0.51381373405457
vn 0.25268641114235 0.85501348972321 -0.4528813958168
vn 0.29273575544357 0.66430348157883 -0.68775480985641
vn 0.25890892744064 0.50437480211258 -0.823754966259
vn 0.31212010979652 0.75360941886902 -0.57849282026291
vn 0.32853725552559 0.80358469486237 -0.49630120396614
vn 0.34816414117813 0.8305948972702 -0.43461918830872
vn 0.29701387882233 0.66383504867554 -0.68637150526047
vn 0.23501548171043 0.52031707763672 -0.82099807262421
vn 0.33997723460197 0.74351680278778 -0.57584571838379
vn 0.37550765275955 0.78596264123917 -0.49117887020111
vn 0.41016951203346 0.80603647232056 -0.42669215798378
vn -0.10071912407875 0.91877108812332 -0.38172674179077
vn 0.14357078075409 0.9228008389473 -0.35752773284912
vn 0.13002078235149 0.91818332672119 -0.37421110272408
vn -0.10099770128727 0.91110903024673 -0.39959955215454
vn 0.33321043848991 0.88447433710098 -0.32661288976669
vn 0.3090001642704 0.88640797138214 -0.34467345476151
vn 0.46502274274826 0.83299100399017 -0.29979971051216
vn 0.43498456478119 0.84152001142502 -0.32036298513412
vn 0.55296987295151 0.78450322151184 -0.28067600727081
vn 0.52094054222107 0.79767572879791 -0.30386579036713
vn 0.1194130256772 0.90904730558395 -0.3992161154747
vn -0.09655369818211 0.90004551410675 -0.42496520280838
vn 0.28530704975128 0.88360530138016 -0.37127014994621
vn 0.40297076106071 0.84589141607285 -0.34940266609192
vn 0.48439690470695 0.80788707733154 -0.3356756567955
vn 0.11355783045292 0.89398735761642 -0.4334642291069
vn -0.0885933637619 0.88394510746002 -0.4591212272644
vn 0.26590263843536 0.87394744157791 -0.4068312048912
vn 0.37313398718834 0.84317886829376 -0.38706636428833
vn 0.44663175940514 0.81177979707718 -0.37620955705643
vn 0.63233953714371 0.71376132965088 -0.30115032196045
vn 0.6670777797699 0.69501936435699 -0.26824495196342
vn 0.59402221441269 0.72965902090073 -0.33872598409653
vn 0.55548131465912 0.73721778392792 -0.38464331626892
vn 0.51009434461594 0.73628503084183 -0.44462135434151
vn 0.61348390579224 0.73276752233505 -0.29443037509918
vn 0.64626318216324 0.71554863452911 -0.26520577073097
vn 0.57390105724335 0.74879020452499 -0.33158832788467
vn 0.53081065416336 0.75891071557999 -0.37721958756447
vn 0.48336526751518 0.75999170541763 -0.43447744846344
vn 0.57771325111389 0.76091092824936 -0.29540148377419
vn 0.61029887199402 0.74496239423752 -0.26938128471375
vn 0.53890997171402 0.77500063180923 -0.33007583022118
vn 0.49652847647667 0.78349632024765 -0.37362146377563
vn 0.45175725221634 0.78291344642639 -0.42774048447609
vn 0.04860553890467 0.4694444835186 -0.88162314891815
vn 0.22863137722015 0.61332434415817 -0.75601649284363
vn 0.11816679686308 0.50334483385086 -0.85596764087677
vn 0.25498244166374 0.64055168628693 -0.72434622049332
vn 0.1794990748167 0.52204066514969 -0.83381867408752
vn 0.27747294306755 0.65787398815155 -0.70015043020248
vn 0.35876920819283 0.68968880176544 -0.62897849082947
vn 0.35402461886406 0.71379673480988 -0.60428541898727
vn 0.34828731417656 0.73170965909958 -0.58591550588608
vn 0.44825026392937 0.72394061088562 -0.52438694238663
vn 0.42673447728157 0.74802720546722 -0.50828433036804
vn 0.40367349982262 0.76842737197876 -0.49655523896217
vn 0.22515068948269 0.37422585487366 -0.89959001541138
vn -0.12092666327953 0.51170492172241 -0.85060852766037
vn -0.24468247592449 0.52938139438629 -0.81233358383179
vn 0.04320505261421 0.42218306660652 -0.9054804444313
vn -0.362209379673 0.56437349319458 -0.74181324243546
vn -0.42937541007996 0.56926250457764 -0.70112544298172
vn -0.50221413373947 0.58129513263702 -0.64021629095078
vn -0.53846299648285 0.58220702409744 -0.60917371511459
vn -0.5760800242424 0.59350216388702 -0.56203818321228
vn -0.60139918327332 0.58954697847366 -0.53921550512314
vn -0.32856413722038 0.54215836524963 -0.77337568998337
vn -0.1119494214654 0.45062637329102 -0.88566541671753
vn -0.46508556604385 0.57924991846085 -0.66945123672485
vn -0.55099564790726 0.59296017885208 -0.58719849586487
vn -0.60648429393768 0.59833025932312 -0.52361977100372
vn -0.38147050142288 0.55140948295593 -0.74190825223923
vn -0.23172128200531 0.46158134937286 -0.85629892349243
vn -0.47871333360672 0.59366816282272 -0.64683204889297
vn -0.54532885551453 0.61233687400818 -0.57241594791412
vn -0.59352332353592 0.61941224336624 -0.51386618614197
vn -0.40998336672783 0.55787235498428 -0.72158992290497
vn -0.31483152508736 0.4574356675148 -0.83164519071579
vn -0.47440841794014 0.61152499914169 -0.6332249045372
vn -0.52261781692505 0.63923823833466 -0.56413215398788
vn -0.56164854764938 0.65204203128815 -0.50930553674698
vn -0.61869436502457 0.68211781978607 -0.38978520035744
vn -0.68547457456589 0.63143616914749 -0.36250919103622
vn -0.67442750930786 0.61876022815704 -0.40284404158592
vn -0.62314373254776 0.65456533432007 -0.42806079983711
vn -0.69726264476776 0.62356072664261 -0.35354894399643
vn -0.68718290328979 0.61268270015717 -0.39038392901421
vn -0.6855993270874 0.6366935968399 -0.35295152664185
vn -0.6752678155899 0.62792724370956 -0.38693767786026
vn -0.65121012926102 0.66909152269363 -0.35810869932175
vn -0.64001280069351 0.66231483221054 -0.38951596617699
vn -0.65827089548111 0.60955363512039 -0.4417282640934
vn -0.61960607767105 0.6344907283783 -0.46207121014595
vn -0.66895061731338 0.60674721002579 -0.42937502264976
vn -0.65652561187744 0.62380677461624 -0.42407464981079
vn -0.62066549062729 0.65926796197891 -0.42442917823792
vn -0.63697177171707 0.59895199537277 -0.48530757427216
vn -0.60924822092056 0.61181569099426 -0.50447809696198
vn -0.64327251911163 0.60232996940613 -0.4726510643959
vn -0.62960761785507 0.62183701992035 -0.46573922038078
vn -0.59425860643387 0.65702193975449 -0.46387383341789
vn -0.32069969177246 0.85480344295502 -0.40799856185913
vn -0.32977363467216 0.86128318309784 -0.38657546043396
vn -0.30569043755531 0.84665590524673 -0.43557676672935
vn -0.28802067041397 0.83405447006226 -0.47052872180939
vn -0.2700831592083 0.81384366750717 -0.51450318098068
vn -0.47557166218758 0.7815415263176 -0.40376281738281
vn -0.48783722519875 0.78663450479507 -0.37844553589821
vn -0.456424087286 0.77675580978394 -0.43396711349487
vn -0.43382173776627 0.76867574453354 -0.47003865242004
vn -0.41037055850029 0.7536346912384 -0.51344984769821
vn -0.57653075456619 0.71467697620392 -0.39604181051254
vn -0.58880227804184 0.71995103359222 -0.36739951372147
vn -0.55675691366196 0.71153217554092 -0.42865332961082
vn -0.53197067975998 0.70691823959351 -0.46612641215324
vn -0.50415885448456 0.69705337285995 -0.50984352827072
vn -0.21912431716919 0.43510577082634 -0.87330836057663
vn -0.23894199728966 0.62280917167664 -0.74499362707138
vn -0.30861786007881 0.44861689209938 -0.83874779939651
vn -0.34635066986084 0.59421253204346 -0.7259150147438
vn -0.34331676363945 0.4505717754364 -0.82408654689789
vn -0.40172383189201 0.57054096460342 -0.71631067991257
vn -0.24546374380589 0.72153955698013 -0.64740115404129
vn -0.36928930878639 0.67682319879532 -0.6368168592453
vn -0.44199252128601 0.63835042715073 -0.63019943237305
vn -0.25520277023315 0.77947932481766 -0.57208693027496
vn -0.3886234164238 0.72576248645782 -0.56766247749329
vn -0.47447967529297 0.67665839195251 -0.56302970647812
vn -0.6531543135643 0.6805699467659 -0.33198484778404
vn -0.6896236538887 0.64809602499008 -0.32309570908546
vn -0.65431571006775 0.69760823249817 -0.29191386699677
vn -0.68595314025879 0.66882288455963 -0.28660801053047
vn -0.63014262914658 0.73476815223694 -0.2510698735714
vn -0.66777211427689 0.70164811611176 -0.2485364228487
vn -0.5697141289711 0.79552036523819 -0.20633271336555
vn -0.62657183408737 0.75150126218796 -0.20652744174004
vn -0.69889259338379 0.64001679420471 -0.31926098465919
vn -0.69321721792221 0.66150254011154 -0.28611922264099
vn -0.6775689125061 0.6912225484848 -0.25122061371803
vn -0.64601010084152 0.73313653469086 -0.21255995333195
vn -0.68744820356369 0.65123951435089 -0.32140630483627
vn -0.68138921260834 0.67167407274246 -0.29079675674438
vn -0.66653126478195 0.69909000396729 -0.25886154174805
vn -0.64003604650497 0.73516070842743 -0.2233665138483
vn -0.65370070934296 0.68145781755447 -0.32907551527023
vn -0.64790749549866 0.69983601570129 -0.30074140429497
vn -0.63400846719742 0.72422152757645 -0.27117592096329
vn -0.61096948385239 0.75495153665543 -0.23825292289257
vn 0.10861423611641 0.99405908584595 -0.00703399069607
vn -0.073601603508 0.99710422754288 0.01913003996015
vn -0.2660796046257 0.9629727602005 -0.04341757670045
vn -0.09212993085384 0.99437141418457 -0.05232148244977
vn -0.22223833203316 0.97449994087219 0.03098399750888
vn -0.38185662031174 0.92300462722778 -0.04741299152374
vn -0.32546609640121 0.944963991642 0.03338910266757
vn -0.44554805755615 0.89332270622253 -0.05883464217186
vn -0.38562366366386 0.92203241586685 0.03392042964697
vn -0.46851918101311 0.88045048713684 -0.07277821749449
vn -0.43092960119247 0.89635163545609 -0.1041796579957
vn -0.2931909263134 0.95034694671631 -0.10430594533682
vn -0.50516587495804 0.85555094480515 -0.1133139282465
vn -0.53454500436783 0.83539062738419 -0.12800075113773
vn -0.53036767244339 0.8351646065712 -0.14563728868961
vn -0.55102008581162 0.81922632455826 -0.1588868200779
vn -0.45872029662132 0.87458223104477 -0.15710377693176
vn -0.59122633934021 0.78890442848206 -0.16757449507713
vn -0.59766864776611 0.78101450204849 -0.18113145232201
vn -0.57699686288834 0.79232448339462 -0.19823354482651
vn 0.09663797914982 0.99474638700485 -0.03377535194159
vn 0.0572942532599 0.98118144273758 -0.18439184129238
vn -0.19188617169857 0.968765437603 -0.15707696974277
vn -0.16410245001316 0.98624783754349 -0.01963682472706
vn 0.02787215448916 0.97036445140839 -0.24003319442272
vn -0.22051699459553 0.94949048757553 -0.22324877977371
vn -0.00218222057447 0.96064913272858 -0.27775612473488
vn -0.25044673681259 0.93061721324921 -0.26688575744629
vn -0.0313049890101 0.95133382081985 -0.30656808614731
vn -0.27876377105713 0.91253119707108 -0.29929512739182
vn -0.35099577903748 0.92832136154175 -0.12256200611591
vn -0.30951246619225 0.95088046789169 0.00532591203228
vn -0.38778647780418 0.9008549451828 -0.19514624774456
vn -0.41994857788086 0.87426733970642 -0.24351552128792
vn -0.44755935668945 0.8496253490448 -0.27897551655769
vn -0.44123762845993 0.89259272813797 -0.09266909211874
vn -0.38521012663841 0.92242360115051 0.02734793536365
vn -0.48613488674164 0.857661485672 -0.16759976744652
vn -0.52277761697769 0.82383149862289 -0.21910084784031
vn -0.55177140235901 0.79338294267654 -0.2570832669735
vn -0.3299318253994 0.86948949098587 -0.36760437488556
vn -0.09371426701546 0.925676882267 -0.36652410030365
vn -0.49069368839264 0.79550170898438 -0.35552322864532
vn -0.59198641777039 0.73019874095917 -0.34111845493317
vn -0.32052892446518 0.88122910261154 -0.34741401672363
vn -0.07891893386841 0.93365180492401 -0.34937965869904
vn -0.48411154747009 0.80947983264923 -0.33223247528076
vn -0.58640688657761 0.7462100982666 -0.31511494517326
vn -0.30291911959648 0.89586752653122 -0.32505589723587
vn -0.05749337002635 0.9423411488533 -0.32967808842659
vn -0.46939089894295 0.82780861854553 -0.30725413560867
vn -0.57296222448349 0.76741307973862 -0.28773507475853
vn 0.15977001190186 0.92524152994156 -0.3440954387188
vn 0.17926269769669 0.92720597982407 -0.32886776328087
vn 0.20116862654686 0.92874604463577 -0.31138709187508
vn 0.22403141856194 0.93011564016342 -0.29102367162704
vn 0.35577622056007 0.88075143098831 -0.31257036328316
vn 0.37659147381783 0.87723177671432 -0.29773014783859
vn 0.39510735869408 0.87440931797028 -0.28159999847412
vn 0.41051849722862 0.8729407787323 -0.26353171467781
vn 0.49041625857353 0.82396447658539 -0.28385627269745
vn 0.51072627305984 0.81684422492981 -0.26818683743477
vn 0.52567744255066 0.81244194507599 -0.25219309329987
vn 0.53478080034256 0.81162941455841 -0.23508980870247
vn 0.57857799530029 0.77222454547882 -0.2625198662281
vn 0.59753441810608 0.7633963227272 -0.24531330168247
vn 0.60959416627884 0.7591010928154 -0.22838674485683
vn 0.61415034532547 0.76051926612854 -0.21078389883041
vn 0.33466303348541 0.93839412927628 -0.08612245321274
vn 0.29546350240707 0.93718880414963 -0.18541426956654
vn 0.46074432134628 0.88390290737152 -0.08018938452005
vn 0.44230490922928 0.88142246007919 -0.16571313142776
vn 0.53852295875549 0.84037739038467 -0.06130927056074
vn 0.53685516119003 0.83195853233337 -0.14011257886887
vn 0.56277722120285 0.82540971040726 -0.04450430721045
vn 0.58566582202911 0.80198043584824 -0.11757092177868
vn 0.27026945352554 0.93403422832489 -0.23352628946304
vn 0.43265861272812 0.876349568367 -0.21170254051685
vn 0.53830295801163 0.82214629650116 -0.1852170675993
vn 0.60139811038971 0.78252398967743 -0.16117222607136
vn 0.24722830951214 0.93172997236252 -0.26600277423859
vn 0.42286416888237 0.87343859672546 -0.24143502116203
vn 0.53846943378448 0.81494730710983 -0.21426995098591
vn 0.61111944913864 0.76842397451401 -0.18988841772079
vn 0.47520157694817 0.87606793642044 -0.08178255707026
vn 0.28697335720062 0.9577624797821 -0.01836753822863
vn 0.59329032897949 0.79572153091431 -0.12179412692785
vn 0.66136801242828 0.73495364189148 -0.14978502690792
vn 0.69654494524002 0.69643205404282 -0.17264880239964
vn 0.56415772438049 0.82114052772522 -0.08633840829134
vn 0.45068770647049 0.89247179031372 -0.0193553455174
vn 0.6320396065712 0.76434844732285 -0.12766125798225
vn 0.67092883586884 0.72484070062637 -0.15639847517014
vn 0.68997091054916 0.70128929615021 -0.17925819754601
vn 0.59466451406479 0.7977739572525 -0.09965322911739
vn 0.53495788574219 0.84433025121689 -0.0304391272366
vn 0.63161700963974 0.76222288608551 -0.14169049263
vn 0.6534098982811 0.73761093616486 -0.17025171220303
vn 0.6631640791893 0.72340792417526 -0.19207888841629
vn 0.69262474775314 0.68010240793228 -0.24027428030968
vn 0.67055344581604 0.70129650831223 -0.24195319414139
vn 0.63525766134262 0.7311195731163 -0.24882107973099
vn 0.70761698484421 0.67268574237823 -0.21626859903336
vn 0.68698918819427 0.69237273931503 -0.22060336172581
vn 0.65279787778854 0.72187089920044 -0.2296896725893
vn 0.70985597372055 0.67705410718918 -0.19417054951191
vn 0.69431495666504 0.69133597612381 -0.19995307922363
vn 0.66250109672546 0.71869170665741 -0.21112684905529
vn 0.28157716989517 0.95876252651215 -0.03858352825046
vn 0.41622245311737 0.90909504890442 -0.01746696233749
vn 0.27849864959717 0.9600390791893 0.0276308786124
vn 0.41433241963387 0.90774840116501 -0.06573808938265
vn 0.51343148946762 0.8565576672554 -0.05193353071809
vn 0.5106406211853 0.85514831542969 -0.08926086872816
vn 0.58270567655563 0.80885392427444 -0.07880025357008
vn 0.57854682207108 0.80818969011307 -0.11005935817957
vn 0.63292974233627 0.76767206192017 -0.10039692372084
vn 0.52110987901688 0.85348606109619 0.00245750742033
vn 0.41413724422455 0.90836375951767 0.05801420658827
vn 0.59325283765793 0.8041604757309 -0.03710780292749
vn 0.64461714029312 0.7616069316864 -0.06651055067778
vn 0.68302696943283 0.72493827342987 -0.08909894526005
vn 0.61065703630447 0.7912073135376 0.03299998492002
vn 0.52747905254364 0.84365510940552 0.10005983710289
vn 0.66440206766129 0.74725794792175 -0.01324465312064
vn 0.7023903131485 0.71024429798126 -0.04691357165575
vn 0.73142492771149 0.67807680368423 -0.07231446355581
vn 0.68946647644043 0.71913111209869 0.08652387559414
vn 0.62240135669708 0.76346945762634 0.17242640256882
vn 0.72981125116348 0.68307435512543 0.02801832929254
vn 0.75733381509781 0.65287673473358 -0.01405004225671
vn 0.77847462892532 0.6260153055191 -0.04563033953309
vn 0.72313553094864 0.67681872844696 -0.13780921697617
vn 0.68316602706909 0.71486902236938 -0.14915230870247
vn 0.76022434234619 0.63696801662445 -0.12779177725315
vn 0.79583686590195 0.59414404630661 -0.11677563935518
vn 0.83023238182068 0.54789334535599 -0.10260187089443
vn 0.69891047477722 0.70338261127472 -0.12952634692192
vn 0.6578204035759 0.73998820781708 -0.14032039046288
vn 0.73800522089005 0.66421902179718 -0.11900172382593
vn 0.77613949775696 0.62155377864838 -0.10620001703501
vn 0.81338608264923 0.5749614238739 -0.08844452351332
vn 0.67009764909744 0.73294943571091 -0.11727880686522
vn 0.62521052360535 0.76998996734619 -0.12738627195358
vn 0.71308451890945 0.69296383857727 -0.10635571926832
vn 0.75522089004517 0.64902806282043 -0.09167285263538
vn 0.79652643203735 0.60055422782898 -0.06985872983932
vn 0.945376932621 0.32161340117455 0.05317239463329
vn 0.92220586538315 0.38660743832588 -0.00843048654497
vn 0.9334317445755 0.34177824854851 0.10905443876982
vn 0.91172444820404 0.40946942567825 0.03306445479393
vn 0.91864949464798 0.35450822114944 0.17437605559826
vn 0.90104013681412 0.42564705014229 0.08337434381247
vn 0.89832204580307 0.36056759953499 0.25101488828659
vn 0.88838368654251 0.43569773435593 0.14471305906773
vn 0.89422506093979 0.44455713033676 -0.0522542335093
vn 0.88266652822494 0.46943581104279 -0.02301689609885
vn 0.87204325199127 0.48924711346626 0.01333584543318
vn 0.86126291751862 0.50473922491074 0.05885967612267
vn 0.86321777105331 0.49807551503181 -0.08231554180384
vn 0.84925752878189 0.52431011199951 -0.06213364005089
vn 0.8361234664917 0.54732769727707 -0.03646852448583
vn 0.82287114858627 0.56821620464325 -0.00366302463226
vn 0.52345317602158 0.38007199764252 0.76258903741837
vn 0.65239465236664 0.45322674512863 0.60742628574371
vn 0.77417677640915 0.43898326158524 0.45600879192352
vn 0.72179609537125 0.35842633247375 0.5920649766922
vn 0.70485931634903 0.5535923242569 0.44351875782013
vn 0.78742790222168 0.53581029176712 0.30473700165749
vn 0.68905347585678 0.66421830654144 0.28986102342606
vn 0.75364845991135 0.63319152593613 0.17630219459534
vn 0.83559954166412 0.44160276651382 0.32674214243889
vn 0.81184107065201 0.36165580153465 0.45838758349419
vn 0.82664585113525 0.52636826038361 0.19898012280464
vn 0.78718370199203 0.60908925533295 0.09670586138964
vn 0.86927843093872 0.44087445735931 0.22357252240181
vn 0.86585664749146 0.36253708600998 0.34475949406624
vn 0.84784698486328 0.51686519384384 0.11834648996592
vn 0.80772233009338 0.58826684951782 0.03907312080264
vn 0.90741246938705 -0.28900355100632 0.30508941411972
vn 0.89056813716888 -0.31010353565216 0.3327524960041
vn 0.86394053697586 -0.34511831402779 0.36674246191978
vn 0.82496863603592 -0.39514857530594 0.40408462285995
vn 0.93697464466095 -0.1855280995369 0.2960706949234
vn 0.92295658588409 -0.19792664051056 0.33011543750763
vn 0.90080112218857 -0.22460816800594 0.37162950634956
vn 0.86807161569595 -0.26793587207794 0.41792595386505
vn 0.95276325941086 -0.0954458117485 0.28832677006721
vn 0.93965095281601 -0.10038883239031 0.32707512378693
vn 0.91982465982437 -0.11942805349827 0.37371048331261
vn 0.89128839969635 -0.15564425289631 0.42588716745377
vn 0.9595091342926 -0.00958183873445 0.28151455521584
vn 0.94580739736557 -0.00784166902304 0.32463353872299
vn 0.92660784721375 -0.0198611356318 0.37550419569016
vn 0.90044152736664 -0.04953406751156 0.43214744329453
vn 0.46783512830734 -0.72550046443939 0.50475668907166
vn 0.59204453229904 -0.63525158166885 0.49592205882072
vn 0.53374093770981 -0.62427300214767 0.57044172286987
vn 0.65806877613068 -0.51630544662476 0.54806405305862
vn 0.58657616376877 -0.51972246170044 0.62114161252975
vn 0.70561587810516 -0.39971989393234 0.58508992195129
vn 0.62693524360657 -0.40867617726326 0.66327667236328
vn 0.73715221881866 -0.28242117166519 0.61387687921524
vn 0.6927502155304 -0.54410183429718 0.47333961725235
vn 0.75248408317566 -0.41541093587875 0.51107877492905
vn 0.79101520776749 -0.29508474469185 0.53592908382416
vn 0.81276905536652 -0.17828778922558 0.55463492870331
vn 0.76950019598007 -0.46179708838463 0.44114953279495
vn 0.82057976722717 -0.3311105966568 0.46584823727608
vn 0.85034537315369 -0.213170170784 0.48111462593079
vn 0.8643239736557 -0.10108397901058 0.49267241358757
vn 0.44929620623589 0.50664407014847 0.73582923412323
vn 0.49813973903656 0.5702868103981 0.65316903591156
vn 0.68836897611618 0.23180189728737 0.68732529878616
vn 0.61987107992172 0.12477100640535 0.77472066879272
vn 0.53652894496918 0.61588060855865 0.5769122838974
vn 0.73486763238907 0.30720308423042 0.60464525222778
vn 0.57260936498642 0.64651143550873 0.50412446260452
vn 0.77157700061798 0.35584935545921 0.52729511260986
vn 0.61060756444931 0.66417330503464 0.43131455779076
vn 0.80487585067749 0.38264271616936 0.45360717177391
vn 0.74539935588837 0.00536089856178 0.66659659147263
vn 0.6599292755127 -0.11873769015074 0.74188590049744
vn 0.80132436752319 0.09727188944817 0.59026896953583
vn 0.84108364582062 0.15907976031303 0.51698344945908
vn 0.87260776758194 0.19578123092651 0.44746550917625
vn 0.75272387266159 -0.15397778153419 0.6400762796402
vn 0.65364623069763 -0.2818503677845 0.70235818624496
vn 0.8184854388237 -0.0537813603878 0.57200455665588
vn 0.86346030235291 0.01694805547595 0.50413203239441
vn 0.89631527662277 0.06186597421765 0.43908032774925
vn 0.89946687221527 0.36177125573158 0.24511398375034
vn 0.74350661039352 0.64158451557159 0.18859295547009
vn 0.94424480199814 0.19563323259354 0.26481947302818
vn 0.95805680751801 0.08224907517433 0.27452185750008
vn 0.8692312836647 0.38320404291153 0.31239652633667
vn 0.69711166620255 0.66215884685516 0.27491986751556
vn 0.9235902428627 0.21039171516895 0.32049399614334
vn 0.94213062524796 0.090386711061 0.32283145189285
vn 0.8373407125473 0.39094272255898 0.38213130831718
vn 0.65219056606293 0.6694900393486 0.35557076334953
vn 0.89968472719192 0.21165753901005 0.38179633021355
vn 0.92180472612381 0.08501178026199 0.37821823358536
vn -0.52069425582886 0.75959128141403 -0.38974171876907
vn -0.56579291820526 0.74928605556488 -0.34416395425797
vn -0.34366074204445 0.85584086179733 -0.38656651973724
vn -0.3901948928833 0.85043251514435 -0.35286328196526
vn -0.06903739273548 0.93027120828629 -0.36031833291054
vn -0.11517244577408 0.93346434831619 -0.3396757543087
vn 0.22294016182423 0.92578381299973 -0.30532270669937
vn 0.18332135677338 0.93765366077423 -0.29529464244843
vn -0.57441735267639 0.76052778959274 -0.30272451043129
vn -0.40638434886932 0.8578889966011 -0.31444901227951
vn -0.13928705453873 0.94084894657135 -0.30887278914452
vn 0.15131311118603 0.94959056377411 -0.27455794811249
vn -0.54441845417023 0.79773944616318 -0.25926873087883
vn -0.37503412365913 0.88687390089035 -0.26982238888741
vn -0.12291783094406 0.95552891492844 -0.26805919408798
vn 0.12841619551182 0.96100223064423 -0.24491633474827
vn -0.45932453870773 0.86271238327026 -0.21153792738914
vn -0.27492967247963 0.93599557876587 -0.21983173489571
vn -0.04444159939885 0.97366601228714 -0.22360561788082
vn 0.11740171164274 0.9682788848877 -0.22057390213013
vn 0.63044655323029 0.75804942846298 -0.16702763736248
vn 0.65257030725479 0.73795413970947 -0.17197602987289
vn 0.60446965694427 0.7810018658638 -0.15701101720333
vn 0.56795209646225 0.81063061952591 -0.14250761270523
vn 0.5082648396492 0.8521825671196 -0.12430492788553
vn 0.54689085483551 0.81373059749603 -0.19685767591
vn 0.57127469778061 0.79556721448898 -0.20178706943989
vn 0.51916074752808 0.83428889513016 -0.18556445837021
vn 0.47680529952049 0.86254513263702 -0.16932989656925
vn 0.40034577250481 0.903853058815 -0.15090708434582
vn 0.40803533792496 0.88060975074768 -0.24090160429478
vn 0.43847426772118 0.86429888010025 -0.24642994999886
vn 0.37611275911331 0.89829736948013 -0.22715856134892
vn 0.32977053523064 0.92092299461365 -0.2077312618494
vn 0.24817763268948 0.94993674755096 -0.18981038033962
vn 0.10525423288345 0.99204355478287 -0.06907330453396
vn -0.10341124981642 0.98844021558762 -0.1108697578311
vn -0.30661001801491 0.93819504976273 -0.16056273877621
vn 0.27933996915817 0.95629155635834 -0.08646169304848
vn 0.09858243912458 0.98782116174698 -0.1203781068325
vn -0.10423307865858 0.98035007715225 -0.16747888922691
vn 0.41408321261406 0.90417373180389 -0.10490430891514
vn 0.27457442879677 0.95220631361008 -0.13383561372757
vn 0.10221426188946 0.97886329889297 -0.17714071273804
vn 0.42060047388077 0.31479877233505 -0.85088008642197
vn 0.05028663575649 0.48716941475868 -0.87185847759247
vn 0.60805684328079 0.26176995038986 -0.74949544668198
vn 0.27166107296944 0.45813027024269 -0.84635508060455
vn 0.75718712806702 0.23340675234795 -0.61007285118103
vn 0.51249349117279 0.43229165673256 -0.74193960428238
vn 0.84950858354568 0.24183931946754 -0.46888044476509
vn 0.69952392578125 0.42231062054634 -0.57647204399109
vn -0.25116276741028 0.56425786018372 -0.78646701574326
vn -0.0696339905262 0.57363480329514 -0.81614595651627
vn 0.19304350018501 0.59018439054489 -0.78384733200073
vn 0.46309861540794 0.59862858057022 -0.65359276533127
vn -0.43212670087814 0.59220433235168 -0.68011808395386
vn -0.29466778039932 0.62647044658661 -0.72159940004349
vn -0.06566935777664 0.67982226610184 -0.73043084144592
vn 0.19335967302322 0.72059208154678 -0.66585212945938
vn -0.52030336856842 0.61390465497971 -0.59363752603531
vn -0.39810913801193 0.66388767957687 -0.6330578327179
vn -0.18444557487965 0.731141269207 -0.65681982040405
vn 0.01853553391993 0.76467508077621 -0.64414942264557
vn 0.79753559827805 0.52311360836029 -0.30048152804375
vn 0.8061563372612 0.4973176419735 -0.32060438394547
vn 0.88784593343735 0.36952608823776 -0.27418980002403
vn 0.67335814237595 0.64510947465897 -0.36114066839218
vn 0.67785757780075 0.63159364461899 -0.37629580497742
vn 0.4789862036705 0.76436477899551 -0.43164649605751
vn 0.48163348436356 0.75849747657776 -0.43898835778236
vn 0.20884966850281 0.84580141305923 -0.49091929197311
vn 0.21045026183128 0.8436678647995 -0.49389800429344
vn 0.80851238965988 0.46568667888641 -0.35978284478188
vn 0.89493268728256 0.32347041368484 -0.30734726786613
vn 0.66983902454376 0.61399465799332 -0.41752395033836
vn 0.45618119835854 0.74929457902908 -0.48005872964859
vn 0.17018358409405 0.83022552728653 -0.5308136343956
vn 0.7874641418457 0.43597269058228 -0.43569251894951
vn 0.88837027549744 0.27774131298065 -0.36559262871742
vn 0.62054336071014 0.60073125362396 -0.50403171777725
vn 0.3743189573288 0.73837667703629 -0.56096816062927
vn 0.09129978716373 0.80006617307663 -0.59292370080948
vn -0.52336889505386 0.71525019407272 -0.46314382553101
vn -0.50259518623352 0.73974454402924 -0.44741049408913
vn -0.54114234447479 0.68292361497879 -0.49069365859032
vn -0.54818993806839 0.64528572559357 -0.53206598758698
vn -0.35536730289459 0.79035770893097 -0.49904790520668
vn -0.34084716439247 0.80272459983826 -0.48934280872345
vn -0.38999047875404 0.75650954246521 -0.52497690916061
vn -0.41798239946365 0.7086672782898 -0.56840246915817
vn -0.09609785676003 0.85096651315689 -0.51635372638702
vn -0.09185642004013 0.85447436571121 -0.51130813360214
vn -0.13877719640732 0.82583194971085 -0.54657346010208
vn -0.18906152248383 0.7801206111908 -0.59637868404388
vn 0.78991371393204 0.54450446367264 -0.28204828500748
vn 0.78271549940109 0.5671289563179 -0.25636142492294
vn 0.77167665958405 0.59360301494598 -0.22836503386497
vn 0.75318032503128 0.62566649913788 -0.20312777161598
vn 0.67398983240128 0.65288132429123 -0.3456639945507
vn 0.68291294574738 0.65958350896835 -0.31397372484207
vn 0.68874150514603 0.67096745967865 -0.27465948462486
vn 0.6810690164566 0.69223475456238 -0.238654717803
vn 0.48657092452049 0.76468253135681 -0.42250370979309
vn 0.52166450023651 0.76131999492645 -0.38504284620285
vn 0.55901777744293 0.7592591047287 -0.33320370316505
vn 0.57197135686874 0.76766234636307 -0.28903856873512
vn 0.22242917120457 0.8452222943306 -0.48592644929886
vn 0.29744264483452 0.84482878446579 -0.44473832845688
vn 0.39740034937859 0.83501833677292 -0.3805488049984
vn 0.46596124768257 0.82061326503754 -0.33086857199669
vn 0.6757584810257 0.71619987487793 -0.17437939345837
vn 0.59863901138306 0.77480250597 -0.20325450599194
vn 0.47515666484833 0.84431338310242 -0.24771170318127
vn 0.27418547868729 0.91007697582245 -0.31077688932419
vn 0.70170676708221 0.68982517719269 -0.17818184196949
vn 0.62946444749832 0.74908137321472 -0.20652261376381
vn 0.51713967323303 0.81810593605042 -0.25153368711472
vn 0.33992281556129 0.8851957321167 -0.31761771440506
vn 0.72838968038559 0.65936183929443 -0.18625378608704
vn 0.65897518396378 0.72049534320831 -0.21595868468285
vn 0.55422419309616 0.78970557451248 -0.26306003332138
vn 0.41201189160347 0.85096496343613 -0.32573735713959
vn -0.43623265624046 0.78638350963593 -0.43738082051277
vn -0.29374668002129 0.8264896273613 -0.48023724555969
vn -0.06483843922615 0.86075645685196 -0.50487059354782
vn -0.26764813065529 0.86732363700867 -0.41965961456299
vn -0.14105072617531 0.88108170032501 -0.45144185423851
vn 0.05559153109789 0.88256454467773 -0.46689337491989
vn -0.00199945038185 0.92610818147659 -0.37725275754929
vn 0.0981198400259 0.91411679983139 -0.39339923858643
vn 0.23672406375408 0.88572037220001 -0.39932587742805
vn 0.27485343813896 -0.87318205833435 0.40250310301781
vn 0.33912372589111 -0.79993587732315 0.49507337808609
vn 0.18022938072681 -0.90770781040192 0.37892463803291
vn 0.22588810324669 -0.85269522666931 0.47104716300964
vn 0.10122495889664 -0.92927491664886 0.35524874925613
vn 0.12809988856316 -0.88722175359726 0.44320201873779
vn 0.03274931013584 -0.94090098142624 0.33709460496902
vn 0.04177615046501 -0.90694457292557 0.41917338967323
vn 0.39669859409332 -0.71989190578461 0.56954878568649
vn 0.26965370774269 -0.79169780015945 0.548180103302
vn 0.15585958957672 -0.84077799320221 0.51845943927765
vn 0.05327699333429 -0.87010985612869 0.48996978998184
vn 0.44723558425903 -0.63353472948074 0.63135886192322
vn 0.31082987785339 -0.72420144081116 0.6155623793602
vn 0.18363104760647 -0.78900247812271 0.586305975914
vn 0.06611239910126 -0.82932019233704 0.55484879016876
vn 0.4903718829155 -0.5368264913559 0.68655133247375
vn 0.34864336252213 -0.64606857299805 0.67900156974792
vn 0.21048550307751 -0.72798955440521 0.65247768163681
vn 0.07917265594006 -0.78106451034546 0.6194109916687
vn -0.26696372032166 -0.89839947223663 0.34872442483902
vn -0.32397374510765 -0.85620856285095 0.40242752432823
vn -0.21459752321243 -0.89242744445801 0.39688938856125
vn -0.17406994104385 -0.92582094669342 0.33549249172211
vn -0.37406107783318 -0.81244218349457 0.44723153114319
vn -0.25005498528481 -0.85752665996552 0.449578166008
vn -0.41941484808922 -0.76583808660507 0.48742514848709
vn -0.28228557109833 -0.82007014751434 0.49779495596886
vn -0.46180975437164 -0.71330517530441 0.52718824148178
vn -0.31310838460922 -0.7769238948822 0.54621648788452
vn -0.12209238111973 -0.91019648313522 0.39577236771584
vn -0.09791783243418 -0.93987119197845 0.32719153165817
vn -0.14208637177944 -0.87908732891083 0.45499113202095
vn -0.15958276391029 -0.84548300504684 0.50959968566895
vn -0.17621709406376 -0.80629354715347 0.56465768814087
vn -0.03921233862638 -0.91439908742905 0.40291029214859
vn -0.03138079494238 -0.94435775279999 0.32741969823837
vn -0.04359761252999 -0.88258177042007 0.46813315153122
vn -0.04597490653396 -0.84781640768051 0.52829313278198
vn -0.04771029576659 -0.80689966678619 0.58875858783722
vn -0.56780987977982 0.10981823503971 0.81580138206482
vn -0.42724502086639 0.05957479029894 0.90217101573944
vn -0.42206901311874 -0.45318281650543 0.78516435623169
vn -0.58842372894287 -0.36643728613853 0.72075045108795
vn -0.26776069402695 0.04545504227281 0.9624125957489
vn -0.24731758236885 -0.48922526836395 0.83635675907135
vn -0.10343381017447 0.07352540642023 0.99191504716873
vn -0.07298551499844 -0.47180220484734 0.87867844104767
vn 0.05199247971177 0.13917809724808 0.98890155553818
vn 0.09694315493107 -0.4039498269558 0.90962988138199
vn -0.37990602850914 -0.6341924071312 0.67340290546417
vn -0.54581755399704 -0.55129939317703 0.63099294900894
vn -0.21594603359699 -0.67099803686142 0.7093158364296
vn -0.05689046904445 -0.6640305519104 0.74553799629211
vn 0.09961741417646 -0.61567658185959 0.78167688846588
vn -0.34461852908134 -0.72109079360962 0.60105419158936
vn -0.50320738554001 -0.64776480197906 0.5719992518425
vn -0.19396087527275 -0.75443321466446 0.6270644068718
vn -0.05045208334923 -0.7523273229599 0.65685474872589
vn 0.09113843739033 -0.71712362766266 0.69096130132675
vn 0.52364331483841 -0.00949222035706 0.85188472270966
vn 0.38393187522888 0.42482250928879 0.81983059644699
vn 0.54293471574783 -0.26329782605171 0.79743093252182
vn 0.52425426244736 -0.42073267698288 0.74036580324173
vn 0.40231782197952 -0.15543489158154 0.90220862627029
vn 0.29837965965271 0.32968229055405 0.89570039510727
vn 0.40532070398331 -0.40615460276604 0.81899547576904
vn 0.38156574964523 -0.54791331291199 0.74444514513016
vn 0.2578232884407 -0.29360502958298 0.92050158977509
vn 0.18782113492489 0.22984509170055 0.95493167638779
vn 0.25488612055779 -0.52789098024368 0.81016302108765
vn 0.23518896102905 -0.64874452352524 0.72375184297562
vn -0.36951673030853 -0.85477763414383 0.36443465948105
vn -0.44008529186249 -0.79925048351288 0.40929645299912
vn -0.4695520401001 -0.79687654972076 0.38014295697212
vn -0.54793471097946 -0.7263395190239 0.41496804356575
vn -0.56281965970993 -0.72840213775635 0.39072278141975
vn -0.64353340864182 -0.64329963922501 0.41476532816887
vn -0.64533656835556 -0.65487307310104 0.39329621195793
vn -0.72331959009171 -0.55842041969299 0.40617164969444
vn -0.50078266859055 -0.74254924058914 0.4447890818119
vn -0.61305612325668 -0.65573883056641 0.44064581394196
vn -0.70769828557968 -0.56024050712585 0.43045750260353
vn -0.78309613466263 -0.46559977531433 0.41228294372559
vn -0.55430608987808 -0.68316060304642 0.47543275356293
vn -0.6681866645813 -0.58357089757919 0.46148842573166
vn -0.75935983657837 -0.47770321369171 0.44178301095963
vn -0.82860070466995 -0.37586098909378 0.41490888595581
vn -0.6022857427597 -0.618299305439 0.50493347644806
vn -0.71503335237503 -0.50742125511169 0.48088556528091
vn -0.80060732364655 -0.39350253343582 0.45186692476273
vn -0.86273038387299 -0.28644421696663 0.41670855879784
vn -0.84898126125336 -0.410030990839 0.33332484960556
vn -0.90765196084976 -0.2910692691803 0.30240142345428
vn -0.87759917974472 -0.34202894568443 0.33591052889824
vn -0.81492269039154 -0.45801836252213 0.35513398051262
vn -0.94499939680099 -0.18255163729191 0.27138718962669
vn -0.91950756311417 -0.23523172736168 0.31491562724113
vn -0.96672111749649 -0.0836214274168 0.24178034067154
vn -0.94581574201584 -0.13738985359669 0.29420500993729
vn -0.97678530216217 0.00910677760839 0.21402682363987
vn -0.9605016708374 -0.04483056813478 0.27463921904564
vn -0.83849531412125 -0.40425118803978 0.36538556218147
vn -0.77082085609436 -0.51583135128021 0.37383580207825
vn -0.88595443964005 -0.30021649599075 0.35348942875862
vn -0.917859852314 -0.20378047227859 0.34059780836105
vn -0.93804621696472 -0.11131891608238 0.32814234495163
vn -0.78764706850052 -0.47753766179085 0.38931983709335
vn -0.71474277973175 -0.5823814868927 0.38726544380188
vn -0.84140461683273 -0.37787473201752 0.38632747530937
vn -0.87993800640106 -0.28377997875214 0.38102236390114
vn -0.90680211782455 -0.1917650103569 0.37541452050209
vn -0.83885234594345 0.53767764568329 0.08502625674009
vn -0.84456384181976 0.4980782866478 0.19654493033886
vn -0.93301457166672 0.28191632032394 0.22362242639065
vn -0.93430304527283 0.33120447397232 0.13183848559856
vn -0.83975398540497 0.45770907402039 0.29208847880363
vn -0.92582148313522 0.22564700245857 0.30321285128593
vn -0.82761722803116 0.41490703821182 0.37802371382713
vn -0.91311997175217 0.15959565341473 0.3751548230648
vn -0.8086331486702 0.3672853410244 0.45958009362221
vn -0.89282286167145 0.08035904169083 0.44318148493767
vn -0.95905560255051 0.14954906702042 0.24051484465599
vn -0.96593815088272 0.2020198404789 0.16171424090862
vn -0.94698709249496 0.08693671226501 0.30928546190262
vn -0.9285483956337 0.01169950980693 0.37102690339088
vn -0.90028136968613 -0.079011939466 0.4280778169632
vn -0.96529257297516 0.04765717685223 0.25678589940071
vn -0.97698366641998 0.10116814821959 0.18779769539833
vn -0.94812405109406 -0.01770586147904 0.31740713119507
vn -0.92339360713959 -0.09677490592003 0.37145510315895
vn -0.88699132204056 -0.19152577221394 0.42019551992416
vn -0.72030210494995 -0.24809762835503 0.64777493476868
vn -0.67204576730728 0.1788137704134 0.71859592199326
vn -0.68779170513153 -0.43401989340782 0.58186709880829
vn -0.64647495746613 -0.5409015417099 0.53804796934128
vn -0.80656242370605 -0.12587934732437 0.57759112119675
vn -0.7384552359581 0.24912290275097 0.62659531831741
vn -0.78875648975372 -0.30700767040253 0.53254997730255
vn -0.75526577234268 -0.42041635513306 0.50281584262848
vn -0.86007159948349 -0.01470281835645 0.50996142625809
vn -0.78070968389511 0.31248670816422 0.54115098714828
vn -0.85638022422791 -0.18607744574547 0.48165139555931
vn -0.8331903219223 -0.30097496509552 0.46390509605408
vn -0.87591236829758 -0.37289303541183 0.30615073442459
vn -0.93119740486145 -0.25196889042854 0.26340678334236
vn -0.89749246835709 -0.34720340371132 0.27195039391518
vn -0.94957256317139 -0.2250514626503 0.21832038462162
vn -0.91359567642212 -0.33276441693306 0.2336895018816
vn -0.96288758516312 -0.20968614518642 0.16993890702724
vn -0.92391395568848 -0.32986608147621 0.19383335113525
vn -0.97093152999878 -0.20656861364841 0.12091874331236
vn -0.96464347839355 -0.14200310409069 0.22203166782856
vn -0.97936588525772 -0.11346162110567 0.16723929345608
vn -0.98925018310547 -0.09648794680834 0.10988224297762
vn -0.99437350034714 -0.0918830037117 0.05271496251225
vn -0.98221480846405 -0.04180186241865 0.18304823338985
vn -0.99276548624039 -0.01163548324257 0.11950419843197
vn -0.9985089302063 0.00714966002852 0.05411845445633
vn -0.99985289573669 0.01372689381242 -0.01028589811176
vn -0.98785609006882 0.05169881880283 0.14651826024055
vn -0.99371403455734 0.08339541405439 0.0746838003397
vn -0.99457067251205 0.10404866933823 0.00174491188955
vn -0.99117183685303 0.11292915791273 -0.06946463137865
vn -0.89134109020233 -0.44796365499496 0.06956704705954
vn -0.94102662801743 -0.33725646138191 -0.02696148119867
vn -0.95976138114929 -0.28079238533974 -0.00370927876793
vn -0.91287142038345 -0.3982802927494 0.0896579772234
vn -0.96741306781769 -0.22427621483803 -0.11752504110336
vn -0.98212474584579 -0.16508150100708 -0.09043820947409
vn -0.97292065620422 -0.11234236508608 -0.20200139284134
vn -0.98389458656311 -0.05372634157538 -0.1704844981432
vn -0.95908588171005 -0.00100364605896 -0.28311350941658
vn -0.96767342090607 0.05426785349846 -0.24629884958267
vn -0.97007709741592 -0.24079468846321 0.03111816197634
vn -0.92457884550095 -0.36189877986908 0.11909362673759
vn -0.9909411072731 -0.12444142252207 -0.05049835145473
vn -0.99197715520859 -0.01475828420371 -0.1255529075861
vn -0.97641772031784 0.09002066403627 -0.19622629880905
vn -0.97348576784134 -0.21653684973717 0.07373812794685
vn -0.92786753177643 -0.33927327394485 0.15477553009987
vn -0.99491620063782 -0.10069219768047 -0.00167924410198
vn -0.99744528532028 0.00697754696012 -0.07109332084656
vn -0.9846682548523 0.10882767289877 -0.13632678985596
vn -0.40239018201828 0.60436058044434 -0.68762671947479
vn -0.45789003372192 0.63035917282104 -0.62688434123993
vn -0.74099433422089 0.43677958846092 -0.51004993915558
vn -0.71392631530762 0.40468418598175 -0.57143676280975
vn -0.52333229780197 0.64588737487793 -0.55583524703979
vn -0.77548551559448 0.45419630408287 -0.43855205178261
vn -0.5936963558197 0.65109217166901 -0.47286745905876
vn -0.81334000825882 0.45889866352081 -0.35761711001396
vn -0.66348338127136 0.64590191841125 -0.37762486934662
vn -0.85061472654343 0.45220339298248 -0.26826605200768
vn -0.8674236536026 0.28578409552574 -0.40731272101402
vn -0.85438096523285 0.24354714155197 -0.4590402841568
vn -0.88604509830475 0.31073552370071 -0.3440457880497
vn -0.90741497278214 0.32095474004745 -0.2712676525116
vn -0.92858827114105 0.31830352544785 -0.19080545008183
vn -0.93215906620026 0.16406148672104 -0.3227433860302
vn -0.92354238033295 0.11424624174833 -0.36608362197876
vn -0.94377726316452 0.19522169232368 -0.26678264141083
vn -0.95675671100616 0.2102575302124 -0.20101836323738
vn -0.96903151273727 0.21125587821007 -0.12786275148392
vn -0.92697614431381 0.37383875250816 0.03098160400987
vn -0.81755173206329 0.57469928264618 -0.03646802157164
vn -0.96652692556381 0.24546287953854 0.0746573805809
vn -0.983263194561 0.14427717030048 0.11125487834215
vn -0.90984219312668 0.40876165032387 -0.07142186909914
vn -0.7796391248703 0.60637217760086 -0.15644705295563
vn -0.95996749401093 0.27969565987587 -0.01525625959039
vn -0.98366260528564 0.17734071612358 0.03095464222133
vn -0.883744597435 0.43516993522644 -0.17211233079433
vn -0.72710078954697 0.63065248727798 -0.27129653096199
vn -0.94684100151062 0.30419647693634 -0.10467403382063
vn -0.97855997085571 0.19987852871418 -0.0496890693903
vn -0.85855317115784 -0.50918018817902 0.06018320098519
vn -0.91183668375015 -0.40886810421944 -0.03715793415904
vn -0.81386870145798 -0.57788556814194 0.06054750829935
vn -0.87038296461105 -0.49109756946564 -0.03545005992055
vn -0.75775402784348 -0.64892649650574 0.06857968121767
vn -0.81573140621185 -0.57793813943863 -0.02387044019997
vn -0.69097983837128 -0.71828216314316 0.08134847134352
vn -0.7479220032692 -0.66375702619553 -0.00627144379541
vn -0.94439649581909 -0.30192822217941 -0.13020974397659
vn -0.90984827280045 -0.39424568414688 -0.12940818071365
vn -0.86105966567993 -0.49492451548576 -0.11673031747341
vn -0.79643571376801 -0.59704130887985 -0.09608257561922
vn -0.95672982931137 -0.19190952181816 -0.2187207788229
vn -0.93106269836426 -0.29008987545967 -0.22129200398922
vn -0.89144706726074 -0.40123581886292 -0.21055164933205
vn -0.83410203456879 -0.51790481805801 -0.1898639947176
vn -0.94889682531357 -0.07853468507528 -0.30565857887268
vn -0.93246352672577 -0.1780924052 -0.31431657075882
vn -0.90400218963623 -0.29537400603294 -0.30908605456352
vn -0.85741174221039 -0.42382562160492 -0.29191941022873
vn -0.3342020213604 -0.93293392658234 0.13395270705223
vn -0.36575108766556 -0.92822027206421 0.06806786358356
vn -0.47452461719513 -0.87868416309357 0.05235032737255
vn -0.43505758047104 -0.89200383424759 0.12269475311041
vn -0.39609450101852 -0.91820341348648 -0.00341880624183
vn -0.51248222589493 -0.85838776826859 -0.02307313680649
vn -0.42514407634735 -0.90114110708237 -0.08483652770519
vn -0.54845505952835 -0.82919007539749 -0.10789288580418
vn -0.45228189229965 -0.87264811992645 -0.18419095873833
vn -0.58101111650467 -0.78650951385498 -0.20935349166393
vn -0.57581436634064 -0.81685584783554 0.03441428765655
vn -0.52881497144699 -0.84155994653702 0.11014321446419
vn -0.62017691135406 -0.78312265872955 -0.04582035541534
vn -0.66074699163437 -0.73848360776901 -0.13437002897263
vn -0.69510143995285 -0.67853516340256 -0.23753744363785
vn -0.66756546497345 -0.74441802501678 0.0140783386305
vn -0.61439567804337 -0.78314083814621 0.0959604755044
vn -0.71573519706726 -0.6947278380394 -0.07124841958284
vn -0.75704157352448 -0.63268917798996 -0.1630719602108
vn -0.788181245327 -0.55474996566772 -0.26650103926659
vn -0.20052529871464 0.09338077157736 -0.97522801160812
vn -0.24405407905579 0.16889977455139 -0.95494002103806
vn -0.52314782142639 -0.31346550583839 -0.79249966144562
vn -0.42194408178329 -0.43465706706047 -0.79563587903976
vn -0.27369004487991 0.25050655007362 -0.92862278223038
vn -0.5977001786232 -0.17676073312759 -0.78199112415314
vn -0.29110458493233 0.33029094338417 -0.89786750078201
vn -0.64376932382584 -0.03899209201336 -0.76422554254532
vn -0.30199205875397 0.40317863225937 -0.86385637521744
vn -0.66742557287216 0.08801059424877 -0.73945736885071
vn -0.60711765289307 -0.59032267332077 -0.53190910816193
vn -0.48147213459015 -0.70999836921692 -0.51389390230179
vn -0.70721811056137 -0.44784435629845 -0.54706305265427
vn -0.77610737085342 -0.29608172178268 -0.55677008628845
vn -0.81611669063568 -0.14880818128586 -0.5583992600441
vn -0.60590851306915 -0.71826153993607 -0.34201639890671
vn -0.47489914298058 -0.82088708877563 -0.31719905138016
vn -0.71720653772354 -0.59175777435303 -0.36801841855049
vn -0.80182123184204 -0.45088681578636 -0.39215281605721
vn -0.85859423875809 -0.30714848637581 -0.4104580283165
vn -0.69596350193024 0.35510414838791 -0.62412810325623
vn -0.36008688807487 0.56792008876801 -0.74013793468475
vn -0.84722924232483 0.18021354079247 -0.4997256398201
vn -0.91710436344147 0.04206255823374 -0.39642184972763
vn -0.6853683590889 0.28613677620888 -0.66962373256683
vn -0.3311919271946 0.52194082736969 -0.78605961799622
vn -0.84267234802246 0.09328760951757 -0.53028362989426
vn -0.9085785150528 -0.05414894968271 -0.41418960690498
vn -0.67819255590439 0.19720976054668 -0.70792883634567
vn -0.31330439448357 0.4671134352684 -0.82682847976685
vn -0.83507454395294 -0.01696199551225 -0.54987525939941
vn -0.89168155193329 -0.17201995849609 -0.41870409250259
vn -0.23554800450802 -0.96068906784058 0.14694793522358
vn -0.26010742783546 -0.96189051866531 0.08432513475418
vn -0.14678832888603 -0.9753720164299 0.16462869942188
vn -0.16580386459827 -0.98065853118896 0.10400941967964
vn -0.06556386500597 -0.98010420799255 0.18734234571457
vn -0.07967914640903 -0.98856180906296 0.12805013358593
vn 0.01012514252216 -0.97661507129669 0.2147568166256
vn 0.00093074108008 -0.98771405220032 0.15626925230026
vn -0.28331884741783 -0.95889514684677 0.01582732982934
vn -0.18316444754601 -0.98235923051834 0.03769752010703
vn -0.09193018823862 -0.99374556541443 0.06339278072119
vn -0.00632586237043 -0.99562990665436 0.09317258000374
vn -0.30528116226196 -0.95019406080246 -0.06272701174021
vn -0.19913169741631 -0.97921484708786 -0.03853423520923
vn -0.10265661031008 -0.99465733766556 -0.01088058389723
vn -0.01203191280365 -0.99970883131027 0.0209171064198
vn -0.32589396834373 -0.93180251121521 -0.15980352461338
vn -0.21383759379387 -0.96773386001587 -0.13328406214714
vn -0.11206750571728 -0.98830318450928 -0.10342985391617
vn -0.0163667332381 -0.99747884273529 -0.06905119866133
vn 0.29360261559486 -0.89222919940948 0.34311017394066
vn 0.31431096792221 -0.90250134468079 0.29444843530655
vn 0.23249459266663 -0.93736374378204 0.25941377878189
vn 0.22132067382336 -0.92390322685242 0.3121218085289
vn 0.33457562327385 -0.91000837087631 0.24483443796635
vn 0.24425841867924 -0.9478816986084 0.20459254086018
vn 0.35476979613304 -0.91546106338501 0.18991954624653
vn 0.25667560100555 -0.95583313703537 0.14318069815636
vn 0.37573945522308 -0.91861617565155 0.12232810258865
vn 0.27020832896233 -0.96044683456421 0.06730079650879
vn 0.15479415655136 -0.96236950159073 0.22334665060043
vn 0.15169702470303 -0.94824951887131 0.27894592285156
vn 0.15919567644596 -0.97340422868729 0.164745002985
vn 0.16473679244518 -0.98140925168991 0.09847692400217
vn 0.17156352102756 -0.98503750562668 0.01634178310633
vn 0.07836647331715 -0.97897171974182 0.18834306299686
vn 0.08198190480471 -0.9658397436142 0.24583029747009
vn 0.07652076333761 -0.98893052339554 0.12712605297565
vn 0.07610501348972 -0.9954469203949 0.05738899856806
vn 0.07705595344305 -0.99659776687622 -0.0292452480644
vn 0.28091663122177 -0.19278635084629 -0.94016981124878
vn 0.19088752567768 -0.16788046061993 -0.96714949607849
vn 0.30621805787086 -0.75717085599899 -0.57699459791183
vn 0.43836537003517 -0.7555068731308 -0.48687282204628
vn 0.11925275623798 -0.13998094201088 -0.9829466342926
vn 0.18978309631348 -0.740707218647 -0.64446502923965
vn 0.05922674387693 -0.11234469711781 -0.99190264940262
vn 0.08524971455336 -0.71495622396469 -0.69395250082016
vn 0.00539208902046 -0.08441992104053 -0.99641567468643
vn -0.01249916572124 -0.68320173025131 -0.73012274503708
vn 0.30358648300171 -0.92684859037399 -0.22087773680687
vn 0.42612767219543 -0.89400994777679 -0.13842482864857
vn 0.19030602276325 -0.93760299682617 -0.29100558161736
vn 0.0838839635253 -0.93347710371017 -0.34868890047073
vn -0.01925789564848 -0.91828346252441 -0.39545500278473
vn 0.28576710820198 -0.95746976137161 -0.03986062481999
vn 0.39904710650444 -0.916548371315 0.02646688558161
vn 0.18014428019524 -0.97862070798874 -0.09924463927746
vn 0.07959472388029 -0.98537081480026 -0.15069516003132
vn -0.01915006898344 -0.98071253299713 -0.19451536238194
vn -0.3114500939846 -0.52828478813171 -0.78988230228424
vn -0.14929741621017 0.03122852742672 -0.98829907178879
vn -0.35113301873207 -0.79675531387329 -0.49181967973709
vn -0.34370562434196 -0.89259260892868 -0.29179593920708
vn -0.20710569620132 -0.59525942802429 -0.77638483047485
vn -0.09737231582403 -0.01649783551693 -0.99511128664017
vn -0.23251196742058 -0.85422670841217 -0.46501061320305
vn -0.22653687000275 -0.93767017126083 -0.26354452967644
vn -0.10849525779486 -0.64463394880295 -0.75675344467163
vn -0.0460471175611 -0.05367317423224 -0.99749630689621
vn -0.1232623681426 -0.89269542694092 -0.43347573280334
vn -0.11981247365475 -0.96539008617401 -0.23166117072105
vn 0.36386203765869 -0.85640043020248 0.36630952358246
vn 0.39425098896027 -0.86072647571564 0.32204976677895
vn 0.42751681804657 -0.82128632068634 0.37778049707413
vn 0.46622824668884 -0.81780827045441 0.33737349510193
vn 0.48717793822289 -0.78701853752136 0.37849634885788
vn 0.53242456912994 -0.77463114261627 0.34127801656723
vn 0.54459512233734 -0.75257581472397 0.37019699811935
vn 0.59413528442383 -0.73086041212082 0.33592608571053
vn 0.42286518216133 -0.86242258548737 0.27823069691658
vn 0.5016240477562 -0.81185555458069 0.29877060651779
vn 0.57264584302902 -0.76012605428696 0.3070587515831
vn 0.63716125488281 -0.70770686864853 0.30524829030037
vn 0.45050114393234 -0.86249959468842 0.23052804172039
vn 0.53502786159515 -0.80460035800934 0.25761100649834
vn 0.60978543758392 -0.74466186761856 0.27136769890785
vn 0.67606276273727 -0.68404144048691 0.27390959858894
vn 0.47840845584869 -0.86108911037445 0.17219449579716
vn 0.56808930635452 -0.79631507396698 0.20774225890636
vn 0.64586478471756 -0.72844654321671 0.22852629423141
vn 0.71334475278854 -0.65968662500381 0.23654347658157
vn 0.75584137439728 -0.58844500780106 0.2871170938015
vn 0.70445889234543 -0.63577401638031 0.31548234820366
vn 0.79718446731567 -0.5431050658226 0.26369267702103
vn 0.83232921361923 -0.49919998645782 0.24088886380196
vn 0.864577293396 -0.45476627349854 0.21376083791256
vn 0.70641869306564 -0.63812470436096 0.30621805787086
vn 0.65414744615555 -0.67763769626617 0.33600327372551
vn 0.74963957071304 -0.59928017854691 0.28089824318886
vn 0.78714948892593 -0.56117725372314 0.25588226318359
vn 0.82211148738861 -0.52249336242676 0.22612692415714
vn 0.65215593576431 -0.68561184406281 0.32346403598785
vn 0.60040885210037 -0.71649891138077 0.35515996813774
vn 0.69608902931213 -0.65423434972763 0.29569831490517
vn 0.73500269651413 -0.62292242050171 0.26784080266953
vn 0.77183222770691 -0.59091913700104 0.23471181094646
vn 0.8732106089592 0.10693634301424 -0.47546589374542
vn 0.97190624475479 -0.23172065615654 -0.04127729684114
vn 0.83949851989746 0.0323247499764 -0.54239958524704
vn 0.94540613889694 -0.32091814279556 -0.05673461034894
vn 0.78733563423157 -0.04124804213643 -0.61514323949814
vn 0.9072208404541 -0.41236129403114 -0.08311708271503
vn 0.86187267303467 -0.4231966137886 -0.2794281244278
vn 0.85445314645767 -0.50400680303574 -0.12604355812073
vn 0.93251204490662 -0.34455078840256 0.10819440335035
vn 0.89795684814453 -0.42596006393433 0.11059607565403
vn 0.85378742218018 -0.50962644815445 0.10643282532692
vn 0.79854482412338 -0.59493440389633 0.09153842180967
vn 0.89676129817963 -0.40643042325974 0.17502431571484
vn 0.85756677389145 -0.48040783405304 0.18381385505199
vn 0.80973774194717 -0.55592650175095 0.18780437111855
vn 0.75233781337738 -0.63265872001648 0.18365938961506
vn 0.57267302274704 -0.72603213787079 -0.3806873857975
vn 0.38985830545425 -0.20579518377781 -0.89758503437042
vn 0.54508382081985 -0.8365563750267 -0.05529125407338
vn 0.50889152288437 -0.85619050264359 0.08925929665565
vn 0.6896761059761 -0.66898685693741 -0.27713432908058
vn 0.67849516868591 -0.56245058774948 -0.47253951430321
vn 0.64658313989639 -0.76273357868195 0.01295389793813
vn 0.6037295460701 -0.78534257411957 0.13692234456539
vn 0.78325319290161 -0.59186261892319 -0.19029726088047
vn 0.78360563516617 -0.50253367424011 -0.36526986956596
vn 0.73029923439026 -0.68034595251083 0.06158261746168
vn 0.68421322107315 -0.7097173333168 0.16779035329819
vn 0.09039287269115 0.82995045185089 0.5504646897316
vn 0.11632510274649 0.85023713111877 0.5133860707283
vn 0.05712203681469 0.8083124756813 0.58597612380981
vn 0.01511313952506 0.78635638952255 0.61758822202682
vn -0.03620716184378 0.76603901386261 0.64177358150482
vn -0.16115084290504 0.96094906330109 0.22496077418327
vn -0.18215891718864 0.95556026697159 0.23178146779537
vn -0.13981136679649 0.9659783244133 0.21757458150387
vn -0.11648555099964 0.97073584794998 0.21000719070435
vn -0.08971254527569 0.97500741481781 0.20325399935246
vn -0.28943064808846 0.95689243078232 0.02422272227705
vn -0.34586560726166 0.93731516599655 0.04262862354517
vn -0.23133480548859 0.97282642126083 0.00964394491166
vn -0.17072769999504 0.98531752824783 -0.00120207190048
vn -0.1064832881093 0.99428170919418 -0.00807353854179
vn -0.34869900345802 0.93319886922836 -0.08688451349735
vn -0.42552039027214 0.90241169929504 -0.06771633028984
vn -0.27069568634033 0.95750886201859 -0.0995020121336
vn -0.19146955013275 0.97569411993027 -0.10658514499664
vn -0.11013589799404 0.98791062831879 -0.10909919440746
vn -0.27996212244034 0.74558883905411 0.60474663972855
vn -0.22208425402641 0.7403776049614 0.63444429636002
vn 0.05786664411426 0.97432082891464 0.21760147809982
vn 0.01671331003308 0.9787380695343 0.20443212985992
vn 0.20944058895111 0.97766596078873 0.01743433251977
vn 0.12009961158037 0.99276143312454 0.00090124248527
vn 0.27262061834335 0.95922493934631 -0.07460274547338
vn 0.1646745800972 0.98209524154663 -0.09149454534054
vn -0.15928469598293 0.74129033088684 0.65200996398926
vn -0.02275268174708 0.9798110127449 0.19862695038319
vn 0.03786941990256 0.99925094842911 -0.00796747300774
vn 0.06584622710943 0.99260652065277 -0.10196377336979
vn -0.095583550632 0.75013983249664 0.65433484315872
vn -0.05852368846536 0.97828245162964 0.19884258508682
vn -0.03735705092549 0.99924606084824 -0.01057092100382
vn -0.02506403811276 0.99388074874878 -0.10757723450661
vn 0.19908595085144 0.96278983354568 -0.18275797367096
vn 0.31359001994133 0.93462008237839 -0.16776961088181
vn 0.09511329978704 0.97635865211487 -0.19410614669323
vn -0.00108856952284 0.97895884513855 -0.2040548324585
vn -0.09336405992508 0.97252631187439 -0.21325047314167
vn 0.19622610509396 0.96618402004242 -0.16728346049786
vn 0.31263101100922 0.93777900934219 -0.15110367536545
vn 0.0900127068162 0.97973269224167 -0.17894583940506
vn -0.00827785301954 0.9821155667305 -0.18809704482555
vn -0.10198850929737 0.97542399168015 -0.19531102478504
vn 0.18621543049812 0.9724970459938 -0.13990472257137
vn 0.30119401216507 0.94558137655258 -0.12311790883541
vn 0.08107583224773 0.98515713214874 -0.15130135416985
vn -0.0160288438201 0.98713737726212 -0.15906861424446
vn -0.10788973420858 0.98058062791824 -0.1637727022171
vn -0.47968548536301 0.85024178028107 -0.21677362918854
vn -0.37835961580276 0.8976229429245 -0.22609075903893
vn -0.47909587621689 0.85855436325073 -0.1826239079237
vn -0.38280341029167 0.90271884202957 -0.19636748731136
vn -0.463692933321 0.87547171115875 -0.13615474104881
vn -0.37491810321808 0.91431057453156 -0.15320755541325
vn -0.28002232313156 0.93286603689194 -0.22660192847252
vn -0.28763729333878 0.93631702661514 -0.20143277943134
vn -0.28594571352005 0.94439834356308 -0.16231693327427
vn -0.18541729450226 0.95741730928421 -0.22129724919796
vn -0.19433066248894 0.96028488874435 -0.2002210766077
vn -0.19720597565174 0.96634310483932 -0.165199264884
vn -0.33418267965317 0.75336611270905 0.56635808944702
vn -0.38689082860947 0.76131445169449 0.52030354738235
vn -0.4369723200798 0.76937139034271 0.46596443653107
vn -0.4822955429554 0.77835392951965 0.40194046497345
vn 0.08424444496632 0.96880954504013 0.23304718732834
vn 0.08383735269308 0.96676462888718 0.24153156578541
vn 0.06424424797297 0.96949195861816 0.23655439913273
vn 0.03446911275387 0.97633635997772 0.2134927213192
vn 0.28686639666557 0.9572662115097 0.03673021867871
vn 0.33670538663864 0.94025295972824 0.05053525790572
vn 0.36520645022392 0.92934495210648 0.05424262583256
vn 0.37957522273064 0.92410778999329 0.04413029178977
vn 0.37023267149925 0.92725491523743 -0.05591188743711
vn 0.44128179550171 0.89633566141129 -0.04304302111268
vn 0.49178460240364 0.86984097957611 -0.03904535993934
vn 0.52784383296967 0.8480943441391 -0.04600939527154
vn -0.54320460557938 0.83958661556244 -0.00480940984562
vn -0.55650442838669 0.82100313901901 0.12750151753426
vn -0.0072236135602 0.99300640821457 -0.11783913522959
vn -0.02623488940299 0.99964487552643 0.0046723424457
vn 0.42593193054199 0.8858757019043 -0.18386480212212
vn 0.40426188707352 0.9095179438591 -0.09669224917889
vn 0.6205158829689 0.7559797167778 -0.20845775306225
vn 0.59840577840805 0.78756153583527 -0.14716444909573
vn -0.5463153719902 0.80360805988312 0.23612187802792
vn -0.01966287009418 0.99478429555893 0.10008757561445
vn 0.3927443921566 0.91918039321899 -0.02931291237473
vn 0.5772790312767 0.81049823760986 -0.09920470416546
vn -0.51994830369949 0.78943520784378 0.32626032829285
vn 0.00355401239358 0.98562055826187 0.16893619298935
vn 0.38660421967506 0.92208671569824 0.01712582819164
vn 0.55486541986465 0.82934713363647 -0.06563359498978
vn 0.71213603019714 0.66976821422577 -0.21041104197502
vn 0.73283261060715 0.63359838724136 -0.24801085889339
vn 0.68698483705521 0.70388525724411 -0.1805474460125
vn 0.65585392713547 0.73797523975372 -0.15889677405357
vn 0.61733347177505 0.77308070659637 -0.14575891196728
vn 0.70612841844559 0.68111789226532 -0.19354856014252
vn 0.72722393274307 0.64520668983459 -0.2342084646225
vn 0.68125969171524 0.71402931213379 -0.16139201819897
vn 0.65103560686111 0.74633204936981 -0.13835157454014
vn 0.61377316713333 0.77957308292389 -0.12469279766083
vn 0.67623001337051 0.71577221155167 -0.17430765926838
vn 0.6979478597641 0.6809189915657 -0.22185149788857
vn 0.65221118927002 0.74558627605438 -0.13682724535465
vn 0.62410950660706 0.77352118492126 -0.11023762822151
vn 0.58980464935303 0.80197978019714 -0.09465166181326
vn 0.42050448060036 0.8943812251091 -0.15250623226166
vn 0.42031207680702 0.89739495515823 -0.13423858582973
vn 0.40662381052971 0.90752041339874 -0.10518439114094
vn 0.50379383563995 0.85189431905746 -0.14306576550007
vn 0.50301361083984 0.85543704032898 -0.12330760061741
vn 0.4861481487751 0.8688924908638 -0.09319752454758
vn 0.56808584928513 0.81085193157196 -0.14070419967175
vn 0.56596440076828 0.81565999984741 -0.11992937326431
vn 0.54546684026718 0.83335852622986 -0.08932823687792
vn 0.3425213098526 0.93767076730728 0.05875989049673
vn 0.38738614320755 0.91950291395187 -0.06668149679899
vn 0.29736125469208 0.94068437814713 0.16336835920811
vn 0.25584232807159 0.93397301435471 0.24947763979435
vn 0.21960878372192 0.92146468162537 0.32042914628983
vn -0.15993097424507 0.98282164335251 -0.09210689365864
vn -0.14595682919025 0.96446090936661 -0.22025389969349
vn -0.17443163692951 0.98461383581162 0.01045249309391
vn -0.18710751831532 0.97824937105179 0.08954863250256
vn -0.19664867222309 0.96914052963257 0.148647159338
vn -0.48144373297691 0.85676950216293 -0.1848187148571
vn -0.48419433832169 0.82559835910797 -0.28972947597504
vn -0.47654861211777 0.87342250347137 -0.10017278790474
vn -0.46931079030037 0.8823184967041 -0.03551678732038
vn -0.4589104950428 0.88841474056244 0.01097122952342
vn -0.63589930534363 0.73646140098572 -0.23077400028706
vn -0.64103281497955 0.70027130842209 -0.31416082382202
vn -0.62620043754578 0.76235318183899 -0.16337266564369
vn -0.61227583885193 0.782659471035 -0.11208231002092
vn -0.59374725818634 0.80104953050613 -0.07605159282684
vn 0.13886725902557 0.86950397491455 0.47400286793709
vn -0.19755364954472 0.9525380730629 0.23161120712757
vn -0.39222702383995 0.91815108060837 0.05618328601122
vn -0.49019065499306 0.87013477087021 -0.05077967792749
vn 0.16231666505337 0.88812434673309 0.42998650670052
vn -0.20323339104652 0.95453828573227 0.21806605160236
vn -0.42323154211044 0.90429997444153 0.05582626909018
vn -0.53605759143829 0.84292596578598 -0.04602223262191
vn 0.18873086571693 0.9056943655014 0.37960296869278
vn -0.2023269534111 0.960553586483 0.19078931212425
vn -0.44422712922096 0.89497470855713 0.04101933538914
vn -0.56921035051346 0.82039815187454 -0.05428124219179
vn -0.56900173425674 0.79637902975082 -0.20498172938824
vn -0.63625109195709 0.74516731500626 -0.19977560639381
vn -0.68692219257355 0.69802337884903 -0.20224043726921
vn -0.72454422712326 0.6557115316391 -0.21231584250927
vn -0.56244874000549 0.80967301130295 -0.16757379472256
vn -0.62394279241562 0.76472228765488 -0.16091966629028
vn -0.66962426900864 0.72441345453262 -0.16379404067993
vn -0.70337533950806 0.6886128783226 -0.17628207802773
vn -0.53946679830551 0.83350974321365 -0.11931931972504
vn -0.59437733888626 0.7962532043457 -0.11267860233784
vn -0.63470602035522 0.76379549503326 -0.11732304096222
vn -0.66447228193283 0.73529464006424 -0.13348554074764
vn -0.78960633277893 0.5113388299942 -0.33919677138329
vn -0.78455460071564 0.5463879108429 -0.29314544796944
vn -0.76252943277359 0.55485647916794 -0.33269080519676
vn -0.75779014825821 0.590960085392 -0.27662298083305
vn -0.71880424022675 0.61441683769226 -0.32528811693192
vn -0.71386182308197 0.65126568078995 -0.25739902257919
vn -0.77219015359879 0.58100533485413 -0.25720646977425
vn -0.74639052152634 0.62369519472122 -0.23217551410198
vn -0.70309168100357 0.68153119087219 -0.20292203128338
vn -0.75230091810226 0.61720407009125 -0.23043972253799
vn -0.72834086418152 0.65572077035904 -0.19887162744999
vn -0.68669366836548 0.70871841907501 -0.1617713868618
vn -0.49987491965294 0.85366141796112 -0.14624391496181
vn -0.42948979139328 0.85974168777466 -0.27637431025505
vn -0.34046724438667 0.85559833049774 -0.38991487026215
vn -0.24223344027996 0.84108412265778 -0.483632594347
vn 0.04210991039872 0.96903467178345 -0.24330757558346
vn 0.11482191085815 0.93133550882339 -0.34558656811714
vn 0.19720757007599 0.88495230674744 -0.42186325788498
vn 0.27828937768936 0.835329413414 -0.47410950064659
vn 0.46096649765968 0.84575229883194 -0.26872470974922
vn 0.50622707605362 0.79652374982834 -0.33058139681816
vn 0.55282825231552 0.74611955881119 -0.37106138467789
vn 0.59506809711456 0.69994509220123 -0.39493146538734
vn 0.64617729187012 0.71541494131088 -0.2657750248909
vn 0.67510801553726 0.67212855815887 -0.30409267544746
vn 0.70281010866165 0.63189852237701 -0.32674494385719
vn 0.72638350725174 0.59815818071365 -0.33848750591278
vn 0.08838278055191 0.72106957435608 -0.68720245361328
vn 0.02524026669562 0.75568866729736 -0.65444451570511
vn 0.48772069811821 0.67593026161194 -0.5524914264679
vn 0.45587375760078 0.7065389752388 -0.54127794504166
vn 0.67964857816696 0.59496241807938 -0.42906582355499
vn 0.67206853628159 0.60894006490707 -0.4213262796402
vn 0.75867146253586 0.54413670301437 -0.35823577642441
vn 0.76080930233002 0.54584062099457 -0.35103732347488
vn -0.0532193146646 0.78852146863937 -0.61270022392273
vn 0.41013637185097 0.74372041225433 -0.52789026498795
vn 0.65541803836823 0.63077080249786 -0.41539794206619
vn 0.75589537620544 0.55509287118912 -0.34712263941765
vn -0.14400842785835 0.81784546375275 -0.55712687969208
vn 0.35056215524673 0.78717535734177 -0.50740623474121
vn 0.62970542907715 0.6610866189003 -0.40796506404877
vn 0.7443066239357 0.57244104146957 -0.34397518634796
vn 0.8021821975708 0.51241046190262 -0.30649507045746
vn 0.79307591915131 0.52476674318314 -0.3092739880085
vn 0.8051033616066 0.50761777162552 -0.30681067705154
vn 0.8026762008667 0.51038551330566 -0.30857336521149
vn 0.79552805423737 0.52077835798264 -0.30971756577492
vn 0.80619686841965 0.50707924365997 -0.30482333898544
vn 0.79817563295364 0.5168559551239 -0.30947631597519
vn 0.80801373720169 0.50480628013611 -0.30378344655037
vn 0.80436104536057 0.51019024848938 -0.30448189377785
vn 0.79581165313721 0.52335673570633 -0.30460062623024
vn 0.79598224163055 0.51569038629532 -0.31697902083397
vn 0.78987628221512 0.52121078968048 -0.32316368818283
vn 0.79567623138428 0.51764410734177 -0.3145534992218
vn 0.78956782817841 0.52740097045898 -0.31373697519302
vn 0.7781794667244 0.54513663053513 -0.31186974048614
vn 0.7513552904129 0.59707587957382 -0.28100815415382
vn 0.74682760238647 0.60759037733078 -0.27033773064613
vn 0.71961450576782 0.64182811975479 -0.26497468352318
vn 0.76893055438995 0.56480580568314 -0.29956668615341
vn 0.76596415042877 0.57305282354355 -0.29139211773872
vn 0.74180787801743 0.60385870933533 -0.29167756438255
vn 0.7840827703476 0.53897053003311 -0.30777421593666
vn 0.78278762102127 0.54443287849426 -0.30139076709747
vn 0.76196926832199 0.57086408138275 -0.30580547451973
vn 0.13322082161903 0.68777114152908 -0.71359866857529
vn 0.15895526111126 0.65915876626968 -0.73501217365265
vn 0.16795714199543 0.63571482896805 -0.75343018770218
vn 0.16276866197586 0.61647999286652 -0.77036273479462
vn 0.50365263223648 0.6553430557251 -0.5629026889801
vn 0.50246596336365 0.64799386262894 -0.57239139080048
vn 0.48553603887558 0.6523649096489 -0.58195775747299
vn 0.45368307828903 0.66591209173203 -0.5922269821167
vn 0.67592060565948 0.59234845638275 -0.4384685754776
vn 0.65877032279968 0.60425812005997 -0.44821175932884
vn 0.62802547216415 0.62866842746735 -0.45865017175674
vn 0.58303105831146 0.6627317070961 -0.46995902061462
vn 0.74723410606384 0.55348867177963 -0.36781993508339
vn 0.72413122653961 0.57692581415176 -0.37787634134293
vn 0.68839150667191 0.61251097917557 -0.38851961493492
vn 0.63886111974716 0.65741944313049 -0.39956986904144
vn 0.07181835174561 0.54987615346909 -0.83215284347534
vn 0.0974984318018 0.56656718254089 -0.81822717189789
vn 0.21912750601768 0.73840743303299 -0.63775980472565
vn 0.28701621294022 0.72451424598694 -0.62665838003159
vn 0.28405746817589 0.80873918533325 -0.51502645015717
vn 0.37049382925034 0.7796830534935 -0.50480556488037
vn 0.31449207663536 0.84132045507431 -0.43963003158569
vn 0.40886631608009 0.80438280105591 -0.43104130029678
vn 0.12363305687904 0.5833203792572 -0.80277782678604
vn 0.35154968500137 0.70589661598206 -0.61491692066193
vn 0.45204165577888 0.74302130937576 -0.49353593587875
vn 0.49726277589798 0.75843447446823 -0.42131558060646
vn 0.14668887853622 0.59963124990463 -0.78671771287918
vn 0.4082393348217 0.6851065158844 -0.60329902172089
vn 0.52388525009155 0.70244771242142 -0.48177942633629
vn 0.57489091157913 0.70771068334579 -0.41066542267799
vn 0.42990902066231 0.84017449617386 -0.33058294653893
vn 0.33454921841621 0.88273108005524 -0.32994347810745
vn 0.51825416088104 0.78881323337555 -0.33043360710144
vn 0.59570497274399 0.73274523019791 -0.32896798849106
vn 0.65983045101166 0.67679005861282 -0.32646441459656
vn 0.43147391080856 0.83039629459381 -0.35252264142036
vn 0.33426120877266 0.87286269664764 -0.35549977421761
vn 0.52174216508865 0.77861195802689 -0.34863811731338
vn 0.60079896450043 0.7218411564827 -0.34349080920219
vn 0.66600060462952 0.66523671150208 -0.33749574422836
vn 0.42601805925369 0.81918483972549 -0.38398551940918
vn 0.32876482605934 0.86006325483322 -0.39013442397118
vn 0.51660948991776 0.76883620023727 -0.37683618068695
vn 0.59597772359848 0.71343570947647 -0.36853763461113
vn 0.66127955913544 0.65831613540649 -0.35962381958961
vn 0.77595567703247 0.54709613323212 -0.31397232413292
vn 0.78197115659714 0.53700518608093 -0.31645947694778
vn 0.77524125576019 0.53745371103287 -0.33188024163246
vn 0.74888932704926 0.58109021186829 -0.31858909130096
vn 0.75543409585953 0.56973874568939 -0.32360029220581
vn 0.74978405237198 0.56708085536957 -0.34094458818436
vn 0.71053838729858 0.6251648068428 -0.32296153903008
vn 0.71717619895935 0.61337220668793 -0.33080643415451
vn 0.71219825744629 0.60829621553421 -0.35035607218742
vn 0.0515792556107 0.53362858295441 -0.84414464235306
vn 0.0383598767221 0.51843702793121 -0.85425496101379
vn 0.02894884906709 0.50537043809891 -0.86241680383682
vn 0.02109945379198 0.49434867501259 -0.86900758743286
vn 0.15791867673397 0.74484324455261 -0.64828246831894
vn 0.10848943889141 0.74458235502243 -0.65865552425385
vn 0.06611816585064 0.74099844694138 -0.66824376583099
vn 0.02703044191003 0.73562425374985 -0.67685025930405
vn 0.20469029247761 0.82616966962814 -0.52492433786392
vn 0.1389944255352 0.83300268650055 -0.53552508354187
vn 0.08180623501539 0.83368253707886 -0.54615122079849
vn 0.02883912064135 0.83033919334412 -0.55651158094406
vn 0.22690814733505 0.86465901136398 -0.44819355010986
vn 0.15350811183453 0.87558507919312 -0.4580240547657
vn 0.08903690427542 0.87892234325409 -0.46858075261116
vn 0.02911472134292 0.87703573703766 -0.47954213619232
vn -0.01633441075683 0.45043411850929 -0.89266020059586
vn -0.00529808504507 0.46436417102814 -0.88562852144241
vn -0.15782128274441 0.68806856870651 -0.70827543735504
vn -0.10132399201393 0.70748460292816 -0.69942766427994
vn -0.21223028004169 0.77098172903061 -0.60045444965363
vn -0.14058953523636 0.79676258563995 -0.58771079778671
vn -0.23850724101067 0.81200695037842 -0.532690346241
vn -0.16027414798737 0.84100371599197 -0.51674461364746
vn 0.00466384692118 0.47519341111183 -0.87986904382706
vn -0.05373964458704 0.72004002332687 -0.69184857606888
vn -0.07890091836452 0.81310588121414 -0.57674390077591
vn -0.09200308471918 0.85931611061096 -0.50310164690018
vn 0.01331829931587 0.48467400670052 -0.87459349632263
vn -0.01194402668625 0.72884511947632 -0.68457442522049
vn -0.02358338423073 0.82366275787354 -0.56658935546875
vn -0.03005280531943 0.87068253755569 -0.49092647433281
vn -0.18443803489208 0.9026700258255 -0.38880518078804
vn -0.26833301782608 0.87179756164551 -0.40983703732491
vn -0.10927374660969 0.92185598611832 -0.37180751562119
vn -0.03978634998202 0.93275141716003 -0.3583180308342
vn 0.02703221142292 0.9371971487999 -0.34775093197823
vn -0.17913565039635 0.88750916719437 -0.42454439401627
vn -0.26223087310791 0.85660517215729 -0.4443676173687
vn -0.10530284047127 0.90683978796005 -0.40810897946358
vn -0.03737948089838 0.91815203428268 -0.39446112513542
vn 0.02789647877216 0.92332178354263 -0.38301256299019
vn -0.17172050476074 0.86818635463715 -0.46557971835136
vn -0.25320684909821 0.83776623010635 -0.48377060890198
vn -0.09993723779917 0.88732784986496 -0.45017972588539
vn -0.03428546711802 0.89885556697845 -0.43690177798271
vn 0.02867605537176 0.90467232465744 -0.42514193058014
vn 0.24391202628613 0.91176170110703 -0.33045056462288
vn 0.24257497489452 0.90116614103317 -0.35924503207207
vn 0.23774744570255 0.88665401935577 -0.39663681387901
vn 0.16531257331371 0.9280372262001 -0.33379429578781
vn 0.1640503257513 0.91631424427032 -0.36531582474709
vn 0.16068449616432 0.90013694763184 -0.4048875272274
vn 0.09428057074547 0.93581718206406 -0.33964303135872
vn 0.09384602308273 0.92293483018875 -0.37334191799164
vn 0.09241992980242 0.9053435921669 -0.41450154781342
vn -0.02028503827751 0.43574911355972 -0.89983958005905
vn 0.18646554648876 0.22561025619507 -0.95620638132095
vn -0.00862442329526 0.42534613609314 -0.90498965978622
vn 0.26620298624039 0.22514586150646 -0.9372541308403
vn 0.01873738691211 0.42259728908539 -0.90612387657166
vn 0.35840052366257 0.23709301650524 -0.90295958518982
vn 0.05935593694448 0.43031117320061 -0.90072703361511
vn -0.21588756144047 0.66363614797592 -0.71622598171234
vn -0.26594227552414 0.63945662975311 -0.72136670351028
vn -0.30673789978027 0.6175017952919 -0.72429513931274
vn -0.337477684021 0.59975653886795 -0.72553485631943
vn -0.28623613715172 0.73739123344421 -0.61181944608688
vn -0.3526665866375 0.70181518793106 -0.61893600225449
vn -0.41039007902145 0.66643595695496 -0.62244927883148
vn -0.45896857976913 0.63330805301666 -0.62311214208603
vn -0.31896179914474 0.77374005317688 -0.547347843647
vn -0.39158234000206 0.73217439651489 -0.55730050802231
vn -0.45534560084343 0.68977379798889 -0.56291431188583
vn -0.50986731052399 0.648697078228 -0.56500208377838
vn 0.26285934448242 0.56536716222763 -0.78183436393738
vn 0.21294005215168 0.52018767595291 -0.8270800113678
vn -0.34896501898766 0.60501158237457 -0.71567064523697
vn -0.36367049813271 0.58940976858139 -0.72134590148926
vn -0.55844676494598 0.5577580332756 -0.61403834819794
vn -0.54778164625168 0.56495326757431 -0.61706006526947
vn -0.63971316814423 0.53017365932465 -0.55649167299271
vn -0.61981439590454 0.55016827583313 -0.55959355831146
vn 0.16096052527428 0.48059210181236 -0.8620457649231
vn -0.36637303233147 0.58412593603134 -0.72427046298981
vn -0.52763873338699 0.58094716072083 -0.61975628137588
vn -0.59177225828171 0.57744967937469 -0.5624566078186
vn 0.10851594060659 0.44984930753708 -0.88648736476898
vn -0.35752066969872 0.58806765079498 -0.72550350427628
vn -0.49808916449547 0.60425364971161 -0.62192016839981
vn -0.55523788928986 0.61074793338776 -0.56453329324722
vn -0.68557101488113 0.55303025245666 -0.47344475984573
vn -0.71502894163132 0.51568567752838 -0.47201901674271
vn -0.64973294734955 0.59445041418076 -0.47378870844841
vn -0.60679256916046 0.63927966356277 -0.47236037254334
vn -0.55639374256134 0.68656343221664 -0.46803492307663
vn -0.67488521337509 0.54666751623154 -0.49566581845284
vn -0.70220828056335 0.51322704553604 -0.49345874786377
vn -0.64067828655243 0.58516192436218 -0.49710848927498
vn -0.59890753030777 0.62785297632217 -0.49710196256638
vn -0.54923236370087 0.67364227771759 -0.49451985955238
vn -0.6553783416748 0.54510164260864 -0.5228226184845
vn -0.6798534989357 0.51712346076965 -0.51998317241669
vn -0.6235100030899 0.57916218042374 -0.5251727104187
vn -0.58365678787231 0.61826545000076 -0.52639591693878
vn -0.53550887107849 0.66118901968002 -0.52541345357895
vn -0.35331475734711 0.83033436536789 -0.43094491958618
vn -0.34688419103622 0.81526571512222 -0.46369513869286
vn -0.33662804961205 0.79729980230331 -0.50099354982376
vn -0.42995923757553 0.78392881155014 -0.44787347316742
vn -0.42336320877075 0.76927888393402 -0.47851184010506
vn -0.4120018184185 0.75269204378128 -0.51352626085281
vn -0.49769601225853 0.7352786064148 -0.46006962656975
vn -0.4909111559391 0.72132992744446 -0.48855844140053
vn -0.47843417525291 0.70657926797867 -0.52138900756836
vn 0.30991357564926 0.61225777864456 -0.7273885011673
vn 0.35257920622826 0.6589686870575 -0.66441559791565
vn 0.38874915242195 0.70573425292969 -0.59229493141174
vn 0.4161673784256 0.7525886297226 -0.51030874252319
vn -0.32286310195923 0.63116472959518 -0.70525914430618
vn -0.28828006982803 0.66726744174957 -0.68676686286926
vn -0.24950949847698 0.71209985017776 -0.6562460064888
vn -0.21091148257256 0.76372247934341 -0.61011832952499
vn -0.56002861261368 0.56090152263641 -0.60971921682358
vn -0.55408746004105 0.57515615224838 -0.60181599855423
vn -0.54278576374054 0.60023105144501 -0.58745741844177
vn -0.52821576595306 0.63538581132889 -0.56326985359192
vn -0.65190160274506 0.51935368776321 -0.55253595113754
vn -0.65763252973557 0.51888996362686 -0.54614347219467
vn -0.65866869688034 0.52857255935669 -0.5355059504509
vn -0.65647983551025 0.54811495542526 -0.51827049255371
vn 0.42035979032516 0.88581627607346 -0.19653788208961
vn -0.14133223891258 0.92575669288635 -0.35071322321892
vn -0.48857468366623 0.77964907884598 -0.39171692728996
vn -0.6438199877739 0.65631037950516 -0.39338591694832
vn 0.43454346060753 0.84433996677399 -0.31346762180328
vn -0.15269669890404 0.87506228685379 -0.4592926800251
vn -0.49875098466873 0.72860711812973 -0.46944555640221
vn -0.6478676199913 0.61378014087677 -0.45115572214127
vn 0.43230068683624 0.79915338754654 -0.41769602894783
vn -0.17714117467403 0.81931900978088 -0.54528647661209
vn -0.51271468400955 0.67907744646072 -0.52533560991287
vn -0.65244919061661 0.57692408561707 -0.49139454960823
vn -0.78952407836914 0.48000478744507 -0.38242265582085
vn -0.78744614124298 0.45832228660584 -0.41215199232101
vn -0.7834135890007 0.44621655344963 -0.43261295557022
vn -0.77714067697525 0.44317373633385 -0.44682151079178
vn -0.76264899969101 0.51949346065521 -0.38534796237946
vn -0.76142901182175 0.49191710352898 -0.42218878865242
vn -0.75885629653931 0.47312542796135 -0.44753703474998
vn -0.75450509786606 0.46331691741943 -0.46482202410698
vn -0.71985191106796 0.5747275352478 -0.38923195004463
vn -0.72039830684662 0.54037690162659 -0.43476328253746
vn -0.72028481960297 0.51367801427841 -0.46618095040321
vn -0.71886938810349 0.49572011828423 -0.48732781410217
vn -0.73808497190475 0.4849249124527 -0.46912512183189
vn -0.72279781103134 0.4872170984745 -0.49008446931839
vn -0.69722098112106 0.49739974737167 -0.51621353626251
vn -0.75527667999268 0.46273466944695 -0.46414837241173
vn -0.73743098974228 0.47040116786957 -0.48468363285065
vn -0.70847123861313 0.48743203282356 -0.51037091016769
vn -0.76802390813828 0.44876331090927 -0.45689246058464
vn -0.74766421318054 0.46242922544479 -0.47661036252975
vn -0.71528196334839 0.48691439628601 -0.50128442049026
vn 0.97193032503128 -0.08100843429565 -0.22088253498077
vn 0.96760272979736 -0.07625515758991 -0.24068675935268
vn 0.97115105390549 -0.05350492149591 -0.23238524794579
vn 0.96584612131119 -0.11076577752829 -0.23424825072289
vn 0.96152621507645 -0.10132776945829 -0.25534290075302
vn 0.95677936077118 -0.14293955266476 -0.25326180458069
vn 0.95224612951279 -0.12951976060867 -0.2764995098114
vn 0.94355607032776 -0.1787247210741 -0.27885371446609
vn 0.93851256370544 -0.16173593699932 -0.3050175011158
vn 0.96121281385422 -0.0510624460876 -0.27103984355927
vn 0.96446847915649 -0.03227711468935 -0.26221892237663
vn 0.95518034696579 -0.07294446229935 -0.28689643740654
vn 0.94564431905746 -0.0985127016902 -0.30992263555527
vn 0.93124169111252 -0.12869513034821 -0.34092009067535
vn 0.94910395145416 -0.00075602385914 -0.3149621784687
vn 0.95216512680054 0.01537268236279 -0.30519706010818
vn 0.94304966926575 -0.0207619741559 -0.33200338482857
vn 0.93315678834915 -0.04501497000456 -0.35664004087448
vn 0.91790980100632 -0.07439450919628 -0.38975259661674
vn 0.92185974121094 0.08536610007286 -0.37800422310829
vn 0.92467254400253 0.10021129250526 -0.36733958125114
vn 0.91606426239014 0.06554341316223 -0.39563909173012
vn 0.9061313867569 0.04092559218407 -0.42101186513901
vn 0.8901104927063 0.011241174303 -0.45560613274574
vn 0.64239066839218 -0.45024374127388 -0.62017321586609
vn 0.66123414039612 -0.37756437063217 -0.64823961257935
vn 0.81035482883453 -0.31094172596931 -0.49662896990776
vn 0.82600939273834 -0.34746885299683 -0.44381734728813
vn 0.66211491823196 -0.31501847505569 -0.67997586727142
vn 0.79564076662064 -0.26326522231102 -0.54557055234909
vn 0.64849787950516 -0.2383090108633 -0.72295182943344
vn 0.77596163749695 -0.19603098928928 -0.5995460152626
vn 0.61883634328842 -0.14004246890545 -0.77293574810028
vn 0.74280923604965 -0.10287274420261 -0.66155248880386
vn 0.87910640239716 -0.2495402097702 -0.40608081221581
vn 0.8885332942009 -0.27521046996117 -0.3671073615551
vn 0.86756014823914 -0.2103079855442 -0.45067721605301
vn 0.84987753629684 -0.15095287561417 -0.50489747524261
vn 0.81835347414017 -0.06250584125519 -0.57130610942841
vn 0.91641855239868 -0.20072640478611 -0.34624552726746
vn 0.92281991243362 -0.22148418426514 -0.31519544124603
vn 0.90774124860764 -0.16537840664387 -0.38555914163589
vn 0.89283537864685 -0.10977014899254 -0.43680137395859
vn 0.86348360776901 -0.02362527139485 -0.50382333993912
vn 0.4211745262146 0.40039506554604 -0.81381559371948
vn 0.35025492310524 0.35432934761047 -0.86704796552658
vn 0.45957773923874 0.44978779554367 -0.76581931114197
vn 0.4717980325222 0.49927425384521 -0.726726770401
vn 0.46400362253189 0.54669749736786 -0.69700968265533
vn 0.58235424757004 0.19471694529057 -0.78927111625671
vn 0.47971531748772 0.15363848209381 -0.86386829614639
vn 0.64692491292953 0.23938357830048 -0.72400534152985
vn 0.6834574341774 0.28448468446732 -0.67227554321289
vn 0.70074552297592 0.32772669196129 -0.63368046283722
vn 0.68409341573715 0.02488793060184 -0.7289696931839
vn 0.56609559059143 -0.01194750145078 -0.82425302267075
vn 0.75844568014145 0.0651233419776 -0.64847439527512
vn 0.8033395409584 0.10496430844069 -0.58619797229767
vn 0.82952219247818 0.14185439050198 -0.5401576757431
vn 0.32854071259499 0.68592172861099 -0.64928603172302
vn 0.36920395493507 0.66141039133072 -0.65285885334015
vn 0.68091267347336 0.45742762088776 -0.57194221019745
vn 0.69145792722702 0.434336155653 -0.5772677063942
vn 0.85571873188019 0.24206118285656 -0.45733126997948
vn 0.85488033294678 0.22562550008297 -0.46719673275948
vn 0.4084025323391 0.62910884618759 -0.66138446331024
vn 0.7006608247757 0.40383115410805 -0.58821320533752
vn 0.85168027877808 0.20275600254536 -0.48325017094612
vn 0.4414119720459 0.59043139219284 -0.67568200826645
vn 0.70502513647079 0.3678086400032 -0.6063466668129
vn 0.84416365623474 0.17457930743694 -0.5068626999855
vn 0.40640911459923 -0.46100199222565 -0.78886550664902
vn 0.45286920666695 -0.40304201841354 -0.79527771472931
vn 0.24590866267681 -0.43107730150223 -0.86815971136093
vn 0.27391320466995 -0.38971045613289 -0.87925952672958
vn 0.11519573628902 -0.40799367427826 -0.90568822622299
vn 0.12465567886829 -0.37391418218613 -0.9190479516983
vn 0.0042359274812 -0.39443773031235 -0.91891288757324
vn -0.00217874953523 -0.36568954586983 -0.93073433637619
vn 0.47570526599884 -0.34072440862656 -0.81093239784241
vn 0.29103791713715 -0.33828908205032 -0.89490640163422
vn 0.12814907729626 -0.32888877391815 -0.93563348054886
vn -0.01164299622178 -0.32488825917244 -0.94568073749542
vn 0.4748170375824 -0.26361846923828 -0.83967500925064
vn 0.29404926300049 -0.26973301172256 -0.91694009304047
vn 0.12532970309258 -0.26777178049088 -0.95529615879059
vn -0.02339141629636 -0.26795625686646 -0.96314710378647
vn 0.45464938879013 -0.16594025492668 -0.8750758767128
vn 0.28180059790611 -0.17851006984711 -0.94272083044052
vn 0.11549781262875 -0.18337100744247 -0.97623527050018
vn -0.03622955828905 -0.1877503991127 -0.98154836893082
vn -0.48763480782509 -0.39954781532288 -0.77625632286072
vn -0.54119592905045 -0.36584004759789 -0.75714462995529
vn -0.37496131658554 -0.38228723406792 -0.84454751014709
vn -0.31290239095688 -0.40805211663246 -0.85766285657883
vn -0.5672779083252 -0.33023864030838 -0.75441253185272
vn -0.41847011446953 -0.34362661838531 -0.84071606397629
vn -0.58136504888535 -0.27794718742371 -0.76469606161118
vn -0.44418314099312 -0.28728029131889 -0.84862911701202
vn -0.58539837598801 -0.20034436881542 -0.78560227155685
vn -0.45599108934402 -0.20665030181408 -0.86566030979156
vn -0.2398157119751 -0.37367922067642 -0.89602023363113
vn -0.19966351985931 -0.39511024951935 -0.89667296409607
vn -0.27551963925362 -0.33812394738197 -0.89986729621887
vn -0.30295348167419 -0.28335079550743 -0.90990740060806
vn -0.3193644285202 -0.20353452861309 -0.92551612854004
vn -0.11912407726049 -0.36611214280128 -0.92291462421417
vn -0.09724745154381 -0.39062589406967 -0.915398478508
vn -0.1414138674736 -0.3288705945015 -0.93372708559036
vn -0.16230258345604 -0.27439793944359 -0.94782048463821
vn -0.17887130379677 -0.19543136656284 -0.96426743268967
vn -0.34049639105797 0.28634276986122 -0.89558362960815
vn -0.42595347762108 0.30998077988625 -0.84998559951782
vn -0.25018861889839 0.26842707395554 -0.93024331331253
vn -0.15477688610554 0.25811699032784 -0.95363503694534
vn -0.05464570969343 0.2567948102951 -0.96491980552673
vn -0.41770586371422 0.07010949403048 -0.90587329864502
vn -0.52806502580643 0.08150158077478 -0.84528386592865
vn -0.30198228359222 0.06385652720928 -0.95117247104645
vn -0.18116268515587 0.06303798407316 -0.98143076896667
vn -0.05538356304169 0.06747304648161 -0.99618273973465
vn -0.45057862997055 -0.09154400229454 -0.88803070783615
vn -0.57276964187622 -0.08573307842016 -0.81522065401077
vn -0.32144543528557 -0.09076254069805 -0.94256830215454
vn -0.18698211014271 -0.08543609827757 -0.97864109277725
vn -0.04796591773629 -0.07818976789713 -0.99578392505646
vn 0.25607350468636 0.31492641568184 -0.91391885280609
vn 0.34940642118454 0.11949712783098 -0.92931997776032
vn 0.41415551304817 -0.04038373753428 -0.90930986404419
vn 0.1540197879076 0.28491389751434 -0.94609826803207
vn 0.2124961912632 0.09421417862177 -0.97260940074921
vn 0.25478464365005 -0.05886460840702 -0.96520447731018
vn 0.04908437281847 0.26550793647766 -0.96285837888718
vn 0.07606422156096 0.0773896202445 -0.99409508705139
vn 0.09873159229755 -0.07014936953783 -0.99263846874237
vn -0.68628484010696 -0.32938551902771 -0.64847379922867
vn -0.68580228090286 -0.32132437825203 -0.65301287174225
vn -0.77876657247543 -0.2691921889782 -0.56661999225616
vn -0.776018679142 -0.27570843696594 -0.56725639104843
vn -0.83955454826355 -0.21480238437653 -0.49900707602501
vn -0.8371530175209 -0.23292301595211 -0.49489560723305
vn -0.88069099187851 -0.16637517511845 -0.44351178407669
vn -0.87954699993134 -0.1941763907671 -0.43438765406609
vn -0.69126385450363 -0.2985982298851 -0.65802228450775
vn -0.77685761451721 -0.26337084174156 -0.57195109128952
vn -0.8366631269455 -0.23008571565151 -0.49704667925835
vn -0.8789034485817 -0.19995506107807 -0.43306669592857
vn -0.69552302360535 -0.2559452354908 -0.67137151956558
vn -0.77764165401459 -0.22996947169304 -0.5851389169693
vn -0.83625960350037 -0.20478568971157 -0.50865775346756
vn -0.87829351425171 -0.18234184384346 -0.4419863820076
vn -0.69375848770142 -0.18538311123848 -0.69593983888626
vn -0.77379828691483 -0.16715730726719 -0.6109784245491
vn -0.83208811283112 -0.14938658475876 -0.53414696455002
vn -0.8746190071106 -0.1341308504343 -0.4658867418766
vn -0.95298606157303 -0.01761141978204 -0.30250197649002
vn -0.96057713031769 -0.07029082626104 -0.26898100972176
vn -0.94843596220016 -0.09752883762121 -0.30159145593643
vn -0.9432538151741 -0.04908402636647 -0.32842507958412
vn -0.96366763114929 -0.1028379201889 -0.24651381373405
vn -0.9503418803215 -0.12472520023584 -0.28512093424797
vn -0.96459496021271 -0.11345993727446 -0.2380827665329
vn -0.95078110694885 -0.12901012599468 -0.28172972798347
vn -0.96351099014282 -0.09508081525564 -0.25021225214005
vn -0.94913065433502 -0.10316862165928 -0.29750162363052
vn -0.9319024682045 -0.12717740237713 -0.33968171477318
vn -0.92905861139297 -0.08437211066484 -0.36018255352974
vn -0.93276852369308 -0.14797152578831 -0.32870548963547
vn -0.93279826641083 -0.14526055753231 -0.32982844114304
vn -0.93053185939789 -0.11181220412254 -0.34872415661812
vn -0.90956097841263 -0.15937370061874 -0.38379526138306
vn -0.90887272357941 -0.12352236360312 -0.39836242794991
vn -0.90957146883011 -0.17290863394737 -0.37786546349525
vn -0.90926444530487 -0.16279505193233 -0.38306120038033
vn -0.90633219480515 -0.12184035032988 -0.40461945533752
vn -0.61652445793152 0.48505738377571 -0.62017494440079
vn -0.61406064033508 0.49293559789658 -0.61639595031738
vn -0.61938017606735 0.46899381279945 -0.62961333990097
vn -0.61776089668274 0.44744047522545 -0.64665949344635
vn -0.60786062479019 0.42228221893311 -0.67244571447372
vn -0.87726181745529 0.15067547559738 -0.45575052499771
vn -0.89632451534271 0.14605650305748 -0.41865238547325
vn -0.8553392291069 0.15096618235111 -0.49558457732201
vn -0.82897305488586 0.146997153759 -0.53962540626526
vn -0.79595947265625 0.13893985748291 -0.5891894698143
vn -0.93775099515915 -0.02703552879393 -0.34625440835953
vn -0.95401871204376 -0.02730993181467 -0.29850029945374
vn -0.91726970672607 -0.02817006967962 -0.39726909995079
vn -0.89126342535019 -0.0316184014082 -0.45238229632378
vn -0.85783606767654 -0.03811863809824 -0.51250779628754
vn -0.49854695796967 0.33717975020409 -0.79859924316406
vn -0.62356799840927 0.09646489471197 -0.77579474449158
vn -0.67662566900253 -0.07420919090509 -0.73257809877396
vn -0.55132287740707 0.36603772640228 -0.7497062087059
vn -0.69736325740814 0.11244298517704 -0.70784252882004
vn -0.75527465343475 -0.0606467500329 -0.65259647369385
vn -0.58669406175613 0.39479437470436 -0.70705544948578
vn -0.75336158275604 0.12712509930134 -0.64520192146301
vn -0.81395429372787 -0.04801389202476 -0.57894134521484
vn -0.96052658557892 0.01422324590385 -0.27782446146011
vn -0.9705246090889 -0.04222743958235 -0.23727385699749
vn -0.96699702739716 0.05064410716295 -0.24970370531082
vn -0.97934699058533 -0.00996498856694 -0.20194110274315
vn -0.97175824642181 0.09180800616741 -0.21738709509373
vn -0.98633998632431 0.02681650780141 -0.16252492368221
vn -0.97400653362274 0.13770487904549 -0.17985738813877
vn -0.99062770605087 0.06822726875544 -0.11832912266254
vn -0.9747868180275 -0.07969179004431 -0.20842237770557
vn -0.9846111536026 -0.05249628797174 -0.16668821871281
vn -0.99240010976791 -0.02075113356113 -0.12129053473473
vn -0.99728119373322 0.01583408378065 -0.07196840643883
vn -0.97615259885788 -0.09634847193956 -0.19453310966492
vn -0.98621839284897 -0.07519040256739 -0.14737614989281
vn -0.99404865503311 -0.049186963588 -0.09720040112734
vn -0.99886053800583 -0.01779702678323 -0.04428170248866
vn -0.975565969944 -0.08544754981995 -0.20240972936153
vn -0.98596876859665 -0.07178720086813 -0.15070578455925
vn -0.99393260478973 -0.05275041982532 -0.09651590883732
vn -0.9987890124321 -0.02734945341945 -0.0408968180418
vn -0.9356432557106 0.34952563047409 0.04902569577098
vn -0.95542132854462 0.26701036095619 0.12599830329418
vn -0.97504454851151 0.21561463177204 0.05290032178164
vn -0.95475262403488 0.29653710126877 -0.02265272662044
vn -0.96272969245911 0.20390160381794 0.17769555747509
vn -0.98256212472916 0.15286280214787 0.10585180670023
vn -0.96569585800171 0.16168209910393 0.20320031046867
vn -0.98483026027679 0.10998806357384 0.13420875370502
vn -0.96877110004425 0.14431923627853 0.20162975788116
vn -0.98654818534851 0.09136079251766 0.13555777072906
vn -0.98643380403519 0.16374188661575 -0.01170050445944
vn -0.9667501449585 0.24156008660793 -0.08392221480608
vn -0.99381113052368 0.10332966595888 0.0407722890377
vn -0.9955683350563 0.06206899881363 0.07064780592918
vn -0.99624186754227 0.04465237259865 0.07421822100878
vn -0.99111050367355 0.11409854143858 -0.06842162460089
vn -0.97273713350296 0.18795625865459 -0.13584898412228
vn -0.99819034337997 0.0573116838932 -0.0182039309293
vn -0.99974799156189 0.01929221302271 0.01148056052625
vn -0.99986201524734 0.00503145903349 0.01583082973957
vn -0.88712060451508 0.42759746313095 -0.17371641099453
vn -0.88682579994202 0.45653814077377 -0.07150430977345
vn -0.86703836917877 0.41661113500595 -0.27327585220337
vn -0.82805955410004 0.42186197638512 -0.36925587058067
vn -0.77372401952744 0.43878471851349 -0.45696723461151
vn -0.98067277669907 0.19478869438171 0.01839320547879
vn -0.9651603102684 0.24530479311943 0.09105556458235
vn -0.98631924390793 0.15697193145752 -0.05034045875072
vn -0.98407429456711 0.13245315849781 -0.11854914575815
vn -0.97476017475128 0.120865046978 -0.18770775198936
vn -0.98864769935608 0.10885486006737 0.10356781631708
vn -0.97209429740906 0.16273957490921 0.16896314918995
vn -0.99703812599182 0.0639591217041 0.0427103638649
vn -0.99945652484894 0.02860883809626 -0.01637751236558
vn -0.99715119600296 0.00271789520048 -0.07537973672152
vn -0.62560534477234 0.49059054255486 -0.60657960176468
vn -0.91643637418747 0.13746678829193 -0.3758288025856
vn -0.96819007396698 -0.02707630768418 -0.24874658882618
vn -0.66072708368301 0.47864127159119 -0.57822334766388
vn -0.93861258029938 0.12736214697361 -0.32060149312019
vn -0.98085856437683 -0.02355649508536 -0.19329147040844
vn -0.71356499195099 0.45998328924179 -0.52843201160431
vn -0.9590567946434 0.12033545225859 -0.25637763738632
vn -0.9907802939415 -0.01427020318806 -0.13472479581833
vn -0.91069185733795 0.39296290278435 0.12735992670059
vn -0.92775475978851 0.31215998530388 0.20451720058918
vn -0.88257706165314 0.42101791501045 0.20928828418255
vn -0.89350819587708 0.34625950455666 0.28591513633728
vn -0.85120403766632 0.43286004662514 0.29678916931152
vn -0.8525151014328 0.36800280213356 0.37120339274406
vn -0.81464028358459 0.4281647503376 0.39119839668274
vn -0.8034690618515 0.37665632367134 0.46105036139488
vn -0.93374609947205 0.25207960605621 0.2541144490242
vn -0.89610660076141 0.29332387447357 0.33309760689735
vn -0.84946638345718 0.32577839493752 0.41506060957909
vn -0.79306411743164 0.34809884428978 0.4998764693737
vn -0.93696337938309 0.21375481784344 0.2764208316803
vn -0.89826565980911 0.26252403855324 0.352420181036
vn -0.84890741109848 0.30558833479881 0.4312447309494
vn -0.78826647996902 0.34089642763138 0.5122749209404
vn -0.94114083051682 0.20067718625069 0.27199745178223
vn -0.90259146690369 0.25677609443665 0.34553527832031
vn -0.85197520256042 0.30969181656837 0.42217203974724
vn -0.78862857818604 0.35667568445206 0.50084674358368
vn -0.35644879937172 0.25936681032181 0.89759296178818
vn -0.36288410425186 0.33001688122749 0.87143790721893
vn -0.54261767864227 0.3398899435997 0.76814115047455
vn -0.5945211648941 0.308119982481 0.74270224571228
vn -0.36854001879692 0.36949160695076 0.85302650928497
vn -0.51821458339691 0.36619341373444 0.77288806438446
vn -0.37532639503479 0.41723582148552 0.82767409086227
vn -0.50935047864914 0.40360599756241 0.7600422501564
vn -0.38263508677483 0.47661724686623 0.79147100448608
vn -0.50773686170578 0.45525223016739 0.73140186071396
vn -0.658542573452 0.36035308241844 0.66065675020218
vn -0.69899553060532 0.36831501126289 0.61298388242722
vn -0.63380342721939 0.36624151468277 0.6812931895256
vn -0.62173360586166 0.38850578665733 0.68008124828339
vn -0.61764430999756 0.42899814248085 0.65914797782898
vn -0.74112462997437 0.37372195720673 0.55773311853409
vn -0.76695048809052 0.40696257352829 0.49615362286568
vn -0.72298347949982 0.36118590831757 0.58893090486526
vn -0.71378922462463 0.3682037293911 0.59576082229614
vn -0.71113878488541 0.39640042185783 0.58064472675323
vn -0.44010618329048 0.73438543081284 0.51670545339584
vn -0.34004774689674 0.75278615951538 0.56363153457642
vn -0.53730964660645 0.70901477336884 0.45672354102135
vn -0.62787699699402 0.67616963386536 0.38544148206711
vn -0.70847272872925 0.6364124417305 0.30503377318382
vn -0.48845863342285 0.61755138635635 0.61647254228592
vn -0.37597268819809 0.64315974712372 0.66707575321198
vn -0.59427660703659 0.58343863487244 0.55356538295746
vn -0.69005280733109 0.54030656814575 0.48155573010445
vn -0.77317535877228 0.48872616887093 0.40416160225868
vn -0.50487530231476 0.5250096321106 0.68517577648163
vn -0.38575446605682 0.55088824033737 0.74007815122604
vn -0.61312240362167 0.49187222123146 0.61817687749863
vn -0.70806336402893 0.45069691538811 0.5436162352562
vn -0.78842514753342 0.40164387226105 0.46590560674667
vn -0.8668093085289 0.49775952100754 0.02961460500956
vn -0.93766057491302 0.30468654632568 0.16720861196518
vn -0.94517070055008 0.22278048098087 0.23879121243954
vn -0.82958257198334 0.54401433467865 0.12586162984371
vn -0.89710509777069 0.3676892220974 0.24496339261532
vn -0.90642106533051 0.28491160273552 0.31181126832962
vn -0.77636456489563 0.5914294719696 0.21787445247173
vn -0.84234946966171 0.43027755618095 0.32451292872429
vn -0.85437881946564 0.34565255045891 0.38802215456963
vn -0.12325671315193 0.30946591496468 0.94288843870163
vn -0.17814955115318 0.34487167000771 0.92158901691437
vn -0.01723652146757 0.3645681142807 0.93101716041565
vn -0.05857897177339 0.37410649657249 0.92553383111954
vn 0.05496134981513 0.39609876275063 0.9165615439415
vn 0.0274859778583 0.39594718813896 0.91786181926727
vn 0.11321751028299 0.41311877965927 0.90361201763153
vn 0.0973159968853 0.40729463100433 0.90809726715088
vn -0.21488136053085 0.38252079486847 0.89861214160919
vn -0.09339072555304 0.40231385827065 0.91072595119476
vn 0.00180192512926 0.41853389143944 0.90819936990738
vn 0.08044167608023 0.42628514766693 0.90100508928299
vn -0.23909702897072 0.43197682499886 0.86961406469345
vn -0.12179409712553 0.44723239541054 0.88608658313751
vn -0.02215513028204 0.45891258120537 0.88820517063141
vn 0.06340558826923 0.46352750062943 0.88381105661392
vn -0.25660312175751 0.49390125274658 0.83079260587692
vn -0.14359717071056 0.50761669874191 0.84953230619431
vn -0.04291275888681 0.51648622751236 0.85521954298019
vn 0.04768935218453 0.51808261871338 0.85400009155273
vn 0.50518012046814 0.3403767645359 0.79305529594421
vn 0.34751185774803 0.37316420674324 0.8602232336998
vn 0.32686874270439 0.38912871479988 0.86124074459076
vn 0.48313504457474 0.34427562355995 0.80501854419708
vn 0.34888151288033 0.38057124614716 0.85641533136368
vn 0.46579119563103 0.37074384093285 0.80348467826843
vn 0.34312653541565 0.40967801213264 0.84523850679398
vn 0.45241332054138 0.41705971956253 0.78827875852585
vn 0.33581140637398 0.45833349227905 0.82289797067642
vn 0.24333764612675 0.39717671275139 0.88489401340485
vn 0.23578055202961 0.41110065579414 0.88057017326355
vn 0.24258090555668 0.40817654132843 0.88008320331573
vn 0.2377485781908 0.43926042318344 0.86632895469666
vn 0.23111514747143 0.48932129144669 0.8409224152565
vn 0.16468000411987 0.40827804803848 0.89788055419922
vn 0.16975197196007 0.41824495792389 0.89233142137527
vn 0.15602333843708 0.42358168959618 0.89232015609741
vn 0.14608563482761 0.45759674906731 0.87707704305649
vn 0.13620245456696 0.50946515798569 0.84964352846146
vn 0.27808970212936 0.74458009004593 0.6068497300148
vn 0.37295386195183 0.72156620025635 0.58330744504929
vn 0.18849144876003 0.76050794124603 0.62136834859848
vn 0.10294830054045 0.77049279212952 0.62908071279526
vn 0.01937627978623 0.77545696496964 0.63110303878784
vn 0.3112328350544 0.62323254346848 0.71743667125702
vn 0.41893726587296 0.58623385429382 0.69341289997101
vn 0.21100395917892 0.6496217250824 0.73038953542709
vn 0.11660555750132 0.66672575473785 0.73612493276596
vn 0.02535760588944 0.67555236816406 0.73687583208084
vn 0.32678487896919 0.52831691503525 0.78364080190659
vn 0.43955418467522 0.4866156578064 0.75498163700104
vn 0.22309076786041 0.55901682376862 0.79858046770096
vn 0.12673784792423 0.5791717171669 0.80529350042343
vn 0.03477324917912 0.58909595012665 0.80731451511383
vn -0.24270310997963 0.76515555381775 0.59634906053543
vn -0.26524588465691 0.66094398498535 0.70199549198151
vn -0.26693049073219 0.56999403238297 0.77708101272583
vn -0.15132786333561 0.77268004417419 0.61649441719055
vn -0.16259500384331 0.67206144332886 0.72242391109467
vn -0.1582248955965 0.58305639028549 0.79687523841858
vn -0.06460440158844 0.77606672048569 0.6273330450058
vn -0.06650140881538 0.6770401597023 0.7329353094101
vn -0.05842969939113 0.58983480930328 0.80540728569031
vn 0.6628565788269 0.31541550159454 0.6790686249733
vn 0.76844966411591 0.3069820702076 0.56146866083145
vn 0.83963996171951 0.3022620677948 0.45126754045486
vn 0.88690412044525 0.29817834496498 0.35283243656158
vn 0.61836951971054 0.31117171049118 0.72165876626968
vn 0.72549539804459 0.28978073596954 0.62424635887146
vn 0.80568867921829 0.27544647455215 0.52439963817596
vn 0.86337661743164 0.26512184739113 0.42929154634476
vn 0.58838093280792 0.33096864819527 0.73774492740631
vn 0.69194310903549 0.29886871576309 0.65718507766724
vn 0.77511352300644 0.27423179149628 0.56920647621155
vn 0.83883535861969 0.25572115182877 0.48058503866196
vn 0.56789708137512 0.37198370695114 0.73424857854843
vn 0.66806584596634 0.33147987723351 0.66618996858597
vn 0.75144875049591 0.2973872423172 0.58897000551224
vn 0.8185521364212 0.26963511109352 0.50721722841263
vn 0.96988832950592 0.2366541326046 0.05754483491182
vn 0.95733696222305 0.2627517580986 0.12028063833714
vn 0.97466194629669 0.19908608496189 0.10197441279888
vn 0.95835053920746 0.22396676242352 0.17720937728882
vn 0.97445917129517 0.17925760149956 0.13526286184788
vn 0.95399063825607 0.20308704674244 0.22058437764645
vn 0.97155737876892 0.18029887974262 0.15352050960064
vn 0.94775086641312 0.20254129171371 0.24646577239037
vn 0.94079607725143 0.28102049231529 0.18955257534981
vn 0.93566179275513 0.24235743284225 0.25651490688324
vn 0.92545711994171 0.22282531857491 0.30639514327049
vn 0.91483521461487 0.22399406135082 0.33601072430611
vn 0.91831576824188 0.29240971803665 0.26681971549988
vn 0.90478414297104 0.25552952289581 0.34069100022316
vn 0.88757562637329 0.23981969058514 0.39331421256065
vn 0.87214636802673 0.245953515172 0.42292737960815
vn 0.79219877719879 0.60744047164917 0.05862760543823
vn 0.76582872867584 0.63633459806442 -0.09265372902155
vn 0.78498351573944 0.59119254350662 0.18518181145191
vn 0.75233560800552 0.59231400489807 0.28836658596992
vn 0.70058536529541 0.60781067609787 0.3738266825676
vn 0.91971284151077 0.33041778206825 0.2120196968317
vn 0.94062376022339 0.32495951652527 0.09812367707491
vn 0.88487863540649 0.34694668650627 0.31083402037621
vn 0.83787757158279 0.37371370196342 0.39786839485168
vn 0.77876901626587 0.40868243575096 0.47591745853424
vn 0.93992614746094 0.23315244913101 0.24935671687126
vn 0.96517878770828 0.21493847668171 0.14910200238228
vn 0.90448611974716 0.25522628426552 0.34170803427696
vn 0.85886198282242 0.28191500902176 0.4276447892189
vn 0.80209946632385 0.31338340044022 0.50835740566254
vn 0.46783721446991 0.6929104924202 0.54863780736923
vn 0.52599096298218 0.54155910015106 0.65577983856201
vn 0.55087012052536 0.43882846832275 0.70990961790085
vn 0.55579936504364 0.66228634119034 0.50245779752731
vn 0.62274992465973 0.49504804611206 0.60589599609375
vn 0.64907002449036 0.39243978261948 0.65168941020966
vn 0.63403242826462 0.63267129659653 0.44466826319695
vn 0.70713448524475 0.4498362839222 0.54553472995758
vn 0.7326568365097 0.35015514492989 0.58361399173737
vn 0.97945523262024 0.20165459811687 -0.00170992105268
vn 0.98548549413681 0.15948639810085 -0.05815901979804
vn 0.9873993396759 0.1148646697402 -0.10885126888752
vn 0.98584359884262 0.0718259960413 -0.15150392055511
vn 0.98553454875946 0.16700761020184 0.02881114929914
vn 0.99061185121536 0.13017785549164 -0.04173562675714
vn 0.98999786376953 0.0933308377862 -0.10579968243837
vn 0.98527836799622 0.0597996711731 -0.16015781462193
vn 0.98726063966751 0.15113562345505 0.04974406957626
vn 0.9919930100441 0.12165080755949 -0.03392636403441
vn 0.989253282547 0.09494957327843 -0.11118702590466
vn 0.98135870695114 0.0730344504118 -0.17776693403721
vn 0.9857811331749 0.15797409415245 0.0572692938149
vn 0.98952651023865 0.13895374536514 -0.03910348936915
vn 0.98345321416855 0.12600411474705 -0.13016436994076
vn 0.97031277418137 0.1192809343338 -0.21039295196533
vn 0.97410762310028 -0.02959475852549 -0.22413946688175
vn 0.96746230125427 -0.01403024047613 -0.25262588262558
vn 0.95555210113525 0.0288924947381 -0.29340323805809
vn 0.92923617362976 0.10964574664831 -0.35284271836281
vn 0.97796976566315 -0.00099428917747 -0.20874416828156
vn 0.9723681807518 0.00664222240448 -0.23335820436478
vn 0.9621906876564 0.04177074879408 -0.26915475726128
vn 0.9395569562912 0.11431542038918 -0.32274562120438
vn 0.9822193980217 0.03286292776465 -0.18483792245388
vn 0.97872394323349 0.03096011839807 -0.20283216238022
vn 0.97140151262283 0.05581720545888 -0.2307890355587
vn 0.95426446199417 0.11650422215462 -0.27532902359962
vn 0.29987251758575 0.70281201601028 -0.64508277177811
vn 0.29674577713013 0.71402460336685 -0.63412207365036
vn 0.32421219348907 0.72069776058197 -0.61276519298553
vn 0.38628524541855 0.72235953807831 -0.57356810569763
vn 0.68119251728058 0.46982035040855 -0.56146734952927
vn 0.70362317562103 0.46933761239052 -0.53351348638535
vn 0.74779051542282 0.45588159561157 -0.48268133401871
vn 0.80792427062988 0.42965093255043 -0.40330931544304
vn 0.8617314696312 0.24955873191357 -0.44174575805664
vn 0.87917131185532 0.24696384370327 -0.40751278400421
vn 0.90567195415497 0.23633472621441 -0.35200026631355
vn 0.93585878610611 0.22114126384258 -0.27434453368187
vn 0.69705313444138 0.67039126157761 -0.25434708595276
vn 0.94206982851028 0.33404684066772 -0.03028462268412
vn 0.97838759422302 0.20262528955936 0.04123992100358
vn 0.59264105558395 0.69990956783295 -0.39862662553787
vn 0.91833198070526 0.35948008298874 -0.16565170884132
vn 0.97730797529221 0.1998877376318 -0.07010028511286
vn 0.48048236966133 0.71668207645416 -0.50547355413437
vn 0.87028485536575 0.39459788799286 -0.29478257894516
vn 0.9620116353035 0.20704014599323 -0.17795500159264
vn 0.93553757667542 0.25892278552055 -0.24026747047901
vn 0.94233411550522 0.20318774878979 -0.26593437790871
vn 0.93992739915848 0.14874163269997 -0.30726599693298
vn 0.92144536972046 0.10047560930252 -0.37529072165489
vn 0.96066814661026 0.170035764575 -0.2195553034544
vn 0.96436774730682 0.11210389435291 -0.23964039981365
vn 0.96129155158997 0.05774615332484 -0.26941400766373
vn 0.94900268316269 0.00981779955328 -0.31511503458023
vn 0.97353148460388 0.09688282757998 -0.2070028334856
vn 0.97390604019165 0.04115056991577 -0.22318969666958
vn 0.96931087970734 -0.00982378330082 -0.24564173817635
vn 0.95896899700165 -0.05492236092687 -0.2781403362751
vn 0.97898352146149 0.03725996613503 -0.20050676167011
vn 0.97669547796249 -0.01422719471157 -0.21415765583515
vn 0.97070354223251 -0.06162365525961 -0.23224385082722
vn 0.96060830354691 -0.105374597013 -0.25715345144272
vn 0.55117386579514 0.17954182624817 -0.81484484672546
vn 0.6981663107872 0.11581396311522 -0.70650619268417
vn 0.74581748247147 0.01422803569585 -0.66599839925766
vn 0.83238768577576 -0.02172202058136 -0.55376791954041
vn 0.83280092477798 -0.11091984808445 -0.54234623908997
vn 0.88608372211456 -0.11767465621233 -0.44833946228027
vn 0.85865139961243 -0.2133225351572 -0.46605932712555
vn 0.90150487422943 -0.19508086144924 -0.38630610704422
vn 0.80667108297348 0.07773892581463 -0.58586555719376
vn 0.88841861486435 -0.03405365347862 -0.45776924490929
vn 0.91950571537018 -0.11054436117411 -0.3772124350071
vn 0.92783331871033 -0.17232893407345 -0.33079919219017
vn 0.87906086444855 0.07238713651896 -0.47118160128593
vn 0.92538470029831 -0.02334562316537 -0.37830954790115
vn 0.94255572557449 -0.08975762873888 -0.32176429033279
vn 0.94643402099609 -0.14295718073845 -0.28952696919441
vn 0.84950405359268 -0.35370582342148 -0.39145249128342
vn 0.75057673454285 -0.43363493680954 -0.49859330058098
vn 0.89950329065323 -0.28252080082893 -0.33328047394753
vn 0.92935395240784 -0.22656641900539 -0.29149422049522
vn 0.94823050498962 -0.18115521967411 -0.2608480155468
vn 0.87688744068146 -0.31838229298592 -0.36014050245285
vn 0.81277269124985 -0.37829634547234 -0.44304895401001
vn 0.91286963224411 -0.26311030983925 -0.31215700507164
vn 0.93667125701904 -0.21362015604973 -0.27751290798187
vn 0.95315539836884 -0.16934610903263 -0.25063252449036
vn 0.89594250917435 -0.26243805885315 -0.35834801197052
vn 0.84818243980408 -0.30325153470039 -0.43430987000465
vn 0.92392492294312 -0.22384802997112 -0.31024950742722
vn 0.94321876764297 -0.18512368202209 -0.275803565979
vn 0.95781552791595 -0.14395481348038 -0.24872961640358
vn 0.97550559043884 -0.06969524919987 -0.20864172279835
vn 0.97841554880142 -0.04591766372323 -0.20148105919361
vn 0.9799770116806 -0.01014580205083 -0.19885213673115
vn 0.96961325407028 -0.10500830411911 -0.22096012532711
vn 0.97309237718582 -0.0868297368288 -0.21342866122723
vn 0.97581428289413 -0.05654842406511 -0.21116051077843
vn 0.96087795495987 -0.14161647856236 -0.23803021013737
vn 0.96495646238327 -0.12737715244293 -0.22942113876343
vn 0.96861720085144 -0.10065105557442 -0.22726656496525
vn -0.09926088899374 0.09649796783924 -0.99037134647369
vn -0.19462577998638 0.18365573883057 -0.9635306596756
vn -0.10160524398088 -0.09439136832952 -0.99033665657043
vn -0.16524076461792 -0.03807193785906 -0.98551815748215
vn -0.05333952978253 -0.24787019193172 -0.96732378005981
vn -0.093056820333 -0.22014591097832 -0.97101813554764
vn 0.02858490683138 -0.36998888850212 -0.9285963177681
vn 0.02222546190023 -0.36296653747559 -0.93153709173203
vn -0.25887832045555 0.24065127968788 -0.93545120954514
vn -0.19468522071838 0.02050659060478 -0.98065137863159
vn -0.08799065649509 -0.17632389068604 -0.98039150238037
vn 0.06259954720736 -0.3279687166214 -0.94261223077774
vn -0.26520967483521 0.27715095877647 -0.92349940538406
vn -0.16191780567169 0.07440558820963 -0.98399513959885
vn -0.01860446296632 -0.12322949618101 -0.99220377206802
vn 0.14427147805691 -0.26404473185539 -0.95365935564041
vn -0.18488866090775 0.30702009797096 -0.93357104063034
vn -0.02986557409167 0.1173075735569 -0.99264645576477
vn 0.12247049063444 -0.08160412311554 -0.98911160230637
vn 0.214644536376 -0.20469310879707 -0.95500183105469
vn 0.58563053607941 -0.49844500422478 -0.63920998573303
vn 0.45462781190872 -0.52106201648712 -0.72236275672913
vn 0.69244807958603 -0.43782824277878 -0.57343012094498
vn 0.75904989242554 -0.34551432728767 -0.5517817735672
vn 0.78082811832428 -0.2286052107811 -0.58141821622849
vn 0.38715136051178 -0.51625943183899 -0.76393061876297
vn 0.29081895947456 -0.51890051364899 -0.80384486913681
vn 0.50203537940979 -0.46874344348907 -0.72680121660233
vn 0.59483969211578 -0.37248441576958 -0.71233493089676
vn 0.62871527671814 -0.23782108724117 -0.74037712812424
vn 0.18669617176056 -0.46633279323578 -0.8646839261055
vn 0.14500923454762 -0.46263563632965 -0.87460881471634
vn 0.26759195327759 -0.43133816123009 -0.86159271001816
vn 0.35682740807533 -0.34720101952553 -0.86725181341171
vn 0.39482602477074 -0.22772832214832 -0.89008551836014
vn 0.36915701627731 0.24655462801456 -0.89606577157974
vn 0.16654159128666 0.29545313119888 -0.94072914123535
vn -0.02820719964802 0.31732153892517 -0.94789838790894
vn 0.61284404993057 0.06351524591446 -0.78764712810516
vn 0.42036166787148 0.10845980793238 -0.90085101127625
vn 0.18635495007038 0.13136892020702 -0.97366011142731
vn 0.74109190702438 -0.09426844120026 -0.6647527217865
vn 0.57745176553726 -0.07632191479206 -0.81284958124161
vn 0.34135589003563 -0.06752197444439 -0.9375057220459
vn -0.27300688624382 0.23819629848003 -0.93205672502518
vn -0.1517643481493 0.28240305185318 -0.9472149014473
vn -0.45107764005661 0.08181155472994 -0.88872706890106
vn -0.32088479399681 0.10827575623989 -0.9409087896347
vn -0.56053161621094 -0.0427862778306 -0.82702696323395
vn -0.43349072337151 -0.04223733395338 -0.9001676440239
vn -0.61314117908478 -0.15143041312695 -0.77532362937927
vn -0.48478159308434 -0.177411288023 -0.85645318031311
vn -0.043331887573 0.31872475147247 -0.94685631990433
vn -0.19063816964626 0.13297334313393 -0.97261255979538
vn -0.29085168242455 -0.03932229429483 -0.95595973730087
vn -0.33054801821709 -0.19299137592316 -0.92384648323059
vn 0.05853711441159 0.33630794286728 -0.93993103504181
vn -0.05884488299489 0.13874816894531 -0.98857790231705
vn -0.14016468822956 -0.0499160811305 -0.98886919021606
vn -0.16692386567593 -0.19926804304123 -0.96562343835831
vn 0.15403287112713 0.32208061218262 -0.93409740924835
vn 0.06608325988054 0.10831784456968 -0.99191743135452
vn -0.01512502599508 -0.08516816049814 -0.9962517619133
vn -0.0629201605916 -0.19580556452274 -0.97862213850021
vn -0.29968377947807 -0.44146120548248 -0.84575510025024
vn -0.36842378973961 -0.43068131804466 -0.82387953996658
vn -0.55447441339493 -0.38012132048607 -0.74031472206116
vn -0.17017287015915 -0.44593954086304 -0.87873721122742
vn -0.20416527986526 -0.44842314720154 -0.87019151449203
vn -0.07091381400824 -0.41744163632393 -0.90593248605728
vn -0.0709550306201 -0.42506283521652 -0.9023784995079
vn 0.00045683811186 -0.35957014560699 -0.93311792612076
vn 0.02596489340067 -0.36178535223007 -0.93189978599548
vn -0.43590745329857 -0.38105180859566 -0.81534296274185
vn -0.59916609525681 -0.32664731144905 -0.7309592962265
vn -0.2610385119915 -0.40759000182152 -0.87505960464478
vn -0.10207400470972 -0.39021781086922 -0.91504698991776
vn 0.01546717714518 -0.32574018836021 -0.94533282518387
vn -0.48006969690323 -0.2949835062027 -0.82614636421204
vn -0.62148106098175 -0.24867928028107 -0.7429131269455
vn -0.31367012858391 -0.32050895690918 -0.89380371570587
vn -0.14579758048058 -0.31070202589035 -0.93925893306732
vn -0.02452312968671 -0.25805085897446 -0.96582007408142
vn 0.13975968956947 0.16090275347233 -0.97702485322952
vn 0.05351983010769 0.07846147567034 -0.99547952413559
vn 0.20055741071701 0.22899784147739 -0.95254224538803
vn 0.21038480103016 0.2809319794178 -0.93638426065445
vn 0.13207252323627 -0.07963334023952 -0.98803609609604
vn 0.07105661183596 -0.12331078201532 -0.98982089757919
vn 0.16402450203896 -0.01854672469199 -0.98628187179565
vn 0.1485304236412 0.04810409620404 -0.98773717880249
vn 0.09221900999546 -0.25125679373741 -0.96351736783981
vn 0.04729371517897 -0.26530253887177 -0.96300458908081
vn 0.10081727802753 -0.20713870227337 -0.97310298681259
vn 0.06513994187117 -0.14373263716698 -0.98747038841248
vn -0.23243391513824 -0.42499139904976 -0.87484669685364
vn -0.15562027692795 -0.40891537070274 -0.89920550584793
vn -0.07645022124052 -0.4057000875473 -0.91080337762833
vn 0.00725365104154 -0.41312152147293 -0.91064703464508
vn -0.14756321907043 -0.42356905341148 -0.89376413822174
vn -0.10979629307985 -0.40929070115089 -0.90577363967896
vn -0.05851843208075 -0.40930798649788 -0.91051775217056
vn 0.00717535289004 -0.42045336961746 -0.90728580951691
vn -0.07896894961596 -0.39691784977913 -0.91445070505142
vn -0.07050194591284 -0.38887047767639 -0.91859090328217
vn -0.0441227555275 -0.3950123488903 -0.91761559247971
vn 0.0045518646948 -0.40914115309715 -0.91245973110199
vn -0.02928565442562 -0.34742471575737 -0.93725043535233
vn -0.03832033649087 -0.34813329577446 -0.9366614818573
vn -0.02548200450838 -0.36260783672333 -0.93159335851669
vn 0.00097603624454 -0.38389575481415 -0.92337590456009
vn 0.32514905929565 -0.50023025274277 -0.80252587795258
vn 0.21918824315071 -0.4930025935173 -0.84196496009827
vn 0.12231893837452 -0.4446407854557 -0.8873176574707
vn 0.04396783187985 -0.36849385499954 -0.92858982086182
vn 0.20414869487286 -0.46026906371117 -0.86398828029633
vn 0.14903798699379 -0.46074298024178 -0.87493062019348
vn 0.09421719610691 -0.4290671646595 -0.89834541082382
vn 0.04352249205112 -0.37041437625885 -0.92784643173218
vn 0.09910196810961 -0.43081602454185 -0.8969818353653
vn 0.07872583717108 -0.43675309419632 -0.89612996578217
vn 0.0567836984992 -0.41961735486984 -0.90592324733734
vn 0.02648737095296 -0.37636479735374 -0.92609286308289
vn -0.0184066798538 -0.02822213619947 -0.99943220615387
vn 0.01194021850824 -0.16519124805927 -0.98618924617767
vn 0.00229289429262 -0.27244263887405 -0.96216928958893
vn -0.03926069661975 -0.15566678345203 -0.98702907562256
vn -0.01108114793897 -0.22801212966442 -0.97359526157379
vn -0.01480661518872 -0.29391646385193 -0.9557164311409
vn -0.0121962511912 -0.27150100469589 -0.96236085891724
vn 0.00312418490648 -0.29925775527954 -0.9541671872139
vn -0.00436528166756 -0.32793983817101 -0.94468849897385
vn -0.41330245137215 0.20291055738926 -0.88769835233688
vn -0.56056535243988 0.19302895665169 -0.80529886484146
vn -0.68491208553314 0.21155640482903 -0.69723695516586
vn -0.76644903421402 0.25206026434898 -0.59078043699265
vn -0.57775390148163 0.07043567299843 -0.81316620111465
vn -0.68698853254318 0.08318921178579 -0.72189074754715
vn -0.76850950717926 0.11739353090525 -0.62897688150406
vn -0.81986153125763 0.16593980789185 -0.54798817634583
vn -0.67001360654831 -0.02867510356009 -0.74179476499558
vn -0.75386518239975 0.0018838896649 -0.65702646970749
vn -0.81292963027954 0.04524128884077 -0.58060193061829
vn -0.85031908750534 0.09649227559566 -0.51734584569931
vn -0.71489775180817 -0.11436155438423 -0.68981343507767
vn -0.78709799051285 -0.06985208392143 -0.61286008358002
vn -0.83631962537766 -0.01967383921146 -0.54788905382156
vn -0.86807721853256 0.03386985883117 -0.49527245759964
vn -0.80638140439987 0.38551816344261 -0.44846940040588
vn -0.81368881464005 0.36582109332085 -0.45175811648369
vn -0.84500312805176 0.31850785017014 -0.42956084012985
vn -0.85070163011551 0.29348009824753 -0.43609189987183
vn -0.87277781963348 0.25890180468559 -0.41379788517952
vn -0.87671935558319 0.22965884208679 -0.42263454198837
vn -0.89440411329269 0.20330864191055 -0.39838027954102
vn -0.89618325233459 0.17116370797157 -0.40933918952942
vn -0.81583619117737 0.33595889806747 -0.4706834256649
vn -0.85233795642853 0.25911891460419 -0.45428776741028
vn -0.87689602375031 0.19241760671139 -0.44048696756363
vn -0.89428770542145 0.13194124400616 -0.427599132061
vn -0.80509030818939 0.29746690392494 -0.51316952705383
vn -0.84491866827011 0.21615126729012 -0.48927611112595
vn -0.8698867559433 0.14760063588619 -0.47064965963364
vn -0.88616061210632 0.0858643501997 -0.45535331964493
vn -0.93443429470062 0.00786871928722 -0.35604864358902
vn -0.9409573674202 0.04185073450208 -0.33592811226845
vn -0.92357110977173 -0.03121994249523 -0.38215401768684
vn -0.90668404102325 -0.0754697099328 -0.41500404477119
vn -0.88153797388077 -0.12466906756163 -0.45535522699356
vn -0.92396354675293 0.06198757886887 -0.37742403149605
vn -0.92743802070618 0.09664104133844 -0.36127442121506
vn -0.91641670465469 0.02141142077744 -0.39965224266052
vn -0.90294706821442 -0.02514814399183 -0.42901530861855
vn -0.88105601072311 -0.07740911841393 -0.46663489937782
vn -0.91146725416183 0.11585757881403 -0.39472076296806
vn -0.91218167543411 0.14978092908859 -0.38143181800842
vn -0.90696918964386 0.07540510594845 -0.41439232230186
vn -0.89657920598984 0.0284770205617 -0.44196692109108
vn -0.87738943099976 -0.02442539483309 -0.4791567325592
vn -0.70029437541962 -0.3115551173687 -0.64227819442749
vn -0.71946853399277 -0.26208224892616 -0.64317798614502
vn -0.72778302431107 -0.19358623027802 -0.65791815519333
vn -0.78684091567993 -0.24300195276737 -0.56730192899704
vn -0.79626709222794 -0.19721210002899 -0.57189697027206
vn -0.79883193969727 -0.13716541230679 -0.58570736646652
vn -0.84377288818359 -0.18022921681404 -0.50553411245346
vn -0.84731459617615 -0.13477809727192 -0.51370495557785
vn -0.84623682498932 -0.08045002818108 -0.52669823169708
vn -0.79903072118759 0.40385064482689 -0.44548237323761
vn -0.79216426610947 0.43078312277794 -0.43232131004334
vn -0.7824974656105 0.4666388630867 -0.41224491596222
vn -0.76771426200867 0.5102247595787 -0.38766667246819
vn -0.83842027187347 0.34262707829475 -0.42386102676392
vn -0.83102089166641 0.37458381056786 -0.41120710968971
vn -0.82080113887787 0.41424581408501 -0.39330133795738
vn -0.8063405752182 0.46046325564384 -0.37119877338409
vn -0.86744117736816 0.28756082057953 -0.40602284669876
vn -0.86082619428635 0.32310745120049 -0.39316642284393
vn -0.85156977176666 0.36536571383476 -0.37594786286354
vn -0.83866506814957 0.41340157389641 -0.35459849238396
vn -0.89089995622635 0.23508810997009 -0.38862684369087
vn -0.88590270280838 0.27311703562737 -0.37494471669197
vn -0.87847685813904 0.31716266274452 -0.35733214020729
vn -0.86779868602753 0.36660864949226 -0.33544528484344
vn -0.67357724905014 0.68786096572876 -0.27044594287872
vn -0.69749355316162 0.6485344171524 -0.30480450391769
vn -0.71733522415161 0.65122556686401 -0.24765999615192
vn -0.74066525697708 0.60798132419586 -0.28596097230911
vn -0.75629442930222 0.61570411920547 -0.2211948633194
vn -0.77889049053192 0.56885719299316 -0.2640665769577
vn -0.79331558942795 0.57879447937012 -0.18880501389503
vn -0.81502115726471 0.52875125408173 -0.23698645830154
vn -0.72304230928421 0.60434770584106 -0.33462473750114
vn -0.76479470729828 0.56012332439423 -0.31835663318634
vn -0.80137729644775 0.5176630616188 -0.29969891905785
vn -0.83558219671249 0.47470024228096 -0.27651765942574
vn -0.74731022119522 0.55751550197601 -0.36152985692024
vn -0.78730005025864 0.51019525527954 -0.34620714187622
vn -0.82173562049866 0.46504539251328 -0.32936802506447
vn -0.85343337059021 0.41985261440277 -0.30882892012596
vn -0.92179024219513 0.37484058737755 -0.09898091107607
vn -0.90265983343124 0.42917060852051 -0.03190403059125
vn -0.93551558256149 0.31763625144958 -0.15465369820595
vn -0.94421690702438 0.26125115156174 -0.20050495862961
vn -0.94869422912598 0.20792555809021 -0.2382145524025
vn -0.88627856969833 0.43551254272461 -0.15760435163975
vn -0.86651992797852 0.48964691162109 -0.09689766913652
vn -0.90228742361069 0.3780425786972 -0.20727090537548
vn -0.91417038440704 0.32090041041374 -0.24761942028999
vn -0.92217880487442 0.26643860340118 -0.28035098314285
vn -0.85058128833771 0.4853153526783 -0.20243646204472
vn -0.8298716545105 0.53790390491486 -0.14823077619076
vn -0.86894965171814 0.42906919121742 -0.24662962555885
vn -0.88395231962204 0.37261271476746 -0.28246775269508
vn -0.89532899856567 0.3183031976223 -0.31155917048454
vn -0.94530844688416 0.0758409127593 -0.31723815202713
vn -0.92881977558136 0.13112483918667 -0.34655460715294
vn -0.91095054149628 0.18344901502132 -0.369480073452
vn -0.94846349954605 0.11486917734146 -0.29533377289772
vn -0.92882204055786 0.171018242836 -0.32869803905487
vn -0.90819692611694 0.22294294834137 -0.35422411561012
vn -0.94983237981796 0.15893360972404 -0.26936700940132
vn -0.92683959007263 0.21619622409344 -0.30696514248848
vn -0.9032347202301 0.26801040768623 -0.33516782522202
vn -0.65559065341949 0.71793705224991 -0.23402424156666
vn -0.64469397068024 0.7383850812912 -0.19788174331188
vn -0.63624256849289 0.75460869073868 -0.16050259768963
vn -0.62216609716415 0.77349990606308 -0.12086030840874
vn -0.69963574409485 0.68391054868698 -0.20682421326637
vn -0.69033801555634 0.70408153533936 -0.16644088923931
vn -0.6867191195488 0.71616756916046 -0.12458257377148
vn -0.68368673324585 0.72543746232986 -0.07945389300585
vn -0.73875373601913 0.650834441185 -0.1750925630331
vn -0.73027753829956 0.67082583904266 -0.12917958199978
vn -0.7295218706131 0.67913812398911 -0.08105117827654
vn -0.73324954509735 0.67938756942749 -0.02788545750082
vn -0.7756439447403 0.61627304553986 -0.13632327318192
vn -0.76689350605011 0.63635855913162 -0.08319972455502
vn -0.76672893762588 0.64142799377441 -0.02639749832451
vn -0.77335715293884 0.63287878036499 0.03719030693173
vn -0.23130209743977 0.97193771600723 0.04285329580307
vn -0.42734828591347 0.90408575534821 0.00152675167192
vn -0.47289651632309 0.87046545743942 0.13659727573395
vn -0.59894770383835 0.79732096195221 0.07443735003471
vn -0.65082001686096 0.7157256603241 0.25331801176071
vn -0.71781277656555 0.67600059509277 0.16663759946823
vn -0.74688422679901 0.53423207998276 0.39592927694321
vn -0.78845304250717 0.54682093858719 0.28165355324745
vn -0.53609478473663 0.84323120117188 -0.03954145684838
vn -0.65338444709778 0.75677961111069 0.01932330429554
vn -0.73711913824081 0.66913878917694 0.09438552707434
vn -0.79290968179703 0.57925003767014 0.18911284208298
vn -0.59314233064651 0.80110162496567 -0.08011475205421
vn -0.67549228668213 0.7367005944252 -0.03134415671229
vn -0.7378243803978 0.67429846525192 0.03060699813068
vn -0.78403371572494 0.61111068725586 0.10878793895245
vn -0.67852199077606 0.29339173436165 0.67344582080841
vn -0.53265023231506 0.21092835068703 0.81962978839874
vn -0.75189203023911 0.38799729943275 0.53302574157715
vn -0.79394912719727 0.45121678709984 0.40749010443687
vn -0.8201996088028 0.48713803291321 0.29994863271713
vn -0.76198261976242 0.33521646261215 0.55408698320389
vn -0.66991722583771 0.24744485318661 0.6999871134758
vn -0.79796200990677 0.42939373850822 0.42293927073479
vn -0.81137353181839 0.49840971827507 0.3053862452507
vn -0.81701767444611 0.53877466917038 0.20543609559536
vn -0.80392962694168 0.4256916642189 0.41531166434288
vn -0.74971604347229 0.36360058188438 0.55291992425919
vn -0.81461197137833 0.49558255076408 0.30133906006813
vn -0.80958050489426 0.55107295513153 0.20223264396191
vn -0.80186992883682 0.58612364530563 0.11603335291147
vn -0.88076984882355 0.47163936495781 0.04243536293507
vn -0.84690338373184 0.53092795610428 -0.02949972636998
vn -0.81158471107483 0.57750135660172 -0.08844465017319
vn -0.86007332801819 0.49569922685623 0.12064892798662
vn -0.83229207992554 0.55281519889832 0.04105201736093
vn -0.80093294382095 0.59815591573715 -0.02675685286522
vn -0.84060662984848 0.50102365016937 0.20580518245697
vn -0.82291620969772 0.55568486452103 0.11841989308596
vn -0.79810762405396 0.60115730762482 0.04042496904731
vn 0.25000387430191 0.96209275722504 0.10897539556026
vn 0.39482781291008 0.91556245088577 0.07652734965086
vn 0.32430630922318 0.89655154943466 0.30169641971588
vn 0.45021256804466 0.84461539983749 0.28971275687218
vn 0.34475141763687 0.76824498176575 0.53939414024353
vn 0.45269361138344 0.70267540216446 0.54892241954803
vn 0.30157899856567 0.58249682188034 0.75481629371643
vn 0.36819693446159 0.50188511610031 0.78265088796616
vn 0.49435809254646 0.86696928739548 0.06304261088371
vn 0.52495098114014 0.80714237689972 0.2700882256031
vn 0.49986118078232 0.68211251497269 0.53372395038605
vn 0.37472996115685 0.50417190790176 0.77806693315506
vn 0.54435724020004 0.83648103475571 0.06304500252008
vn 0.5406705737114 0.80324357748032 0.24995020031929
vn 0.48224061727524 0.71673345565796 0.50372332334518
vn 0.33706611394882 0.59198653697968 0.73207813501358
vn 0.52914208173752 0.84597098827362 0.06589213013649
vn 0.47604814171791 0.84748125076294 0.23484818637371
vn 0.3854649066925 0.78940987586975 0.47775402665138
vn 0.29108160734177 0.68932539224625 0.66340178251266
vn -0.30736014246941 0.16699308156967 0.93682605028152
vn -0.14626753330231 0.211904540658 0.96628272533417
vn -0.48502564430237 0.19447448849678 0.8526017665863
vn -0.61241298913956 0.33398741483688 0.71652126312256
vn -0.62549060583115 0.56522768735886 0.53784686326981
vn -0.0548708550632 0.18094301223755 0.98196172714233
vn 0.03291409090161 0.25179350376129 0.96722114086151
vn -0.20156814157963 0.20546671748161 0.95768141746521
vn -0.33455780148506 0.368279337883 0.86743378639221
vn -0.34815806150436 0.64307135343552 0.68208879232407
vn 0.18800801038742 0.3047279715538 0.93369901180267
vn 0.19056175649166 0.39061897993088 0.90061259269714
vn 0.12565971910954 0.32312417030334 0.93797677755356
vn 0.05071069672704 0.47177913784981 0.88025724887848
vn 0.04648327827454 0.69325834512711 0.71918857097626
vn 0.03498021885753 0.99671709537506 0.07301635295153
vn 0.28013476729393 0.95658349990845 0.08045222610235
vn 0.44386056065559 0.89311569929123 0.07302197813988
vn -0.24222710728645 0.95052313804626 0.19450391829014
vn 0.05493284016848 0.97262525558472 0.22579315304756
vn 0.31412118673325 0.9209109544754 0.23076164722443
vn -0.48801422119141 0.79873239994049 0.35194975137711
vn -0.18974040448666 0.87934905290604 0.43674227595329
vn 0.15644256770611 0.86913281679153 0.46918430924416
vn 0.11264502257109 0.99089896678925 0.07369074225426
vn 0.27301618456841 0.95431798696518 0.12140547484159
vn 0.40916559100151 0.89413613080978 0.18194541335106
vn 0.51792788505554 0.80750465393066 0.28228870034218
vn -0.04831950366497 0.99287617206573 0.10891361534595
vn 0.11566185951233 0.97639083862305 0.18243703246117
vn 0.25883743166924 0.92648154497147 0.27319434285164
vn 0.36537393927574 0.83671993017197 0.40792360901833
vn -0.18424992263317 0.97329753637314 0.1369081735611
vn -0.0389001481235 0.96839600801468 0.24636559188366
vn 0.09239777177572 0.92162346839905 0.37692558765411
vn 0.17601655423641 0.83241075277328 0.52546215057373
vn -0.28470283746719 0.94371110200882 0.16838531196117
vn -0.16893939673901 0.93120056390762 0.32299387454987
vn -0.04237515851855 0.87440133094788 0.48334938287735
vn 0.045007199049 0.81046372652054 0.58405727148056
vn 0.36366498470306 0.42511746287346 0.82886844873428
vn 0.473992228508 0.47249433398247 0.74302119016647
vn 0.2351181358099 0.47108405828476 0.85017603635788
vn 0.28920239210129 0.4834021627903 0.82624715566635
vn 0.12796474993229 0.5455430150032 0.82825589179993
vn 0.12322802096605 0.51837342977524 0.84622919559479
vn 0.05023151636124 0.65372240543365 0.75506544113159
vn -0.00221520964988 0.60196769237518 0.79851740598679
vn 0.56041294336319 0.56931680440903 0.60151124000549
vn 0.36618745326996 0.5705993771553 0.73506671190262
vn 0.15893396735191 0.5820620059967 0.7974608540535
vn -0.00693904794753 0.63738012313843 0.77051830291748
vn 0.57679831981659 0.69290685653687 0.43264743685722
vn 0.40522792935371 0.70677125453949 0.57988333702087
vn 0.19273322820663 0.70954757928848 0.67778766155243
vn 0.0194384213537 0.73323273658752 0.67969989776611
vn -0.1513015627861 0.96748089790344 0.20270301401615
vn 0.00068933429429 0.9837611913681 0.17948114871979
vn -0.2705205976963 0.94047355651855 0.20573781430721
vn -0.32067713141441 0.92653781175613 0.19670762121677
vn -0.14024153351784 0.88018518686295 0.45343843102455
vn -0.01936567574739 0.91345083713532 0.40648806095123
vn -0.22220078110695 0.86713099479675 0.44576972723007
vn -0.23775255680084 0.88589876890182 0.39831790328026
vn -0.08958398550749 0.73804605007172 0.6687770485878
vn 0.00139656057581 0.78963851928711 0.61357074975967
vn -0.13183362782001 0.7459043264389 0.65287566184998
vn -0.11633402854204 0.80519211292267 0.58149123191834
vn 0.27679538726807 0.42840054631233 0.86014956235886
vn 0.21710823476315 0.44735270738602 0.8676056265831
vn 0.17028613388538 0.45066410303116 0.87630158662796
vn 0.12739670276642 0.44065344333649 0.88859134912491
vn 0.21129301190376 0.49449828267097 0.84310537576675
vn 0.19133470952511 0.50790786743164 0.83989322185516
vn 0.16872890293598 0.50269395112991 0.84783804416656
vn 0.13947966694832 0.48622196912766 0.86263179779053
vn 0.15303859114647 0.5891649723053 0.79338753223419
vn 0.1664242297411 0.59690374135971 0.78486233949661
vn 0.16572883725166 0.5807718038559 0.7970182299614
vn 0.14865510165691 0.55994594097137 0.81508415937424
vn 0.11147499829531 0.70411312580109 0.7012831568718
vn 0.1471039801836 0.7035818696022 0.69522154331207
vn 0.15900540351868 0.67243057489395 0.7228792309761
vn 0.1531594991684 0.63299560546875 0.75885361433029
vn -0.03814994543791 0.29631015658379 0.95432955026627
vn 0.0667050331831 0.35212942957878 0.93357127904892
vn 0.16005830466747 0.48425287008286 0.86016303300858
vn 0.22099903225899 0.65203481912613 0.72526544332504
vn 0.03259648010135 0.3752002120018 0.92637050151825
vn 0.08860202133656 0.42669728398323 0.90004396438599
vn 0.13916213810444 0.53228688240051 0.83504766225815
vn 0.17233139276505 0.66808789968491 0.72385108470917
vn 0.08374035358429 0.41824209690094 0.90446728467941
vn 0.11082754284143 0.46533554792404 0.87816858291626
vn 0.13382339477539 0.54882436990738 0.82515639066696
vn 0.15179586410522 0.65547603368759 0.73980349302292
vn 0.13056463003159 0.97000908851624 0.20502501726151
vn 0.0894280821085 0.92123651504517 0.37858411669731
vn 0.08939930796623 0.82374340295792 0.55987012386322
vn 0.20758694410324 0.91546088457108 0.34473037719727
vn 0.15310676395893 0.87903672456741 0.45150059461594
vn 0.13897562026978 0.80355584621429 0.57877784967422
vn 0.23688192665577 0.80723196268082 0.5406140089035
vn 0.17911677062511 0.79208242893219 0.58354318141937
vn 0.15739472210407 0.74656933546066 0.64642179012299
vn 0.09633775055408 -0.95528787374496 0.2795427441597
vn 0.07873935997486 -0.95414113998413 0.28881624341011
vn 0.05710350349545 -0.95207631587982 0.30048274993896
vn 0.03059824556112 -0.95022523403168 0.31005772948265
vn 0.0941541865468 -0.96402394771576 0.24858172237873
vn 0.07292734831572 -0.96482002735138 0.25259435176849
vn 0.05063903704286 -0.96417826414108 0.26037654280663
vn 0.02545307390392 -0.96300905942917 0.26826420426369
vn 0.09819819033146 -0.96959668397903 0.22414153814316
vn 0.07150599360466 -0.97213417291641 0.22325322031975
vn 0.04714922979474 -0.97284233570099 0.22661589086056
vn 0.02229906059802 -0.97247886657715 0.23192167282104
vn 0.10950880497694 -0.97133594751358 0.21098397672176
vn 0.0755772292614 -0.97584676742554 0.20496635138988
vn 0.04734738916159 -0.97795987129211 0.20335368812084
vn 0.02105310000479 -0.97843664884567 0.20547130703926
vn -0.04546983912587 -0.94220668077469 0.33193224668503
vn -0.02990991435945 -0.94619578123093 0.32220953702927
vn -0.05820533260703 -0.95010191202164 0.30646121501923
vn -0.03597604110837 -0.95640724897385 0.28981181979179
vn -0.07557180523872 -0.9565514922142 0.28159925341606
vn -0.04521031305194 -0.96444165706635 0.26040032505989
vn -0.09640467166901 -0.96044272184372 0.26125836372375
vn -0.05754449591041 -0.96956753730774 0.23796525597572
vn -0.01460636407137 -0.94787657260895 0.31830286979675
vn -0.01834292709827 -0.95976996421814 0.28018778562546
vn -0.0227397698909 -0.96890819072723 0.24637332558632
vn -0.0287555642426 -0.97486048936844 0.22095288336277
vn 0.00503127137199 -0.9489112496376 0.31550300121307
vn 0.00132307363674 -0.96164691448212 0.27428722381592
vn -0.00142391980626 -0.9712883234024 0.2379012554884
vn -0.00401120632887 -0.97751873731613 0.21081039309502
vn -0.13351756334305 -0.95117902755737 0.27826517820358
vn -0.20965093374252 -0.93139070272446 0.2975866496563
vn -0.0730602145195 -0.96179282665253 0.26384988427162
vn -0.02181053906679 -0.9659241437912 0.2579046189785
vn 0.02665621414781 -0.96490740776062 0.26123398542404
vn -0.10012948513031 -0.96499907970428 0.24238581955433
vn -0.16146603226662 -0.95061928033829 0.26505041122437
vn -0.0528241917491 -0.97296190261841 0.22484378516674
vn -0.0136364037171 -0.97642260789871 0.2154366672039
vn 0.02306977286935 -0.97650128602982 0.21427315473557
vn -0.07496697455645 -0.97040766477585 0.22954058647156
vn -0.12370996177197 -0.95949935913086 0.25309446454048
vn -0.03814911469817 -0.97667151689529 0.21132308244705
vn -0.0077062100172 -0.97960966825485 0.2007622718811
vn 0.02133941464126 -0.98019355535507 0.1968888938427
vn 0.21291337907314 -0.9261040687561 0.31144687533379
vn 0.16447199881077 -0.95454055070877 0.24859875440598
vn 0.13051880896091 -0.96756482124329 0.21629403531551
vn 0.13856337964535 -0.94661355018616 0.29107204079628
vn 0.10741406679153 -0.96658420562744 0.23276002705097
vn 0.086833961308 -0.97483706474304 0.20531092584133
vn 0.07823842018843 -0.95881849527359 0.27303087711334
vn 0.06192612275481 -0.97342097759247 0.22049200534821
vn 0.05191968753934 -0.9787186384201 0.19852989912033
vn -0.0680038407445 -0.93615186214447 0.34495678544044
vn -0.09612151235342 -0.92890524864197 0.35762506723404
vn -0.12524190545082 -0.92007321119308 0.37118688225746
vn -0.1530142724514 -0.90925830602646 0.38708651065826
vn -0.09023506194353 -0.94138795137405 0.3250327706337
vn -0.12692049145699 -0.93157768249512 0.34066724777222
vn -0.16273558139801 -0.92024439573288 0.35590359568596
vn -0.19596809148788 -0.90675395727158 0.37335473299026
vn -0.11619267612696 -0.94520598649979 0.30509820580482
vn -0.16129793226719 -0.93164491653442 0.32560828328133
vn -0.20555013418198 -0.91615629196167 0.34410291910172
vn -0.24643863737583 -0.89847856760025 0.3633239865303
vn -0.14573973417282 -0.94661384820938 0.28754499554634
vn -0.19990617036819 -0.92850363254547 0.31291934847832
vn -0.25433990359306 -0.9069647192955 0.33574730157852
vn -0.30705922842026 -0.88183581829071 0.35788294672966
vn -0.26115840673447 -0.85402691364288 0.44992703199387
vn -0.2362497150898 -0.86512386798859 0.44243285059929
vn -0.33205220103264 -0.83197104930878 0.44448336958885
vn -0.29810476303101 -0.84932506084442 0.43563798069954
vn -0.41467055678368 -0.79932826757431 0.43488231301308
vn -0.37413755059242 -0.82376474142075 0.4259492456913
vn -0.50548124313354 -0.75258511304855 0.42202419042587
vn -0.46238544583321 -0.78365939855576 0.41482239961624
vn -0.2075516730547 -0.88047558069229 0.42624527215958
vn -0.26214551925659 -0.87040543556213 0.41674226522446
vn -0.32967820763588 -0.85152101516724 0.40770611166954
vn -0.41168913245201 -0.8187849521637 0.40012910962105
vn -0.17953193187714 -0.89586663246155 0.40643730759621
vn -0.22803975641727 -0.89015585184097 0.39448750019073
vn -0.28665030002594 -0.87719184160233 0.3851832151413
vn -0.3591642677784 -0.85236728191376 0.38009339570999
vn -0.73450118303299 -0.56776452064514 0.37168726325035
vn -0.77208769321442 -0.52291423082352 0.36116659641266
vn -0.68602257966995 -0.62085419893265 0.37935870885849
vn -0.62624979019165 -0.67974245548248 0.38178703188896
vn -0.55431979894638 -0.74220281839371 0.37664902210236
vn -0.64666050672531 -0.65723603963852 0.38713181018829
vn -0.68759828805923 -0.61556071043015 0.38508918881416
vn -0.59457284212112 -0.70566666126251 0.38537994027138
vn -0.53319084644318 -0.75684756040573 0.37800696492195
vn -0.46330139040947 -0.80808103084564 0.36380884051323
vn -0.55580163002014 -0.72768265008926 0.40194845199585
vn -0.59859126806259 -0.69084525108337 0.40548899769783
vn -0.50245672464371 -0.77018368244171 0.39287951588631
vn -0.44310167431831 -0.81293851137161 0.37787818908691
vn -0.37960058450699 -0.85323959589005 0.35761100053787
vn -0.29688915610313 -0.89967167377472 0.32007446885109
vn -0.23410275578499 -0.92756706476212 0.29123049974442
vn -0.18332232534885 -0.94227522611618 0.28019687533379
vn -0.38591986894608 -0.85608845949173 0.34377086162567
vn -0.31080248951912 -0.89536499977112 0.31894090771675
vn -0.24801953136921 -0.91832411289215 0.30849170684814
vn -0.4727600812912 -0.80273860692978 0.36346751451492
vn -0.3879514336586 -0.85523855686188 0.34359967708588
vn -0.31395524740219 -0.8886815905571 0.33418118953705
vn -0.27415919303894 -0.84934633970261 0.45105159282684
vn -0.2761050760746 -0.84641999006271 0.45534509420395
vn -0.27751410007477 -0.84012281894684 0.46602535247803
vn -0.28526443243027 -0.82784682512283 0.48300495743752
vn -0.35388198494911 -0.82273089885712 0.44483861327171
vn -0.3623585999012 -0.81790900230408 0.44690173864365
vn -0.36744585633278 -0.81157112121582 0.4542421400547
vn -0.37631985545158 -0.80052638053894 0.46641281247139
vn -0.4423394203186 -0.7838579416275 0.43577811121941
vn -0.45647650957108 -0.77577435970306 0.43566429615021
vn -0.46497637033463 -0.76919776201248 0.43832835555077
vn -0.4743327498436 -0.76018512248993 0.44398993253708
vn -0.53602141141891 -0.73103266954422 0.42222306132317
vn -0.55482262372971 -0.71876418590546 0.4189867079258
vn -0.56665855646133 -0.71131682395935 0.41584426164627
vn -0.57682806253433 -0.70447719097137 0.41349884867668
vn -0.33335343003273 -0.80507129430771 0.49064821004868
vn -0.33500283956528 -0.79880207777023 0.49968826770782
vn -0.40938970446587 -0.78868013620377 0.45867609977722
vn -0.41650480031967 -0.77796930074692 0.47041207551956
vn -0.49182012677193 -0.76360982656479 0.41834554076195
vn -0.5028480887413 -0.74910080432892 0.43126770853996
vn -0.57876658439636 -0.7278196811676 0.36784198880196
vn -0.59344935417175 -0.70850133895874 0.38189488649368
vn -0.32028943300247 -0.8022289276123 0.50382870435715
vn -0.40687403082848 -0.77862757444382 0.47769513726234
vn -0.49847775697708 -0.74554562568665 0.44235923886299
vn -0.59449589252472 -0.69934695959091 0.39684823155403
vn -0.30096942186356 -0.81300902366638 0.49843126535416
vn -0.39089876413345 -0.7874767780304 0.47652748227119
vn -0.48671117424965 -0.75051057338715 0.44704151153564
vn -0.58717894554138 -0.69902437925339 0.40814930200577
vn -0.84546792507172 -0.50320279598236 0.17880427837372
vn -0.82351398468018 -0.54397678375244 0.16097816824913
vn -0.85709482431412 -0.47317525744438 0.20369981229305
vn -0.85963559150696 -0.45475485920906 0.2328617721796
vn -0.85443270206451 -0.44770219922066 0.26364269852638
vn -0.76817047595978 -0.58704990148544 0.25551217794418
vn -0.74769377708435 -0.61951237916946 0.23907831311226
vn -0.77751559019089 -0.56445688009262 0.27723276615143
vn -0.77771079540253 -0.55196642875671 0.30083048343658
vn -0.77101826667786 -0.5484904050827 0.32355698943138
vn -0.68396389484406 -0.65430080890656 0.32262021303177
vn -0.66610300540924 -0.67966157197952 0.30719190835953
vn -0.68951600790024 -0.63880509138107 0.34131482243538
vn -0.68612790107727 -0.63263875246048 0.35916101932526
vn -0.67754948139191 -0.63362067937851 0.37343215942383
vn -0.80157393217087 -0.48816686868668 0.34521350264549
vn -0.718694627285 -0.58402103185654 0.37735599279404
vn -0.62980842590332 -0.66407912969589 0.40291479229927
vn -0.8251758813858 -0.46428337693214 0.32175412774086
vn -0.74228209257126 -0.5634161233902 0.36273899674416
vn -0.65163332223892 -0.64759063720703 0.3949688076973
vn -0.84273588657379 -0.45103141665459 0.29388242959976
vn -0.75921392440796 -0.55230218172073 0.34432035684586
vn -0.66636937856674 -0.63864225149155 0.38482189178467
vn -0.31312283873558 -0.81539410352707 0.48691529035568
vn -0.2848125398159 -0.82234269380569 0.49257919192314
vn -0.25735825300217 -0.82539403438568 0.50248521566391
vn -0.23320151865482 -0.82727235555649 0.51111400127411
vn -0.38591837882996 -0.80368405580521 0.45294469594955
vn -0.35678178071976 -0.81465840339661 0.4572072327137
vn -0.32792726159096 -0.82207202911377 0.46546885371208
vn -0.30100440979004 -0.82838404178619 0.47241535782814
vn -0.46588042378426 -0.78316229581833 0.41184005141258
vn -0.43368199467659 -0.80025416612625 0.41414156556129
vn -0.40061691403389 -0.81427466869354 0.42007488012314
vn -0.36832121014595 -0.82699650526047 0.42475435137749
vn -0.5505735874176 -0.75295317173004 0.36045828461647
vn -0.51458376646042 -0.77781850099564 0.36083498597145
vn -0.47555181384087 -0.80044168233871 0.36488851904869
vn -0.43539595603943 -0.8213786482811 0.36846640706062
vn -0.08743534982204 -0.86718833446503 0.49024423956871
vn -0.13707982003689 -0.85610669851303 0.49828752875328
vn -0.12066319584846 -0.88325476646423 0.45310202240944
vn -0.18465931713581 -0.86884272098541 0.45936179161072
vn -0.15756359696388 -0.89856600761414 0.40957635641098
vn -0.22950457036495 -0.88130748271942 0.41306746006012
vn -0.19579274952412 -0.91235566139221 0.35954469442368
vn -0.27313867211342 -0.89180701971054 0.3606598675251
vn -0.17727617919445 -0.84264278411865 0.5084547996521
vn -0.23442843556404 -0.85192078351974 0.46826738119125
vn -0.2873572409153 -0.86094868183136 0.41975376009941
vn -0.33795204758644 -0.86759579181671 0.36478212475777
vn -0.20822861790657 -0.83237886428833 0.51360124349594
vn -0.27178329229355 -0.83772313594818 0.47366005182266
vn -0.33256047964096 -0.84203410148621 0.42471417784691
vn -0.39115855097771 -0.84336638450623 0.3684130012989
vn -0.39519447088242 -0.89922630786896 0.18765230476856
vn -0.30178326368332 -0.93327021598816 0.1947655081749
vn -0.48106503486633 -0.85791903734207 0.18041986227036
vn -0.55902338027954 -0.8110288977623 0.17240950465202
vn -0.62933421134949 -0.75974327325821 0.16348902881145
vn -0.35564002394676 -0.90133428573608 0.24721799790859
vn -0.26845169067383 -0.93000215291977 0.25105708837509
vn -0.43396842479706 -0.8670574426651 0.2447095066309
vn -0.50371730327606 -0.82928758859634 0.24197305738926
vn -0.56615793704987 -0.78929889202118 0.23763945698738
vn -0.31534999608994 -0.89882260560989 0.30442130565643
vn -0.23334662616253 -0.92319387197494 0.30538895726204
vn -0.38667356967926 -0.87004172801971 0.3057955801487
vn -0.44801843166351 -0.83964544534683 0.30704230070114
vn -0.50158762931824 -0.80932939052582 0.3056073486805
vn -0.79022294282913 -0.59371542930603 0.15182131528854
vn -0.71536040306091 -0.6596667766571 0.2304326146841
vn -0.6355305314064 -0.71181350946426 0.29903590679169
vn -0.74581384658813 -0.64889019727707 0.15067610144615
vn -0.67272698879242 -0.70351511240005 0.2291394919157
vn -0.59563428163528 -0.74579071998596 0.29835548996925
vn -0.6918368935585 -0.70514589548111 0.15534138679504
vn -0.62249457836151 -0.7472984790802 0.23247684538364
vn -0.55037522315979 -0.77849650382996 0.30171221494675
vn -0.03413280844688 -0.87135261297226 0.48946869373322
vn 0.01645687408745 -0.86957907676697 0.49351939558983
vn 0.0621337890625 -0.86462932825088 0.49855345487595
vn 0.10619334131479 -0.85789614915848 0.50272971391678
vn -0.0550100915134 -0.88925862312317 0.45408484339714
vn 0.00118305766955 -0.88757753372192 0.46065685153008
vn 0.04981074482203 -0.88200664520264 0.46859696507454
vn 0.09455329924822 -0.87443691492081 0.47583582997322
vn -0.08404794335365 -0.90682005882263 0.4130537211895
vn -0.0210571475327 -0.90617549419403 0.42237734794617
vn 0.03305622935295 -0.90051901340485 0.433558344841
vn 0.08133568614721 -0.89212030172348 0.44441640377045
vn -0.11685338616371 -0.92365097999573 0.36498522758484
vn -0.04745589196682 -0.9249861240387 0.37702596187592
vn 0.01303454767913 -0.91983008384705 0.39210045337677
vn 0.06664751470089 -0.91055506467819 0.40797987580299
vn 0.24101164937019 -0.81916409730911 0.52046471834183
vn 0.21579337120056 -0.83017873764038 0.51403939723969
vn 0.24104270339012 -0.8271866440773 0.50760287046432
vn 0.21023580431938 -0.84163427352905 0.49744617938995
vn 0.24198810756207 -0.83620709180832 0.49213767051697
vn 0.20672032237053 -0.85329461097717 0.4787013232708
vn 0.24472059309483 -0.84570175409317 0.47423666715622
vn 0.20455652475357 -0.86536037921906 0.45750188827515
vn 0.18364207446575 -0.84054166078568 0.50967180728912
vn 0.17474971711636 -0.85441720485687 0.48931965231895
vn 0.16777837276459 -0.86856108903885 0.46631750464439
vn 0.16162629425526 -0.88309305906296 0.44048115611076
vn 0.14764133095741 -0.84969538450241 0.50618159770966
vn 0.13643908500671 -0.86521732807159 0.48247626423836
vn 0.12599608302116 -0.8815039396286 0.45505574345589
vn 0.11573308706284 -0.89823132753372 0.42401224374771
vn 0.21224497258663 -0.90847188234329 0.360042989254
vn 0.27478817105293 -0.87998014688492 0.38746151328087
vn 0.15074750781059 -0.93188470602036 0.32994857430458
vn 0.08782021701336 -0.9501079916954 0.29930311441422
vn 0.02166683971882 -0.96268725395203 0.26974767446518
vn 0.20666338503361 -0.89312046766281 0.39953234791756
vn 0.26044976711273 -0.86774981021881 0.42329210042953
vn 0.15244396030903 -0.91504734754562 0.37342897057533
vn 0.09585348516703 -0.93305087089539 0.34673941135406
vn 0.03550311923027 -0.9465908408165 0.32047671079636
vn 0.20426724851131 -0.8785462975502 0.43177685141563
vn 0.25053817033768 -0.8561544418335 0.45191836357117
vn 0.15630558133125 -0.89853096008301 0.41013503074646
vn 0.10547865182161 -0.91547149419785 0.3883119225502
vn 0.05093925073743 -0.92899084091187 0.36658045649528
vn -0.20935340225697 -0.95608419179916 0.20512001216412
vn -0.18098014593124 -0.9485576748848 0.25977784395218
vn -0.1500538289547 -0.93799442052841 0.31249052286148
vn -0.12558752298355 -0.96704453229904 0.22147831320763
vn -0.10168010741472 -0.95594197511673 0.27538365125656
vn -0.0752257630229 -0.94205695390701 0.32690939307213
vn -0.04905555024743 -0.96872520446777 0.2432387471199
vn -0.02990120276809 -0.95469188690186 0.29609006643295
vn -0.00868447776884 -0.93833953142166 0.34560599923134
vn 0.25764691829681 -0.80982613563538 0.52706706523895
vn 0.26846346259117 -0.80399084091187 0.53059029579163
vn 0.27503004670143 -0.80233657360077 0.52973061800003
vn 0.27814453840256 -0.8051997423172 0.52372610569
vn 0.26367127895355 -0.81426173448563 0.51716083288193
vn 0.27842706441879 -0.80566376447678 0.52286159992218
vn 0.288340061903 -0.80171710252762 0.52355486154556
vn 0.29530668258667 -0.80238896608353 0.51861917972565
vn 0.27022063732147 -0.82042330503464 0.50387144088745
vn 0.29047873616219 -0.80903077125549 0.510970890522
vn 0.30585473775864 -0.80236691236496 0.51250386238098
vn 0.31865635514259 -0.80023247003555 0.50802177190781
vn 0.27906900644302 -0.8271809220314 0.48774191737175
vn 0.30609664320946 -0.81293278932571 0.49542418122292
vn 0.32886362075806 -0.80318975448608 0.49672424793243
vn 0.34999793767929 -0.79758489131927 0.49128377437592
vn 0.29216632246971 -0.82076853513718 0.4908949136734
vn 0.32303002476692 -0.81394845247269 0.48284527659416
vn 0.36730769276619 -0.80305844545364 0.46923571825027
vn 0.42644494771957 -0.78596377372742 0.44766694307327
vn 0.28583052754402 -0.81610769033432 0.50226408243179
vn 0.31153699755669 -0.81039708852768 0.49618670344353
vn 0.3482469022274 -0.80271410942078 0.48412200808525
vn 0.39815571904182 -0.79118996858597 0.4642094373703
vn 0.28089165687561 -0.81062227487564 0.51380091905594
vn 0.30226403474808 -0.80605292320251 0.50883704423904
vn 0.3319765329361 -0.80112063884735 0.49799329042435
vn 0.37244495749474 -0.79442542791367 0.47976341843605
vn 0.64159733057022 -0.68287831544876 0.34932801127434
vn 0.59248298406601 -0.71542507410049 0.37031185626984
vn 0.54165118932724 -0.74453634023666 0.39023020863533
vn 0.49062353372574 -0.77077841758728 0.40643474459648
vn 0.57054024934769 -0.72547841072083 0.38492196798325
vn 0.52565556764603 -0.74802505970001 0.40514785051346
vn 0.4808936715126 -0.76721256971359 0.42441266775131
vn 0.43784311413765 -0.78411686420441 0.43983417749405
vn 0.49687924981117 -0.76028627157211 0.4184205532074
vn 0.45919290184975 -0.77342510223389 0.43698447942734
vn 0.42317759990692 -0.78371149301529 0.45466136932373
vn 0.39008137583733 -0.79273122549057 0.46841612458229
vn 0.33473029732704 -0.84967601299286 0.40743866562843
vn 0.31069061160088 -0.84214264154434 0.4407574236393
vn 0.29215863347054 -0.83444321155548 0.46727710962296
vn 0.38878843188286 -0.82171428203583 0.41668844223022
vn 0.35494700074196 -0.81995749473572 0.44909057021141
vn 0.32721310853958 -0.81673949956894 0.4752559363842
vn 0.43995779752731 -0.79584908485413 0.41600638628006
vn 0.39641124010086 -0.80098962783813 0.44863539934158
vn 0.35889130830765 -0.80307298898697 0.4756792485714
# 3909 normals

vt 0.85374999046326 0.14625000953674 0
vt 0.80953121185303 0.12796878814697 0
vt 0.8121874332428 0.1878125667572 0
vt 0.87203121185303 0.19046878814697 0
vt 0.76531249284744 0.1096875667572 0
vt 0.75234371423721 0.18515634536743 0
vt 0.72109377384186 0.09140622615814 0
vt 0.69249999523163 0.18250000476837 0
vt 0.67687499523163 0.07312500476837 0
vt 0.6326562166214 0.1798437833786 0
vt 0.81484365463257 0.24765634536743 0
vt 0.8903124332428 0.2346875667572 0
vt 0.73937493562698 0.26062512397766 0
vt 0.6639062166214 0.2735937833786 0
vt 0.58843743801117 0.28656256198883 0
vt 0.89031249284744 0.2346875667572 0
vt 0.81484377384186 0.24765622615814 0
vt 0.81749999523163 0.30750000476837 0
vt 0.90859377384186 0.27890622615814 0
vt 0.73937499523163 0.26062500476837 0
vt 0.7264062166214 0.3360937833786 0
vt 0.63531249761581 0.36468756198883 0
vt 0.58843749761581 0.28656256198883 0
vt 0.54421871900558 0.39328134059906 0
vt 0.8201562166214 0.3673437833786 0
vt 0.92687499523163 0.32312500476837 0
vt 0.72640627622604 0.3360937833786 0
vt 0.71343749761581 0.41156256198883 0
vt 0.63531255722046 0.36468744277954 0
vt 0.60671877861023 0.45578122138977 0
vt 0.54421877861023 0.39328122138977 0
vt 0.5 0.5 0
vt 0.5 0 0
vt 0.45578125119209 0.01828122138977 0
vt 0.5 0.05867183208466 0
vt 0.54421877861023 0.01828122138977 0
vt 0.41156250238419 0.03656256198883 0
vt 0.45578128099442 0.09906256198883 0
vt 0.36734375357628 0.0548437833786 0
vt 0.41156253218651 0.13945317268372 0
vt 0.32312500476837 0.07312500476837 0
vt 0.3673437833786 0.1798437833786 0
vt 0.54421877861023 0.09906244277954 0
vt 0.58843755722046 0.03656244277954 0
vt 0.50000005960464 0.16156256198883 0
vt 0.41156250238419 0.13945317268372 0
vt 0.45578128099442 0.22406256198883 0
vt 0.36734375357628 0.1798437833786 0
vt 0.41156253218651 0.28656256198883 0
vt 0.58843749761581 0.03656256198883 0
vt 0.54421877861023 0.09906256198883 0
vt 0.58843749761581 0.13945317268372 0
vt 0.6326562166214 0.0548437833786 0
vt 0.5 0.16156256198883 0
vt 0.54421877861023 0.22406256198883 0
vt 0.45578125119209 0.22406256198883 0
vt 0.5 0.30867195129395 0
vt 0.41156250238419 0.28656256198883 0
vt 0.45578128099442 0.39328134059906 0
vt 0.63265627622604 0.1798437833786 0
vt 0.54421871900558 0.22406256198883 0
vt 0.5 0.30867183208466 0
vt 0.45578125119209 0.39328122138977 0
vt 0.14624999463558 0.14625000953674 0
vt 0.12796874344349 0.19046878814697 0
vt 0.1878124922514 0.1878125667572 0
vt 0.19046874344349 0.12796878814697 0
vt 0.1096874922514 0.2346875667572 0
vt 0.1851562410593 0.24765634536743 0
vt 0.09140624850988 0.27890622615814 0
vt 0.18249998986721 0.30750000476837 0
vt 0.07312499731779 0.32312500476837 0
vt 0.17984375357628 0.3673437833786 0
vt 0.2476562410593 0.18515634536743 0
vt 0.2346874922514 0.1096875667572 0
vt 0.18515625596046 0.24765634536743 0
vt 0.26062500476837 0.26062512397766 0
vt 0.18250000476837 0.30750000476837 0
vt 0.27359375357628 0.3360937833786 0
vt 0.28656250238419 0.41156256198883 0
vt 0.2476562410593 0.18515622615814 0
vt 0.30749997496605 0.18250000476837 0
vt 0.27890622615814 0.09140622615814 0
vt 0.26062500476837 0.26062500476837 0
vt 0.33609372377396 0.2735937833786 0
vt 0.36468750238419 0.36468756198883 0
vt 0.39328125119209 0.45578134059906 0
vt 0.36734372377396 0.1798437833786 0
vt 0.32312497496605 0.07312500476837 0
vt 0.36468750238419 0.36468744277954 0
vt 0.39328125119209 0.45578122138977 0
vt 0 0.5 0
vt 0.01828124932945 0.54421877861023 0
vt 0.05867187678814 0.5 0
vt 0.01828124932945 0.45578122138977 0
vt 0.0365624986589 0.58843749761581 0
vt 0.09906250238419 0.54421871900558 0
vt 0.0548437461257 0.63265627622604 0
vt 0.13945312798023 0.58843749761581 0
vt 0.07312499731779 0.67687499523163 0
vt 0.17984375357628 0.6326562166214 0
vt 0.09906250238419 0.45578122138977 0
vt 0.0365624986589 0.41156244277954 0
vt 0.16156250238419 0.5 0
vt 0.22406250238419 0.54421871900558 0
vt 0.17984375357628 0.63265627622604 0
vt 0.28656250238419 0.58843749761581 0
vt 0.0365624986589 0.41156256198883 0
vt 0.13945311307907 0.41156256198883 0
vt 0.0548437461257 0.3673437833786 0
vt 0.22406250238419 0.45578122138977 0
vt 0.22406250238419 0.54421877861023 0
vt 0.30867186188698 0.5 0
vt 0.39328125119209 0.54421871900558 0
vt 0.22406250238419 0.45578134059906 0
vt 0.39328125119209 0.54421877861023 0
vt 0.14624999463558 0.85374999046326 0
vt 0.19046874344349 0.87203127145767 0
vt 0.1878124922514 0.81218755245209 0
vt 0.12796874344349 0.80953127145767 0
vt 0.23468750715256 0.89031255245209 0
vt 0.24765625596046 0.81484377384186 0
vt 0.27890625596046 0.90859377384186 0
vt 0.30750000476837 0.81749999523163 0
vt 0.32312500476837 0.92687499523163 0
vt 0.36734375357628 0.82015627622604 0
vt 0.1851562410593 0.75234377384186 0
vt 0.1096874922514 0.76531255245209 0
vt 0.26062500476837 0.73937505483627 0
vt 0.33609372377396 0.72640627622604 0
vt 0.41156250238419 0.71343749761581 0
vt 0.18249998986721 0.69250005483627 0
vt 0.0914062410593 0.72109377384186 0
vt 0.26062500476837 0.73937499523163 0
vt 0.27359372377396 0.66390627622604 0
vt 0.36468750238419 0.63531249761581 0
vt 0.45578122138977 0.60671877861023 0
vt 0.09140624850988 0.72109377384186 0
vt 0.18250000476837 0.69250005483627 0
vt 0.07312499731779 0.67687505483627 0
vt 0.27359375357628 0.66390627622604 0
vt 0.28656250238419 0.58843755722046 0
vt 0.36468750238419 0.63531255722046 0
vt 0.45578125119209 0.60671877861023 0
vt 0.5 0.50000005960464 0
vt 0.5 1 0
vt 0.54421877861023 0.98171877861023 0
vt 0.5 0.9413281083107 0
vt 0.45578125119209 0.98171877861023 0
vt 0.58843749761581 0.96343749761581 0
vt 0.54421877861023 0.90093749761581 0
vt 0.6326562166214 0.94515627622604 0
vt 0.58843749761581 0.86054688692093 0
vt 0.67687499523163 0.92687499523163 0
vt 0.6326562166214 0.82015627622604 0
vt 0.45578125119209 0.90093749761581 0
vt 0.41156250238419 0.96343749761581 0
vt 0.54421871900558 0.90093749761581 0
vt 0.5 0.83843749761581 0
vt 0.58843743801117 0.86054688692093 0
vt 0.54421871900558 0.77593749761581 0
vt 0.58843743801117 0.71343749761581 0
vt 0.41156250238419 0.86054688692093 0
vt 0.36734375357628 0.94515627622604 0
vt 0.45578125119209 0.77593755722046 0
vt 0.54421877861023 0.77593749761581 0
vt 0.5 0.69132816791534 0
vt 0.58843749761581 0.71343749761581 0
vt 0.54421877861023 0.60671877861023 0
vt 0.45578128099442 0.77593755722046 0
vt 0.45578128099442 0.60671877861023 0
vt 0.85374999046326 0.85374999046326 0
vt 0.87203121185303 0.80953127145767 0
vt 0.8121874332428 0.81218755245209 0
vt 0.80953121185303 0.87203127145767 0
vt 0.89031249284744 0.76531255245209 0
vt 0.81484371423721 0.75234377384186 0
vt 0.90859377384186 0.72109377384186 0
vt 0.81749999523163 0.69249999523163 0
vt 0.92687499523163 0.67687499523163 0
vt 0.8201562166214 0.63265627622604 0
vt 0.75234365463257 0.81484377384186 0
vt 0.7653124332428 0.89031255245209 0
vt 0.73937493562698 0.73937499523163 0
vt 0.7264062166214 0.66390627622604 0
vt 0.71343743801117 0.58843749761581 0
vt 0.76531249284744 0.89031255245209 0
vt 0.75234377384186 0.81484377384186 0
vt 0.69249999523163 0.81749999523163 0
vt 0.72109377384186 0.90859377384186 0
vt 0.73937499523163 0.73937499523163 0
vt 0.6639062166214 0.72640627622604 0
vt 0.63531249761581 0.63531249761581 0
vt 0.71343749761581 0.58843749761581 0
vt 0.60671871900558 0.54421877861023 0
vt 0.66390627622604 0.72640627622604 0
vt 0.63531255722046 0.63531249761581 0
vt 0.60671877861023 0.54421877861023 0
vt 1 0.5 0
vt 0.98171877861023 0.45578122138977 0
vt 0.94132816791534 0.5 0
vt 0.98171877861023 0.54421877861023 0
vt 0.96343749761581 0.41156256198883 0
vt 0.90093749761581 0.45578122138977 0
vt 0.9451562166214 0.3673437833786 0
vt 0.86054682731628 0.41156256198883 0
vt 0.90093755722046 0.54421877861023 0
vt 0.96343755722046 0.58843749761581 0
vt 0.90093749761581 0.45578134059906 0
vt 0.83843749761581 0.5 0
vt 0.77593743801117 0.45578134059906 0
vt 0.71343743801117 0.41156256198883 0
vt 0.96343749761581 0.58843749761581 0
vt 0.90093749761581 0.54421877861023 0
vt 0.86054682731628 0.58843749761581 0
vt 0.9451562166214 0.63265627622604 0
vt 0.77593743801117 0.54421877861023 0
vt 0.77593749761581 0.45578122138977 0
vt 0.6913281083107 0.5 0
vt 0.60671871900558 0.45578122138977 0
vt 0.92687499523163 0.67687505483627 0
vt 0.77593749761581 0.54421877861023 0
vt 0.69132816791534 0.5 0
vt 0.60671877861023 0.54421871900558 0
vt 0 0 0
vt 0.015625 0 0
vt 0.015625 0.03512740135193 0
vt 0 0.03512740135193 0
vt 0.03125 0 0
vt 0.03125 0.03512740135193 0
vt 0.046875 0 0
vt 0.046875 0.03512740135193 0
vt 0.0625 0 0
vt 0.0625 0.03512740135193 0
vt 0.015625 0.07025480270386 0
vt 0 0.07025480270386 0
vt 0.03125 0.07025480270386 0
vt 0.046875 0.07025480270386 0
vt 0.0625 0.07025480270386 0
vt 0.015625 0.10538220405579 0
vt 0 0.10538220405579 0
vt 0.03125 0.10538220405579 0
vt 0.046875 0.10538220405579 0
vt 0.0625 0.10538220405579 0
vt 0.015625 0.14050960540771 0
vt 0 0.14050960540771 0
vt 0.03125 0.14050960540771 0
vt 0.046875 0.14050960540771 0
vt 0.0625 0.14050960540771 0
vt 0.125 0 0
vt 0.125 0.03512740135193 0
vt 0.109375 0.03512740135193 0
vt 0.109375 0 0
vt 0.125 0.07025480270386 0
vt 0.109375 0.07025480270386 0
vt 0.125 0.10538220405579 0
vt 0.109375 0.10538220405579 0
vt 0.125 0.14050960540771 0
vt 0.109375 0.14050960540771 0
vt 0.09375 0.03512740135193 0
vt 0.09375 0 0
vt 0.09375 0.07025480270386 0
vt 0.09375 0.10538220405579 0
vt 0.09375 0.14050960540771 0
vt 0.078125 0.03512740135193 0
vt 0.078125 0 0
vt 0.078125 0.07025480270386 0
vt 0.078125 0.10538220405579 0
vt 0.078125 0.14050960540771 0
vt 0.125 0.28101921081543 0
vt 0.109375 0.28101921081543 0
vt 0.109375 0.2458918094635 0
vt 0.125 0.2458918094635 0
vt 0.09375 0.28101921081543 0
vt 0.09375 0.2458918094635 0
vt 0.078125 0.28101921081543 0
vt 0.078125 0.2458918094635 0
vt 0.0625 0.28101921081543 0
vt 0.0625 0.2458918094635 0
vt 0.109375 0.21076440811157 0
vt 0.125 0.21076440811157 0
vt 0.09375 0.21076440811157 0
vt 0.078125 0.21076440811157 0
vt 0.0625 0.21076440811157 0
vt 0.109375 0.17563700675964 0
vt 0.125 0.17563700675964 0
vt 0.09375 0.17563700675964 0
vt 0.078125 0.17563700675964 0
vt 0.0625 0.17563700675964 0
vt 0 0.28101921081543 0
vt 0 0.2458918094635 0
vt 0.015625 0.2458918094635 0
vt 0.015625 0.28101921081543 0
vt 0 0.21076440811157 0
vt 0.015625 0.21076440811157 0
vt 0 0.17563700675964 0
vt 0.015625 0.17563700675964 0
vt 0.03125 0.2458918094635 0
vt 0.03125 0.28101921081543 0
vt 0.03125 0.21076440811157 0
vt 0.03125 0.17563700675964 0
vt 0.046875 0.2458918094635 0
vt 0.046875 0.28101921081543 0
vt 0.046875 0.21076440811157 0
vt 0.046875 0.17563700675964 0
vt 0.140625 0 0
vt 0.140625 0.03512740135193 0
vt 0.15625 0 0
vt 0.15625 0.03512740135193 0
vt 0.171875 0 0
vt 0.171875 0.03512740135193 0
vt 0.1875 0 0
vt 0.1875 0.03512740135193 0
vt 0.140625 0.07025480270386 0
vt 0.15625 0.07025480270386 0
vt 0.171875 0.07025480270386 0
vt 0.1875 0.07025480270386 0
vt 0.140625 0.10538220405579 0
vt 0.15625 0.10538220405579 0
vt 0.171875 0.10538220405579 0
vt 0.1875 0.10538220405579 0
vt 0.140625 0.14050960540771 0
vt 0.15625 0.14050960540771 0
vt 0.171875 0.14050960540771 0
vt 0.1875 0.14050960540771 0
vt 0.25 0 0
vt 0.25 0.03512740135193 0
vt 0.234375 0.03512740135193 0
vt 0.234375 0 0
vt 0.25 0.07025480270386 0
vt 0.234375 0.07025480270386 0
vt 0.25 0.10538220405579 0
vt 0.234375 0.10538220405579 0
vt 0.25 0.14050960540771 0
vt 0.234375 0.14050960540771 0
vt 0.21875 0.03512740135193 0
vt 0.21875 0 0
vt 0.21875 0.07025480270386 0
vt 0.21875 0.10538220405579 0
vt 0.21875 0.14050960540771 0
vt 0.203125 0.03512740135193 0
vt 0.203125 0 0
vt 0.203125 0.07025480270386 0
vt 0.203125 0.10538220405579 0
vt 0.203125 0.14050960540771 0
vt 0.25 0.28101921081543 0
vt 0.234375 0.28101921081543 0
vt 0.234375 0.2458918094635 0
vt 0.25 0.2458918094635 0
vt 0.21875 0.28101921081543 0
vt 0.21875 0.2458918094635 0
vt 0.203125 0.28101921081543 0
vt 0.203125 0.2458918094635 0
vt 0.1875 0.28101921081543 0
vt 0.1875 0.2458918094635 0
vt 0.234375 0.21076440811157 0
vt 0.25 0.21076440811157 0
vt 0.21875 0.21076440811157 0
vt 0.203125 0.21076440811157 0
vt 0.1875 0.21076440811157 0
vt 0.234375 0.17563700675964 0
vt 0.25 0.17563700675964 0
vt 0.21875 0.17563700675964 0
vt 0.203125 0.17563700675964 0
vt 0.1875 0.17563700675964 0
vt 0.140625 0.2458918094635 0
vt 0.140625 0.28101921081543 0
vt 0.140625 0.21076440811157 0
vt 0.140625 0.17563700675964 0
vt 0.15625 0.2458918094635 0
vt 0.15625 0.28101921081543 0
vt 0.15625 0.21076440811157 0
vt 0.15625 0.17563700675964 0
vt 0.171875 0.2458918094635 0
vt 0.171875 0.28101921081543 0
vt 0.171875 0.21076440811157 0
vt 0.171875 0.17563700675964 0
vt 0.265625 0 0
vt 0.265625 0.03512740135193 0
vt 0.28125 0 0
vt 0.28125 0.03512740135193 0
vt 0.296875 0 0
vt 0.296875 0.03512740135193 0
vt 0.3125 0 0
vt 0.3125 0.03512740135193 0
vt 0.265625 0.07025480270386 0
vt 0.28125 0.07025480270386 0
vt 0.296875 0.07025480270386 0
vt 0.3125 0.07025480270386 0
vt 0.265625 0.10538220405579 0
vt 0.28125 0.10538220405579 0
vt 0.296875 0.10538220405579 0
vt 0.3125 0.10538220405579 0
vt 0.265625 0.14050960540771 0
vt 0.28125 0.14050960540771 0
vt 0.296875 0.14050960540771 0
vt 0.3125 0.14050960540771 0
vt 0.375 0 0
vt 0.375 0.03512740135193 0
vt 0.359375 0.03512740135193 0
vt 0.359375 0 0
vt 0.375 0.07025480270386 0
vt 0.359375 0.07025480270386 0
vt 0.375 0.10538220405579 0
vt 0.359375 0.10538220405579 0
vt 0.375 0.14050960540771 0
vt 0.359375 0.14050960540771 0
vt 0.34375 0.03512740135193 0
vt 0.34375 0 0
vt 0.34375 0.07025480270386 0
vt 0.34375 0.10538220405579 0
vt 0.34375 0.14050960540771 0
vt 0.328125 0.03512740135193 0
vt 0.328125 0 0
vt 0.328125 0.07025480270386 0
vt 0.328125 0.10538220405579 0
vt 0.328125 0.14050960540771 0
vt 0.375 0.28101921081543 0
vt 0.359375 0.28101921081543 0
vt 0.359375 0.2458918094635 0
vt 0.375 0.2458918094635 0
vt 0.34375 0.28101921081543 0
vt 0.34375 0.2458918094635 0
vt 0.328125 0.28101921081543 0
vt 0.328125 0.2458918094635 0
vt 0.3125 0.28101921081543 0
vt 0.3125 0.2458918094635 0
vt 0.359375 0.21076440811157 0
vt 0.375 0.21076440811157 0
vt 0.34375 0.21076440811157 0
vt 0.328125 0.21076440811157 0
vt 0.3125 0.21076440811157 0
vt 0.359375 0.17563700675964 0
vt 0.375 0.17563700675964 0
vt 0.34375 0.17563700675964 0
vt 0.328125 0.17563700675964 0
vt 0.3125 0.17563700675964 0
vt 0.265625 0.2458918094635 0
vt 0.265625 0.28101921081543 0
vt 0.265625 0.21076440811157 0
vt 0.265625 0.17563700675964 0
vt 0.28125 0.2458918094635 0
vt 0.28125 0.28101921081543 0
vt 0.28125 0.21076440811157 0
vt 0.28125 0.17563700675964 0
vt 0.296875 0.2458918094635 0
vt 0.296875 0.28101921081543 0
vt 0.296875 0.21076440811157 0
vt 0.296875 0.17563700675964 0
vt 0.390625 0 0
vt 0.390625 0.03512740135193 0
vt 0.40625 0 0
vt 0.40625 0.03512740135193 0
vt 0.421875 0 0
vt 0.421875 0.03512740135193 0
vt 0.4375 0 0
vt 0.4375 0.03512740135193 0
vt 0.390625 0.07025480270386 0
vt 0.40625 0.07025480270386 0
vt 0.421875 0.07025480270386 0
vt 0.4375 0.07025480270386 0
vt 0.390625 0.10538220405579 0
vt 0.40625 0.10538220405579 0
vt 0.421875 0.10538220405579 0
vt 0.4375 0.10538220405579 0
vt 0.390625 0.14050960540771 0
vt 0.40625 0.14050960540771 0
vt 0.421875 0.14050960540771 0
vt 0.4375 0.14050960540771 0
vt 0.5 0.03512740135193 0
vt 0.484375 0.03512740135193 0
vt 0.484375 0 0
vt 0.5 0.07025480270386 0
vt 0.484375 0.07025480270386 0
vt 0.5 0.10538220405579 0
vt 0.484375 0.10538220405579 0
vt 0.5 0.14050960540771 0
vt 0.484375 0.14050960540771 0
vt 0.46875 0.03512740135193 0
vt 0.46875 0 0
vt 0.46875 0.07025480270386 0
vt 0.46875 0.10538220405579 0
vt 0.46875 0.14050960540771 0
vt 0.453125 0.03512740135193 0
vt 0.453125 0 0
vt 0.453125 0.07025480270386 0
vt 0.453125 0.10538220405579 0
vt 0.453125 0.14050960540771 0
vt 0.5 0.28101921081543 0
vt 0.484375 0.28101921081543 0
vt 0.484375 0.2458918094635 0
vt 0.5 0.2458918094635 0
vt 0.46875 0.28101921081543 0
vt 0.46875 0.2458918094635 0
vt 0.453125 0.28101921081543 0
vt 0.453125 0.2458918094635 0
vt 0.4375 0.28101921081543 0
vt 0.4375 0.2458918094635 0
vt 0.484375 0.21076440811157 0
vt 0.5 0.21076440811157 0
vt 0.46875 0.21076440811157 0
vt 0.453125 0.21076440811157 0
vt 0.4375 0.21076440811157 0
vt 0.484375 0.17563700675964 0
vt 0.5 0.17563700675964 0
vt 0.46875 0.17563700675964 0
vt 0.453125 0.17563700675964 0
vt 0.4375 0.17563700675964 0
vt 0.390625 0.2458918094635 0
vt 0.390625 0.28101921081543 0
vt 0.390625 0.21076440811157 0
vt 0.390625 0.17563700675964 0
vt 0.40625 0.2458918094635 0
vt 0.40625 0.28101921081543 0
vt 0.40625 0.21076440811157 0
vt 0.40625 0.17563700675964 0
vt 0.421875 0.2458918094635 0
vt 0.421875 0.28101921081543 0
vt 0.421875 0.21076440811157 0
vt 0.421875 0.17563700675964 0
vt 0.515625 0 0
vt 0.515625 0.03512740135193 0
vt 0.53125 0 0
vt 0.53125 0.03512740135193 0
vt 0.546875 0 0
vt 0.546875 0.03512740135193 0
vt 0.5625 0 0
vt 0.5625 0.03512740135193 0
vt 0.515625 0.07025480270386 0
vt 0.53125 0.07025480270386 0
vt 0.546875 0.07025480270386 0
vt 0.5625 0.07025480270386 0
vt 0.515625 0.10538220405579 0
vt 0.53125 0.10538220405579 0
vt 0.546875 0.10538220405579 0
vt 0.5625 0.10538220405579 0
vt 0.515625 0.14050960540771 0
vt 0.53125 0.14050960540771 0
vt 0.546875 0.14050960540771 0
vt 0.5625 0.14050960540771 0
vt 0.625 0 0
vt 0.625 0.03512740135193 0
vt 0.609375 0.03512740135193 0
vt 0.609375 0 0
vt 0.625 0.07025480270386 0
vt 0.609375 0.07025480270386 0
vt 0.625 0.10538220405579 0
vt 0.609375 0.10538220405579 0
vt 0.625 0.14050960540771 0
vt 0.609375 0.14050960540771 0
vt 0.59375 0.03512740135193 0
vt 0.59375 0 0
vt 0.59375 0.07025480270386 0
vt 0.59375 0.10538220405579 0
vt 0.59375 0.14050960540771 0
vt 0.578125 0.03512740135193 0
vt 0.578125 0 0
vt 0.578125 0.07025480270386 0
vt 0.578125 0.10538220405579 0
vt 0.578125 0.14050960540771 0
vt 0.625 0.28101921081543 0
vt 0.609375 0.28101921081543 0
vt 0.609375 0.2458918094635 0
vt 0.625 0.2458918094635 0
vt 0.59375 0.28101921081543 0
vt 0.59375 0.2458918094635 0
vt 0.578125 0.28101921081543 0
vt 0.578125 0.2458918094635 0
vt 0.5625 0.28101921081543 0
vt 0.5625 0.2458918094635 0
vt 0.609375 0.21076440811157 0
vt 0.625 0.21076440811157 0
vt 0.59375 0.21076440811157 0
vt 0.578125 0.21076440811157 0
vt 0.5625 0.21076440811157 0
vt 0.609375 0.17563700675964 0
vt 0.625 0.17563700675964 0
vt 0.59375 0.17563700675964 0
vt 0.578125 0.17563700675964 0
vt 0.5625 0.17563700675964 0
vt 0.515625 0.2458918094635 0
vt 0.515625 0.28101921081543 0
vt 0.515625 0.21076440811157 0
vt 0.515625 0.17563700675964 0
vt 0.53125 0.2458918094635 0
vt 0.53125 0.28101921081543 0
vt 0.53125 0.21076440811157 0
vt 0.53125 0.17563700675964 0
vt 0.546875 0.2458918094635 0
vt 0.546875 0.28101921081543 0
vt 0.546875 0.21076440811157 0
vt 0.546875 0.17563700675964 0
vt 0.640625 0 0
vt 0.640625 0.03512740135193 0
vt 0.65625 0 0
vt 0.65625 0.03512740135193 0
vt 0.671875 0 0
vt 0.671875 0.03512740135193 0
vt 0.6875 0 0
vt 0.6875 0.03512740135193 0
vt 0.640625 0.07025480270386 0
vt 0.65625 0.07025480270386 0
vt 0.671875 0.07025480270386 0
vt 0.6875 0.07025480270386 0
vt 0.640625 0.10538220405579 0
vt 0.65625 0.10538220405579 0
vt 0.671875 0.10538220405579 0
vt 0.6875 0.10538220405579 0
vt 0.640625 0.14050960540771 0
vt 0.65625 0.14050960540771 0
vt 0.671875 0.14050960540771 0
vt 0.6875 0.14050960540771 0
vt 0.75 0 0
vt 0.75 0.03512740135193 0
vt 0.734375 0.03512740135193 0
vt 0.734375 0 0
vt 0.75 0.07025480270386 0
vt 0.734375 0.07025480270386 0
vt 0.75 0.10538220405579 0
vt 0.734375 0.10538220405579 0
vt 0.75 0.14050960540771 0
vt 0.734375 0.14050960540771 0
vt 0.71875 0.03512740135193 0
vt 0.71875 0 0
vt 0.71875 0.07025480270386 0
vt 0.71875 0.10538220405579 0
vt 0.71875 0.14050960540771 0
vt 0.703125 0.03512740135193 0
vt 0.703125 0 0
vt 0.703125 0.07025480270386 0
vt 0.703125 0.10538220405579 0
vt 0.703125 0.14050960540771 0
vt 0.75 0.28101921081543 0
vt 0.734375 0.28101921081543 0
vt 0.734375 0.2458918094635 0
vt 0.75 0.2458918094635 0
vt 0.71875 0.28101921081543 0
vt 0.71875 0.2458918094635 0
vt 0.703125 0.28101921081543 0
vt 0.703125 0.2458918094635 0
vt 0.6875 0.28101921081543 0
vt 0.6875 0.2458918094635 0
vt 0.734375 0.21076440811157 0
vt 0.75 0.21076440811157 0
vt 0.71875 0.21076440811157 0
vt 0.703125 0.21076440811157 0
vt 0.6875 0.21076440811157 0
vt 0.734375 0.17563700675964 0
vt 0.75 0.17563700675964 0
vt 0.71875 0.17563700675964 0
vt 0.703125 0.17563700675964 0
vt 0.6875 0.17563700675964 0
vt 0.640625 0.2458918094635 0
vt 0.640625 0.28101921081543 0
vt 0.640625 0.21076440811157 0
vt 0.640625 0.17563700675964 0
vt 0.65625 0.2458918094635 0
vt 0.65625 0.28101921081543 0
vt 0.65625 0.21076440811157 0
vt 0.65625 0.17563700675964 0
vt 0.671875 0.2458918094635 0
vt 0.671875 0.28101921081543 0
vt 0.671875 0.21076440811157 0
vt 0.671875 0.17563700675964 0
vt 0.765625 0 0
vt 0.765625 0.03512740135193 0
vt 0.78125 0 0
vt 0.78125 0.03512740135193 0
vt 0.796875 0 0
vt 0.796875 0.03512740135193 0
vt 0.8125 0 0
vt 0.8125 0.03512740135193 0
vt 0.765625 0.07025480270386 0
vt 0.78125 0.07025480270386 0
vt 0.796875 0.07025480270386 0
vt 0.8125 0.07025480270386 0
vt 0.765625 0.10538220405579 0
vt 0.78125 0.10538220405579 0
vt 0.796875 0.10538220405579 0
vt 0.8125 0.10538220405579 0
vt 0.765625 0.14050960540771 0
vt 0.78125 0.14050960540771 0
vt 0.796875 0.14050960540771 0
vt 0.8125 0.14050960540771 0
vt 0.875 0 0
vt 0.875 0.03512740135193 0
vt 0.859375 0.03512740135193 0
vt 0.859375 0 0
vt 0.875 0.07025480270386 0
vt 0.859375 0.07025480270386 0
vt 0.875 0.10538220405579 0
vt 0.859375 0.10538220405579 0
vt 0.875 0.14050960540771 0
vt 0.859375 0.14050960540771 0
vt 0.84375 0.03512740135193 0
vt 0.84375 0 0
vt 0.84375 0.07025480270386 0
vt 0.84375 0.10538220405579 0
vt 0.84375 0.14050960540771 0
vt 0.828125 0.03512740135193 0
vt 0.828125 0 0
vt 0.828125 0.07025480270386 0
vt 0.828125 0.10538220405579 0
vt 0.828125 0.14050960540771 0
vt 0.875 0.28101921081543 0
vt 0.859375 0.28101921081543 0
vt 0.859375 0.2458918094635 0
vt 0.875 0.2458918094635 0
vt 0.84375 0.28101921081543 0
vt 0.84375 0.2458918094635 0
vt 0.828125 0.28101921081543 0
vt 0.828125 0.2458918094635 0
vt 0.8125 0.28101921081543 0
vt 0.8125 0.2458918094635 0
vt 0.859375 0.21076440811157 0
vt 0.875 0.21076440811157 0
vt 0.84375 0.21076440811157 0
vt 0.828125 0.21076440811157 0
vt 0.8125 0.21076440811157 0
vt 0.859375 0.17563700675964 0
vt 0.875 0.17563700675964 0
vt 0.84375 0.17563700675964 0
vt 0.828125 0.17563700675964 0
vt 0.8125 0.17563700675964 0
vt 0.765625 0.2458918094635 0
vt 0.765625 0.28101921081543 0
vt 0.765625 0.21076440811157 0
vt 0.765625 0.17563700675964 0
vt 0.78125 0.2458918094635 0
vt 0.78125 0.28101921081543 0
vt 0.78125 0.21076440811157 0
vt 0.78125 0.17563700675964 0
vt 0.796875 0.2458918094635 0
vt 0.796875 0.28101921081543 0
vt 0.796875 0.21076440811157 0
vt 0.796875 0.17563700675964 0
vt 0.890625 0 0
vt 0.890625 0.03512740135193 0
vt 0.90625 0 0
vt 0.90625 0.03512740135193 0
vt 0.921875 0 0
vt 0.921875 0.03512740135193 0
vt 0.9375 0 0
vt 0.9375 0.03512740135193 0
vt 0.890625 0.07025480270386 0
vt 0.90625 0.07025480270386 0
vt 0.921875 0.07025480270386 0
vt 0.9375 0.07025480270386 0
vt 0.890625 0.10538220405579 0
vt 0.90625 0.10538220405579 0
vt 0.921875 0.10538220405579 0
vt 0.9375 0.10538220405579 0
vt 0.890625 0.14050960540771 0
vt 0.90625 0.14050960540771 0
vt 0.921875 0.14050960540771 0
vt 0.9375 0.14050960540771 0
vt 1 0 0
vt 1 0.03512740135193 0
vt 0.984375 0.03512740135193 0
vt 0.984375 0 0
vt 1 0.07025480270386 0
vt 0.984375 0.07025480270386 0
vt 1 0.10538220405579 0
vt 0.984375 0.10538220405579 0
vt 1 0.14050960540771 0
vt 0.984375 0.14050960540771 0
vt 0.96875 0.03512740135193 0
vt 0.96875 0 0
vt 0.96875 0.07025480270386 0
vt 0.96875 0.10538220405579 0
vt 0.96875 0.14050960540771 0
vt 0.953125 0.03512740135193 0
vt 0.953125 0 0
vt 0.953125 0.07025480270386 0
vt 0.953125 0.10538220405579 0
vt 0.953125 0.14050960540771 0
vt 1 0.28101921081543 0
vt 0.984375 0.28101921081543 0
vt 0.984375 0.2458918094635 0
vt 1 0.2458918094635 0
vt 0.96875 0.28101921081543 0
vt 0.96875 0.2458918094635 0
vt 0.953125 0.28101921081543 0
vt 0.953125 0.2458918094635 0
vt 0.9375 0.28101921081543 0
vt 0.9375 0.2458918094635 0
vt 0.984375 0.21076440811157 0
vt 1 0.21076440811157 0
vt 0.96875 0.21076440811157 0
vt 0.953125 0.21076440811157 0
vt 0.9375 0.21076440811157 0
vt 0.984375 0.17563700675964 0
vt 1 0.17563700675964 0
vt 0.96875 0.17563700675964 0
vt 0.953125 0.17563700675964 0
vt 0.9375 0.17563700675964 0
vt 0.890625 0.2458918094635 0
vt 0.890625 0.28101921081543 0
vt 0.890625 0.21076440811157 0
vt 0.890625 0.17563700675964 0
vt 0.90625 0.2458918094635 0
vt 0.90625 0.28101921081543 0
vt 0.90625 0.21076440811157 0
vt 0.90625 0.17563700675964 0
vt 0.921875 0.2458918094635 0
vt 0.921875 0.28101921081543 0
vt 0.921875 0.21076440811157 0
vt 0.921875 0.17563700675964 0
vt 0.9375 0.4375 0
vt 0.875 0.5 0
vt 0.9375 0.5625 0
vt 0.875 0.375 0
vt 0.8125 0.4375 0
vt 0.8125 0.3125 0
vt 0.75 0.375 0
vt 0.75 0.25 0
vt 0.6875 0.3125 0
vt 0.8125 0.5625 0
vt 0.875 0.625 0
vt 0.75 0.5 0
vt 0.6875 0.4375 0
vt 0.625 0.375 0
vt 0.75 0.625 0
vt 0.8125 0.6875 0
vt 0.6875 0.5625 0
vt 0.625 0.5 0
vt 0.5625 0.4375 0
vt 0.6875 0.6875 0
vt 0.75 0.75 0
vt 0.625 0.625 0
vt 0.5625 0.5625 0
vt 0.4375 0.0625 0
vt 0.5 0.125 0
vt 0.5625 0.0625 0
vt 0.375 0.125 0
vt 0.4375 0.1875 0
vt 0.3125 0.1875 0
vt 0.375 0.25 0
vt 0.25 0.25 0
vt 0.3125 0.3125 0
vt 0.5625 0.1875 0
vt 0.625 0.125 0
vt 0.5 0.25 0
vt 0.4375 0.3125 0
vt 0.375 0.375 0
vt 0.625 0.25 0
vt 0.6875 0.1875 0
vt 0.5625 0.3125 0
vt 0.5 0.375 0
vt 0.4375 0.4375 0
vt 0.0625 0.5625 0
vt 0.125 0.5 0
vt 0.0625 0.4375 0
vt 0.125 0.625 0
vt 0.1875 0.5625 0
vt 0.1875 0.6875 0
vt 0.25 0.625 0
vt 0.25 0.75 0
vt 0.3125 0.6875 0
vt 0.1875 0.4375 0
vt 0.125 0.375 0
vt 0.25 0.5 0
vt 0.3125 0.5625 0
vt 0.375 0.625 0
vt 0.25 0.375 0
vt 0.1875 0.3125 0
vt 0.3125 0.4375 0
vt 0.375 0.5 0
vt 0.4375 0.5625 0
vt 0.5625 0.9375 0
vt 0.5 0.875 0
vt 0.4375 0.9375 0
vt 0.625 0.875 0
vt 0.5625 0.8125 0
vt 0.6875 0.8125 0
vt 0.625 0.75 0
vt 0.4375 0.8125 0
vt 0.375 0.875 0
vt 0.5 0.75 0
vt 0.5625 0.6875 0
vt 0.375 0.75 0
vt 0.3125 0.8125 0
vt 0.4375 0.6875 0
vt 0.5 0.625 0
vt 1 1 0
vt 0.984375 1 0
vt 0.984375 0.9375 0
vt 1 0.9375 0
vt 0.96875 1 0
vt 0.96875 0.9375 0
vt 0.953125 1 0
vt 0.953125 0.9375 0
vt 0.9375 1 0
vt 0.9375 0.9375 0
vt 0.984375 0.875 0
vt 1 0.875 0
vt 0.96875 0.875 0
vt 0.953125 0.875 0
vt 0.9375 0.875 0
vt 0.984375 0.8125 0
vt 1 0.8125 0
vt 0.96875 0.8125 0
vt 0.953125 0.8125 0
vt 0.9375 0.8125 0
vt 0.984375 0.75 0
vt 1 0.75 0
vt 0.96875 0.75 0
vt 0.953125 0.75 0
vt 0.9375 0.75 0
vt 0.875 1 0
vt 0.875 0.9375 0
vt 0.890625 0.9375 0
vt 0.890625 1 0
vt 0.875 0.875 0
vt 0.890625 0.875 0
vt 0.875 0.8125 0
vt 0.890625 0.8125 0
vt 0.875 0.75 0
vt 0.890625 0.75 0
vt 0.90625 0.9375 0
vt 0.90625 1 0
vt 0.90625 0.875 0
vt 0.90625 0.8125 0
vt 0.90625 0.75 0
vt 0.921875 0.9375 0
vt 0.921875 1 0
vt 0.921875 0.875 0
vt 0.921875 0.8125 0
vt 0.921875 0.75 0
vt 0.890625 0.5 0
vt 0.890625 0.5625 0
vt 0.875 0.5625 0
vt 0.90625 0.5 0
vt 0.90625 0.5625 0
vt 0.921875 0.5 0
vt 0.921875 0.5625 0
vt 0.9375 0.5 0
vt 0.890625 0.625 0
vt 0.90625 0.625 0
vt 0.921875 0.625 0
vt 0.9375 0.625 0
vt 0.890625 0.6875 0
vt 0.875 0.6875 0
vt 0.90625 0.6875 0
vt 0.921875 0.6875 0
vt 0.9375 0.6875 0
vt 1 0.5625 0
vt 0.984375 0.5625 0
vt 0.984375 0.5 0
vt 1 0.625 0
vt 0.984375 0.625 0
vt 1 0.6875 0
vt 0.984375 0.6875 0
vt 0.96875 0.5625 0
vt 0.96875 0.5 0
vt 0.96875 0.625 0
vt 0.96875 0.6875 0
vt 0.953125 0.5625 0
vt 0.953125 0.5 0
vt 0.953125 0.625 0
vt 0.953125 0.6875 0
vt 0.59890627861023 0.92703127861023 0
vt 0.63531249761581 0.91656249761581 0
vt 0.6717187166214 0.90609377622604 0
vt 0.70812499523163 0.89562499523163 0
vt 0.65359377861023 0.87234377861023 0
vt 0.68218749761581 0.86968749761581 0
vt 0.7107812166214 0.86703127622604 0
vt 0.73937499523163 0.86437499523163 0
vt 0.70828127861023 0.81765627861023 0
vt 0.72906249761581 0.82281249761581 0
vt 0.7498437166214 0.82796877622604 0
vt 0.77062499523163 0.83312499523163 0
vt 0.76296877861023 0.76296877861023 0
vt 0.77593749761581 0.77593749761581 0
vt 0.7889062166214 0.78890627622604 0
vt 0.80187499523163 0.80187499523163 0
vt 0.81734371185303 0.86421877145767 0
vt 0.82515621185303 0.85640627145767 0
vt 0.83296871185303 0.84859377145767 0
vt 0.84078121185303 0.84078127145767 0
vt 0.7809374332428 0.87468755245209 0
vt 0.7965624332428 0.85906255245209 0
vt 0.8121874332428 0.84343755245209 0
vt 0.8278124332428 0.82781255245209 0
vt 0.78093749284744 0.87468755245209 0
vt 0.74453127384186 0.88515627384186 0
vt 0.79656249284744 0.85906255245209 0
vt 0.76796877384186 0.86171877384186 0
vt 0.81218749284744 0.84343755245209 0
vt 0.79140621423721 0.83828127384186 0
vt 0.82781249284744 0.82781255245209 0
vt 0.81484371423721 0.81484377384186 0
vt 0.79140627384186 0.83828127384186 0
vt 0.81484377384186 0.81484377384186 0
vt 0.86421871185303 0.81734377145767 0
vt 0.87468749284744 0.78093755245209 0
vt 0.88515627384186 0.74453127384186 0
vt 0.89562499523163 0.70812499523163 0
vt 0.85640621185303 0.82515627145767 0
vt 0.85906249284744 0.79656255245209 0
vt 0.86171877384186 0.76796877384186 0
vt 0.86437499523163 0.73937499523163 0
vt 0.84859371185303 0.83296877145767 0
vt 0.84343749284744 0.81218755245209 0
vt 0.83828127384186 0.79140627384186 0
vt 0.83312499523163 0.77062499523163 0
vt 0.83828127384186 0.79140627384186 0
vt 0.83312499523163 0.77062499523163 0
vt 0.92703127861023 0.59890627861023 0
vt 0.87234377861023 0.65359377861023 0
vt 0.81765627861023 0.70828127861023 0
vt 0.91656255722046 0.63531249761581 0
vt 0.86968755722046 0.68218749761581 0
vt 0.82281255722046 0.72906249761581 0
vt 0.77593755722046 0.77593749761581 0
vt 0.91656249761581 0.63531249761581 0
vt 0.9060937166214 0.67171877622604 0
vt 0.86968749761581 0.68218749761581 0
vt 0.8670312166214 0.71078127622604 0
vt 0.82281249761581 0.72906249761581 0
vt 0.82796877622604 0.74984377622604 0
vt 0.78890627622604 0.7889062166214 0
vt 0.89562499523163 0.70812505483627 0
vt 0.86437499523163 0.73937505483627 0
vt 0.8279687166214 0.74984377622604 0
vt 0.32312500476837 0.42687499523163 0
vt 0.30101561546326 0.39179694652557 0
vt 0.32312500476837 0.34580731391907 0
vt 0.34523439407349 0.37351560592651 0
vt 0.27890625596046 0.35671877861023 0
vt 0.30101564526558 0.31809890270233 0
vt 0.25679689645767 0.32164061069489 0
vt 0.27890628576279 0.29039061069489 0
vt 0.23468750715256 0.28656256198883 0
vt 0.25679689645767 0.26268231868744 0
vt 0.34523439407349 0.29981768131256 0
vt 0.3673437833786 0.3201562166214 0
vt 0.32312503457069 0.27947914600372 0
vt 0.3010156750679 0.25914061069489 0
vt 0.27890628576279 0.23880207538605 0
vt 0.36734375357628 0.3201562166214 0
vt 0.36734375357628 0.25382804870605 0
vt 0.38945311307907 0.26679682731628 0
vt 0.32312500476837 0.27947914600372 0
vt 0.34523439407349 0.24085938930511 0
vt 0.30101561546326 0.25914061069489 0
vt 0.32312500476837 0.22789061069489 0
vt 0.27890625596046 0.23880207538605 0
vt 0.30101564526558 0.21492183208466 0
vt 0.38945311307907 0.26679694652557 0
vt 0.36734372377396 0.25382816791534 0
vt 0.38945311307907 0.20783853530884 0
vt 0.41156250238419 0.21343755722046 0
vt 0.34523436427116 0.24085938930511 0
vt 0.36734375357628 0.20223951339722 0
vt 0.34523439407349 0.19664061069489 0
vt 0.30101561546326 0.21492183208466 0
vt 0.32312500476837 0.19104158878326 0
vt 0.20705077052116 0.16164720058441 0
vt 0.16835936903954 0.18132817745209 0
vt 0.23468750715256 0.1096875667572 0
vt 0.24574218690395 0.14196610450745 0
vt 0.27890625596046 0.09140622615814 0
vt 0.28443360328674 0.12228512763977 0
vt 0.32312500476837 0.10260415077209 0
vt 0.2236328125 0.19532549381256 0
vt 0.19046874344349 0.21640622615814 0
vt 0.25679686665535 0.17424476146698 0
vt 0.2899609208107 0.1531640291214 0
vt 0.32312500476837 0.13208329677582 0
vt 0.24021483957767 0.22900390625 0
vt 0.21257811784744 0.25148439407349 0
vt 0.26785156130791 0.20652341842651 0
vt 0.2954882979393 0.18404293060303 0
vt 0.32312500476837 0.16156244277954 0
vt 0.25679686665535 0.26268231868744 0
vt 0.2346874922514 0.28656256198883 0
vt 0.47789061069489 0.05335938930511 0
vt 0.43919920921326 0.06567060947418 0
vt 0.45578125119209 0.10671877861023 0
vt 0.42261719703674 0.1130598783493 0
vt 0.4336718916893 0.16007816791534 0
vt 0.40603518486023 0.16044926643372 0
vt 0.38945314288139 0.20783853530884 0
vt 0.40050780773163 0.07798171043396 0
vt 0.41156250238419 0.03656244277954 0
vt 0.38945311307907 0.11940097808838 0
vt 0.40603515505791 0.16044926643372 0
vt 0.37839841842651 0.16082036495209 0
vt 0.36734372377396 0.20223963260651 0
vt 0.40050780773163 0.07798182964325 0
vt 0.36181640625 0.09029304981232 0
vt 0.35628908872604 0.12574219703674 0
vt 0.37839844822884 0.1608202457428 0
vt 0.35076174139976 0.16119134426117 0
vt 0.1497591137886 0.76430344581604 0
vt 0.16835936903954 0.80039066076279 0
vt 0.13115885853767 0.72821617126465 0
vt 0.11255859583616 0.69212889671326 0
vt 0.09395834058523 0.65604168176651 0
vt 0.17154946923256 0.71907556056976 0
vt 0.19046874344349 0.74703127145767 0
vt 0.15263020992279 0.69111979007721 0
vt 0.11255858838558 0.69212889671326 0
vt 0.13371095061302 0.6631640791893 0
vt 0.09395833313465 0.65604168176651 0
vt 0.11479167640209 0.63520830869675 0
vt 0.19333983957767 0.67384767532349 0
vt 0.21257811784744 0.69367188215256 0
vt 0.17410156130791 0.65402340888977 0
vt 0.1548632979393 0.6341992020607 0
vt 0.13562501966953 0.61437499523163 0
vt 0.21513020992279 0.62861979007721 0
vt 0.2346874922514 0.64031249284744 0
vt 0.17410156130791 0.65402346849442 0
vt 0.19557291269302 0.61692708730698 0
vt 0.15486328303814 0.6341992020607 0
vt 0.17601563036442 0.60523438453674 0
vt 0.13562500476837 0.61437499523163 0
vt 0.15645834803581 0.59354168176651 0
vt 0.04039062559605 0.49085938930511 0
vt 0.0537825524807 0.53215497732162 0
vt 0.08078125119209 0.48171877861023 0
vt 0.08928386121988 0.52009117603302 0
vt 0.12117187678814 0.47257816791534 0
vt 0.12478516995907 0.50802737474442 0
vt 0.16156250238419 0.46343755722046 0
vt 0.16028647124767 0.49596357345581 0
vt 0.06717447936535 0.57345050573349 0
vt 0.0892838537693 0.52009111642838 0
vt 0.09778645634651 0.55846351385117 0
vt 0.12478515505791 0.50802731513977 0
vt 0.12839844822884 0.54347658157349 0
vt 0.16028645634651 0.49596357345581 0
vt 0.15901042521 0.52848958969116 0
vt 0.08056640625 0.61474609375 0
vt 0.09778645634651 0.55846357345581 0
vt 0.1062890663743 0.5968359708786 0
vt 0.1320117264986 0.57892578840256 0
vt 0.15773439407349 0.56101566553116 0
vt 0.10628907382488 0.5968359708786 0
vt 0.11479167640209 0.63520836830139 0
vt 0.13201174139977 0.57892578840256 0
vt 0.15773439407349 0.56101560592651 0
vt 0.30101561546326 0.48023438453674 0
vt 0.26583334803581 0.48416662216187 0
vt 0.28273439407349 0.43601560592651 0
vt 0.27890625596046 0.53359377384186 0
vt 0.24893230199814 0.53231769800186 0
vt 0.25679689645767 0.58695310354233 0
vt 0.23203125596046 0.58046877384186 0
vt 0.23468750715256 0.64031249284744 0
vt 0.23065105080605 0.48809897899628 0
vt 0.24234376847744 0.4451562166214 0
vt 0.21895834803581 0.53104168176651 0
vt 0.20726564526558 0.57398438453674 0
vt 0.19557292759418 0.61692708730698 0
vt 0.24234375357628 0.4451562166214 0
vt 0.19546875357628 0.4920312166214 0
vt 0.20195312798023 0.45429682731628 0
vt 0.18898439407349 0.52976560592651 0
vt 0.20726563036442 0.57398438453674 0
vt 0.18250001966953 0.56749999523163 0
vt 0.17601564526558 0.60523438453674 0
vt 0.20195312798023 0.45429694652557 0
vt 0.19546875357628 0.49203133583069 0
vt 0.0537825524807 0.45108723640442 0
vt 0.06717447936535 0.41131508350372 0
vt 0.08056640625 0.37154304981232 0
vt 0.09395833313465 0.33177089691162 0
vt 0.0892838537693 0.44639325141907 0
vt 0.09778645634651 0.41106772422791 0
vt 0.1062890663743 0.37574219703674 0
vt 0.11479166895151 0.34041666984558 0
vt 0.12478516250849 0.44169926643372 0
vt 0.09778646379709 0.41106772422791 0
vt 0.12839844822884 0.41082036495209 0
vt 0.10628907382488 0.37574219703674 0
vt 0.1320117264986 0.37994146347046 0
vt 0.11479167640209 0.34041666984558 0
vt 0.13562500476837 0.34906256198883 0
vt 0.12478515505791 0.44169926643372 0
vt 0.16028645634651 0.43700528144836 0
vt 0.15901042521 0.41057288646698 0
vt 0.15773439407349 0.38414061069489 0
vt 0.15645834803581 0.35770833492279 0
vt 0.1497591137886 0.21893882751465 0
vt 0.19046875834465 0.21640622615814 0
vt 0.17154948413372 0.24740886688232 0
vt 0.2125781327486 0.25148439407349 0
vt 0.19333985447884 0.27587890625 0
vt 0.21513022482395 0.30434894561768 0
vt 0.13115885853767 0.2565495967865 0
vt 0.17154946923256 0.24740886688232 0
vt 0.15263020992279 0.27841150760651 0
vt 0.19333983957767 0.27587890625 0
vt 0.17410156130791 0.30027341842651 0
vt 0.21513020992279 0.30434894561768 0
vt 0.19557292759418 0.32213544845581 0
vt 0.13115885853767 0.25654947757721 0
vt 0.11255858838558 0.29416012763977 0
vt 0.0914062410593 0.27890622615814 0
vt 0.13371093571186 0.3094140291214 0
vt 0.17410156130791 0.3002735376358 0
vt 0.1548632979393 0.32466804981232 0
vt 0.17601564526558 0.33992195129395 0
vt 0.11255859583616 0.29416012763977 0
vt 0.13371095061302 0.3094140291214 0
vt 0.26583331823349 0.4030989408493 0
vt 0.23065103590488 0.41440105438232 0
vt 0.19546875357628 0.42570316791534 0
vt 0.24893227219582 0.37018239498138 0
vt 0.27890622615814 0.35671877861023 0
vt 0.21895831823349 0.38364589214325 0
vt 0.18898436427116 0.39710938930511 0
vt 0.15901041030884 0.41057300567627 0
vt 0.24893230199814 0.37018227577209 0
vt 0.2320312410593 0.33726572990417 0
vt 0.25679686665535 0.32164072990417 0
vt 0.21895834803581 0.38364589214325 0
vt 0.20726561546326 0.35289061069489 0
vt 0.18898437917233 0.39710938930511 0
vt 0.18250000476837 0.36851561069489 0
vt 0.15773437917233 0.38414061069489 0
vt 0.25679686665535 0.32164061069489 0
vt 0.23203125596046 0.33726561069489 0
vt 0.20726563036442 0.35289061069489 0
vt 0.15645836293697 0.35770833492279 0
vt 0.75 0.875 0
vt 0.75 1 0
vt 0.625 1 0
vt 0.875 0.125 0
vt 1 0.125 0
vt 0.75 0.125 0
vt 0.875 0.25 0
vt 1 0.25 0
vt 1 0.375 0
vt 0 0.125 0
vt 0.125 0.125 0
vt 0 0.25 0
vt 0.125 0.25 0
vt 0 0.375 0
vt 0.25 0.125 0
vt 0 1 0
vt 0.125 1 0
vt 0.125 0.875 0
vt 0 0.875 0
vt 0.25 1 0
vt 0.25 0.875 0
vt 0.375 1 0
vt 0.125 0.75 0
vt 0 0.75 0
vt 0 0.625 0
vt 0.65476560592651 0.12648439407349 0
vt 0.6326562166214 0.1173437833786 0
vt 0.65476560592651 0.06398439407349 0
vt 0.61054682731628 0.17070317268372 0
vt 0.61054688692093 0.23320317268372 0
vt 0.58843749761581 0.22406256198883 0
vt 0.5663281083107 0.27742195129395 0
vt 0.61054682731628 0.10820317268372 0
vt 0.58843743801117 0.16156256198883 0
vt 0.5663281083107 0.21492195129395 0
vt 0.54421871900558 0.26828134059906 0
vt 0.58843743801117 0.09906256198883 0
vt 0.61054682731628 0.04570317268372 0
vt 0.58843749761581 0.16156256198883 0
vt 0.5663281083107 0.15242195129395 0
vt 0.56632816791534 0.21492183208466 0
vt 0.54421877861023 0.20578122138977 0
vt 0.54421877861023 0.26828122138977 0
vt 0.52210938930511 0.25914061069489 0
vt 0.61054688692093 0.04570317268372 0
vt 0.58843749761581 0.09906256198883 0
vt 0.5663281083107 0.08992195129395 0
vt 0.56632816791534 0.15242183208466 0
vt 0.54421877861023 0.14328122138977 0
vt 0.52210938930511 0.19664061069489 0
vt 0.47789061069489 0.49085938930511 0
vt 0.5 0.4375 0
vt 0.52210938930511 0.44664061069489 0
vt 0.45578125119209 0.48171877861023 0
vt 0.47789064049721 0.42835938930511 0
vt 0.4336718916893 0.47257816791534 0
vt 0.45578128099442 0.41921877861023 0
vt 0.41156250238419 0.46343755722046 0
vt 0.4336718916893 0.41007816791534 0
vt 0.52210938930511 0.38414061069489 0
vt 0.47789067029953 0.36585938930511 0
vt 0.45578128099442 0.35671877861023 0
vt 0.54421877861023 0.33078122138977 0
vt 0.56632816791534 0.33992183208466 0
vt 0.52210938930511 0.32164061069489 0
vt 0.47789064049721 0.36585938930511 0
vt 0.5 0.3125 0
vt 0.45578125119209 0.35671877861023 0
vt 0.47789064049721 0.30335938930511 0
vt 0.5663281083107 0.33992195129395 0
vt 0.54421871900558 0.33078134059906 0
vt 0.47789061069489 0.30335938930511 0
vt 0.3673437833786 0.3826562166214 0
vt 0.34523439407349 0.43601560592651 0
vt 0.38945314288139 0.32929682731628 0
vt 0.41156250238419 0.27593755722046 0
vt 0.4336718916893 0.22257816791534 0
vt 0.38945317268372 0.39179682731628 0
vt 0.3673437833786 0.4451562166214 0
vt 0.41156253218651 0.33843743801117 0
vt 0.4336718916893 0.28507816791534 0
vt 0.45578128099442 0.23171877861023 0
vt 0.36734375357628 0.4451562166214 0
vt 0.38945311307907 0.39179682731628 0
vt 0.41156250238419 0.40093743801117 0
vt 0.38945311307907 0.45429682731628 0
vt 0.41156250238419 0.33843755722046 0
vt 0.4336718916893 0.34757816791534 0
vt 0.45578125119209 0.29421877861023 0
vt 0.45578125119209 0.23171877861023 0
vt 0.47789064049721 0.24085938930511 0
vt 0.38945311307907 0.45429694652557 0
vt 0.41156250238419 0.40093755722046 0
vt 0.43367186188698 0.34757816791534 0
vt 0.45578122138977 0.29421877861023 0
vt 0.47789061069489 0.24085938930511 0
vt 0.52210938930511 0.00914061069489 0
vt 0.5 0.0625 0
vt 0.52210938930511 0.07164061069489 0
vt 0.5663281083107 0.02742195129395 0
vt 0.54421871900558 0.08078134059906 0
vt 0.47789061069489 0.11585938930511 0
vt 0.45578122138977 0.10671877861023 0
vt 0.49999997019768 0.125 0
vt 0.52210932970047 0.13414072990417 0
vt 0.54421871900558 0.14328134059906 0
vt 0.47789064049721 0.11585938930511 0
vt 0.45578128099442 0.16921877861023 0
vt 0.47789064049721 0.17835938930511 0
vt 0.52210938930511 0.13414061069489 0
vt 0.5 0.1875 0
vt 0.83164060115814 0.19960939884186 0
vt 0.80953121185303 0.19046878814697 0
vt 0.83164060115814 0.13710939884186 0
vt 0.80953121185303 0.25296878814697 0
vt 0.78742182254791 0.24382817745209 0
vt 0.78742188215256 0.30632817745209 0
vt 0.76531249284744 0.2971875667572 0
vt 0.76531249284744 0.3596875667572 0
vt 0.74320310354233 0.35054695606232 0
vt 0.78742182254791 0.18132817745209 0
vt 0.7653124332428 0.2346875667572 0
vt 0.74320310354233 0.28804695606232 0
vt 0.72109371423721 0.34140634536743 0
vt 0.7653124332428 0.1721875667572 0
vt 0.78742182254791 0.11882817745209 0
vt 0.76531249284744 0.2346875667572 0
vt 0.74320310354233 0.22554695606232 0
vt 0.74320316314697 0.28804683685303 0
vt 0.72109377384186 0.27890622615814 0
vt 0.72109377384186 0.34140622615814 0
vt 0.69898438453674 0.33226561546326 0
vt 0.78742188215256 0.11882817745209 0
vt 0.76531249284744 0.1721875667572 0
vt 0.74320310354233 0.16304695606232 0
vt 0.74320316314697 0.22554683685303 0
vt 0.72109377384186 0.21640622615814 0
vt 0.69898438453674 0.26976561546326 0
vt 0.67687499523163 0.32312500476837 0
vt 0.67687499523163 0.57312500476837 0
vt 0.65476560592651 0.56398439407349 0
vt 0.67687499523163 0.51062500476837 0
vt 0.69898438453674 0.51976561546326 0
vt 0.6326562166214 0.5548437833786 0
vt 0.65476560592651 0.50148439407349 0
vt 0.61054688692093 0.54570311307907 0
vt 0.63265627622604 0.4923437833786 0
vt 0.58843749761581 0.53656250238419 0
vt 0.61054688692093 0.48320317268372 0
vt 0.69898438453674 0.45726561546326 0
vt 0.72109377384186 0.46640622615814 0
vt 0.67687499523163 0.44812500476837 0
vt 0.65476566553116 0.43898439407349 0
vt 0.63265627622604 0.4298437833786 0
vt 0.72109377384186 0.40390622615814 0
vt 0.74320316314697 0.41304683685303 0
vt 0.69898438453674 0.39476561546326 0
vt 0.65476560592651 0.43898439407349 0
vt 0.67687499523163 0.38562500476837 0
vt 0.6326562166214 0.4298437833786 0
vt 0.65476560592651 0.37648439407349 0
vt 0.74320310354233 0.41304695606232 0
vt 0.72109371423721 0.40390634536743 0
vt 0.54421877861023 0.45578122138977 0
vt 0.52210938930511 0.50914061069489 0
vt 0.56632816791534 0.40242183208466 0
vt 0.58843749761581 0.34906256198883 0
vt 0.61054688692093 0.29570317268372 0
vt 0.56632816791534 0.46492183208466 0
vt 0.54421877861023 0.51828122138977 0
vt 0.58843755722046 0.41156244277954 0
vt 0.61054688692093 0.35820317268372 0
vt 0.63265627622604 0.3048437833786 0
vt 0.54421877861023 0.51828128099442 0
vt 0.56632816791534 0.46492195129395 0
vt 0.58843755722046 0.47406256198883 0
vt 0.56632816791534 0.5274218916893 0
vt 0.58843749761581 0.41156256198883 0
vt 0.61054688692093 0.42070317268372 0
vt 0.61054682731628 0.35820317268372 0
vt 0.6326562166214 0.3673437833786 0
vt 0.6326562166214 0.3048437833786 0
vt 0.65476560592651 0.31398439407349 0
vt 0.5663281083107 0.5274218916893 0
vt 0.58843749761581 0.47406256198883 0
vt 0.61054682731628 0.42070317268372 0
vt 0.69898438453674 0.08226561546326 0
vt 0.67687499523163 0.13562500476837 0
vt 0.69898438453674 0.14476561546326 0
vt 0.74320310354233 0.10054695606232 0
vt 0.72109371423721 0.15390634536743 0
vt 0.65476560592651 0.18898439407349 0
vt 0.67687499523163 0.19812500476837 0
vt 0.6989843249321 0.20726573467255 0
vt 0.72109371423721 0.21640634536743 0
vt 0.6326562166214 0.2423437833786 0
vt 0.61054682731628 0.23320317268372 0
vt 0.65476560592651 0.25148439407349 0
vt 0.69898438453674 0.20726561546326 0
vt 0.67687499523163 0.26062500476837 0
vt 0.63265627622604 0.2423437833786 0
vt 0.65476560592651 0.62648439407349 0
vt 0.6326562166214 0.6173437833786 0
vt 0.6326562166214 0.6798437833786 0
vt 0.61054682731628 0.67070317268372 0
vt 0.61054688692093 0.73320311307907 0
vt 0.58843749761581 0.72406250238419 0
vt 0.58843749761581 0.78656250238419 0
vt 0.5663281083107 0.7774218916893 0
vt 0.61054682731628 0.60820317268372 0
vt 0.58843743801117 0.66156256198883 0
vt 0.5663281083107 0.7149218916893 0
vt 0.54421871900558 0.76828128099442 0
vt 0.61054682731628 0.60820311307907 0
vt 0.58843743801117 0.59906250238419 0
vt 0.61054682731628 0.54570311307907 0
vt 0.58843749761581 0.66156250238419 0
vt 0.5663281083107 0.6524218916893 0
vt 0.56632816791534 0.7149218916893 0
vt 0.54421877861023 0.70578128099442 0
vt 0.54421877861023 0.76828122138977 0
vt 0.52210938930511 0.75914061069489 0
vt 0.58843749761581 0.59906250238419 0
vt 0.5663281083107 0.5899218916893 0
vt 0.56632816791534 0.6524218916893 0
vt 0.54421877861023 0.64328128099442 0
vt 0.52210938930511 0.69664067029953 0
vt 0.5 0.75 0
vt 0.47789061069489 0.99085938930511 0
vt 0.5 0.9375 0
vt 0.52210938930511 0.94664061069489 0
vt 0.47789064049721 0.92835938930511 0
vt 0.4336718916893 0.9725781083107 0
vt 0.45578128099442 0.91921877861023 0
vt 0.4336718916893 0.91007816791534 0
vt 0.52210938930511 0.88414061069489 0
vt 0.54421877861023 0.89328122138977 0
vt 0.47789067029953 0.86585938930511 0
vt 0.45578128099442 0.85671877861023 0
vt 0.54421877861023 0.83078122138977 0
vt 0.56632816791534 0.8399218916893 0
vt 0.52210938930511 0.82164061069489 0
vt 0.47789064049721 0.86585938930511 0
vt 0.5 0.8125 0
vt 0.45578125119209 0.85671877861023 0
vt 0.47789064049721 0.80335938930511 0
vt 0.5663281083107 0.8399218916893 0
vt 0.54421871900558 0.83078122138977 0
vt 0.5 0.8125 0
vt 0.47789061069489 0.80335938930511 0
vt 0.34523439407349 0.87351560592651 0
vt 0.3673437833786 0.88265627622604 0
vt 0.34523439407349 0.93601560592651 0
vt 0.36734375357628 0.8201562166214 0
vt 0.38945314288139 0.82929688692093 0
vt 0.38945311307907 0.76679688692093 0
vt 0.41156250238419 0.77593749761581 0
vt 0.4336718916893 0.7225781083107 0
vt 0.38945317268372 0.89179688692093 0
vt 0.3673437833786 0.94515627622604 0
vt 0.41156253218651 0.83843749761581 0
vt 0.4336718916893 0.78507816791534 0
vt 0.45578128099442 0.73171871900558 0
vt 0.38945311307907 0.89179688692093 0
vt 0.41156250238419 0.90093749761581 0
vt 0.38945311307907 0.95429688692093 0
vt 0.41156250238419 0.83843749761581 0
vt 0.4336718916893 0.84757816791534 0
vt 0.45578125119209 0.79421877861023 0
vt 0.45578125119209 0.73171877861023 0
vt 0.47789064049721 0.74085938930511 0
vt 0.43367186188698 0.84757816791534 0
vt 0.45578122138977 0.79421877861023 0
vt 0.47789061069489 0.74085938930511 0
vt 0.5 0.5625 0
vt 0.47789061069489 0.55335938930511 0
vt 0.52210938930511 0.57164067029953 0
vt 0.54421871900558 0.58078128099442 0
vt 0.47789061069489 0.61585938930511 0
vt 0.49999997019768 0.62500005960464 0
vt 0.52210932970047 0.63414067029953 0
vt 0.54421871900558 0.64328128099442 0
vt 0.47789064049721 0.61585938930511 0
vt 0.45578128099442 0.66921877861023 0
vt 0.4336718916893 0.6600781083107 0
vt 0.47789064049721 0.67835938930511 0
vt 0.52210938930511 0.63414061069489 0
vt 0.5 0.6875 0
vt 0.45578128099442 0.66921871900558 0
vt 0.52210938930511 0.69664061069489 0
vt 0.45578122138977 0.54421877861023 0
vt 0.43367186188698 0.59757816791534 0
vt 0.41156250238419 0.65093749761581 0
vt 0.38945311307907 0.70429688692093 0
vt 0.43367183208466 0.53507816791534 0
vt 0.45578122138977 0.48171877861023 0
vt 0.41156247258186 0.58843755722046 0
vt 0.38945311307907 0.64179688692093 0
vt 0.36734372377396 0.69515627622604 0
vt 0.4336718916893 0.53507816791534 0
vt 0.41156250238419 0.52593755722046 0
vt 0.41156250238419 0.58843749761581 0
vt 0.38945311307907 0.57929688692093 0
vt 0.36734375357628 0.63265627622604 0
vt 0.36734375357628 0.69515627622604 0
vt 0.34523436427116 0.68601566553116 0
vt 0.41156250238419 0.52593749761581 0
vt 0.38945311307907 0.51679688692093 0
vt 0.38945314288139 0.57929688692093 0
vt 0.36734375357628 0.57015627622604 0
vt 0.3673437833786 0.6326562166214 0
vt 0.34523439407349 0.62351560592651 0
vt 0.34523439407349 0.68601560592651 0
vt 0.32312500476837 0.67687499523163 0
vt 0.30101561546326 0.91773438453674 0
vt 0.32312500476837 0.86437499523163 0
vt 0.30101564526558 0.85523438453674 0
vt 0.25679689645767 0.89945316314697 0
vt 0.27890628576279 0.84609377384186 0
vt 0.25679689645767 0.83695316314697 0
vt 0.34523439407349 0.81101560592651 0
vt 0.3673437833786 0.82015627622604 0
vt 0.32312503457069 0.80187499523163 0
vt 0.3010156750679 0.79273438453674 0
vt 0.27890628576279 0.78359377384186 0
vt 0.36734375357628 0.7576562166214 0
vt 0.32312500476837 0.80187499523163 0
vt 0.34523439407349 0.74851560592651 0
vt 0.30101561546326 0.79273438453674 0
vt 0.32312500476837 0.73937499523163 0
vt 0.27890625596046 0.78359377384186 0
vt 0.30101564526558 0.73023438453674 0
vt 0.36734372377396 0.75765627622604 0
vt 0.34523436427116 0.74851566553116 0
vt 0.30101561546326 0.73023438453674 0
vt 0.16835936903954 0.80039060115814 0
vt 0.19046874344349 0.80953127145767 0
vt 0.16835936903954 0.86289066076279 0
vt 0.19046875834465 0.74703127145767 0
vt 0.21257811784744 0.75617188215256 0
vt 0.2125781327486 0.69367188215256 0
vt 0.23468750715256 0.70281249284744 0
vt 0.25679689645767 0.64945310354233 0
vt 0.19046875834465 0.80953127145767 0
vt 0.21257811784744 0.81867188215256 0
vt 0.2125781327486 0.75617188215256 0
vt 0.23468750715256 0.76531249284744 0
vt 0.25679689645767 0.71195310354233 0
vt 0.27890628576279 0.65859371423721 0
vt 0.2346874922514 0.82781255245209 0
vt 0.21257811784744 0.88117188215256 0
vt 0.23468750715256 0.76531255245209 0
vt 0.25679686665535 0.77445316314697 0
vt 0.25679689645767 0.71195316314697 0
vt 0.27890625596046 0.72109377384186 0
vt 0.27890625596046 0.65859377384186 0
vt 0.30101561546326 0.66773438453674 0
vt 0.25679686665535 0.83695316314697 0
vt 0.2346874922514 0.89031255245209 0
vt 0.27890622615814 0.78359377384186 0
vt 0.27890622615814 0.72109377384186 0
vt 0.32312500476837 0.67687505483627 0
vt 0.32312500476837 0.48937499523163 0
vt 0.34523436427116 0.49851560592651 0
vt 0.36734372377396 0.50765627622604 0
vt 0.30101561546326 0.54273438453674 0
vt 0.27890622615814 0.53359377384186 0
vt 0.32312497496605 0.55187505483627 0
vt 0.34523433446884 0.56101566553116 0
vt 0.36734372377396 0.57015627622604 0
vt 0.27890625596046 0.59609377384186 0
vt 0.25679686665535 0.58695316314697 0
vt 0.32312500476837 0.55187499523163 0
vt 0.30101561546326 0.60523438453674 0
vt 0.34523439407349 0.56101560592651 0
vt 0.32312500476837 0.61437499523163 0
vt 0.25679686665535 0.64945316314697 0
vt 0.2346874922514 0.64031255245209 0
vt 0.30101564526558 0.66773438453674 0
vt 0.859375 1 0
vt 0.859375 0.9375 0
vt 0.84375 1 0
vt 0.84375 0.9375 0
vt 0.828125 1 0
vt 0.828125 0.9375 0
vt 0.8125 1 0
vt 0.8125 0.9375 0
vt 0.859375 0.875 0
vt 0.84375 0.875 0
vt 0.828125 0.875 0
vt 0.8125 0.875 0
vt 0.859375 0.8125 0
vt 0.84375 0.8125 0
vt 0.828125 0.8125 0
vt 0.8125 0.8125 0
vt 0.859375 0.75 0
vt 0.84375 0.75 0
vt 0.828125 0.75 0
vt 0.8125 0.75 0
vt 0.75 0.9375 0
vt 0.765625 0.9375 0
vt 0.765625 1 0
vt 0.765625 0.875 0
vt 0.75 0.8125 0
vt 0.765625 0.8125 0
vt 0.765625 0.75 0
vt 0.78125 0.9375 0
vt 0.78125 1 0
vt 0.78125 0.875 0
vt 0.78125 0.8125 0
vt 0.78125 0.75 0
vt 0.796875 0.9375 0
vt 0.796875 1 0
vt 0.796875 0.875 0
vt 0.796875 0.8125 0
vt 0.796875 0.75 0
vt 0.765625 0.5 0
vt 0.765625 0.5625 0
vt 0.75 0.5625 0
vt 0.78125 0.5 0
vt 0.78125 0.5625 0
vt 0.796875 0.5 0
vt 0.796875 0.5625 0
vt 0.8125 0.5 0
vt 0.765625 0.625 0
vt 0.78125 0.625 0
vt 0.796875 0.625 0
vt 0.8125 0.625 0
vt 0.765625 0.6875 0
vt 0.75 0.6875 0
vt 0.78125 0.6875 0
vt 0.796875 0.6875 0
vt 0.859375 0.5625 0
vt 0.859375 0.5 0
vt 0.859375 0.625 0
vt 0.859375 0.6875 0
vt 0.84375 0.5625 0
vt 0.84375 0.5 0
vt 0.84375 0.625 0
vt 0.84375 0.6875 0
vt 0.828125 0.5625 0
vt 0.828125 0.5 0
vt 0.828125 0.625 0
vt 0.828125 0.6875 0
vt 0.69898438453674 0.60820311307907 0
vt 0.67687499523163 0.65419274568558 0
vt 0.72109377384186 0.64328128099442 0
vt 0.69898438453674 0.68190103769302 0
vt 0.74320310354233 0.67835938930511 0
vt 0.72109371423721 0.70960938930511 0
vt 0.76531249284744 0.71343749761581 0
vt 0.74320310354233 0.73731774091721 0
vt 0.65476560592651 0.70018231868744 0
vt 0.67687499523163 0.72052085399628 0
vt 0.6989843249321 0.74085938930511 0
vt 0.72109371423721 0.76119792461395 0
vt 0.6326562166214 0.7461718916893 0
vt 0.61054682731628 0.73320311307907 0
vt 0.65476560592651 0.75914061069489 0
vt 0.69898438453674 0.74085938930511 0
vt 0.67687499523163 0.77210938930511 0
vt 0.72109377384186 0.76119792461395 0
vt 0.69898438453674 0.78507816791534 0
vt 0.63265627622604 0.7461718916893 0
vt 0.61054688692093 0.79216146469116 0
vt 0.6326562166214 0.79776036739349 0
vt 0.67687499523163 0.77210938930511 0
vt 0.65476560592651 0.80335938930511 0
vt 0.69898438453674 0.7850781083107 0
vt 0.67687499523163 0.80895829200745 0
vt 0.79294919967651 0.83835291862488 0
vt 0.83164060115814 0.8186719417572 0
vt 0.75425779819489 0.85803389549255 0
vt 0.71556639671326 0.87771487236023 0
vt 0.67687499523163 0.89739584922791 0
vt 0.7763671875 0.80467450618744 0
vt 0.80953121185303 0.78359377384186 0
vt 0.74320310354233 0.82575523853302 0
vt 0.71003901958466 0.8468359708786 0
vt 0.67687499523163 0.86791670322418 0
vt 0.75978511571884 0.77099609375 0
vt 0.78742182254791 0.74851566553116 0
vt 0.74320310354233 0.82575523853302 0
vt 0.73214840888977 0.79347658157349 0
vt 0.7045117020607 0.81595706939697 0
vt 0.67687499523163 0.83843749761581 0
vt 0.78742188215256 0.74851566553116 0
vt 0.75978517532349 0.77099609375 0
vt 0.56080079078674 0.93432945013046 0
vt 0.57738280296326 0.8869401216507 0
vt 0.59396487474442 0.83955079317093 0
vt 0.61054688692093 0.79216146469116 0
vt 0.59949225187302 0.9220182299614 0
vt 0.58843755722046 0.96343749761581 0
vt 0.61054694652557 0.88059896230698 0
vt 0.62160158157349 0.83917969465256 0
vt 0.63265627622604 0.79776042699814 0
vt 0.59949219226837 0.9220182299614 0
vt 0.63818359375 0.90970706939697 0
vt 0.61054682731628 0.88059896230698 0
vt 0.64371091127396 0.87425780296326 0
vt 0.62160152196884 0.83917969465256 0
vt 0.64923822879791 0.83880859613419 0
vt 0.65476560592651 0.80335938930511 0
vt 0.64371091127396 0.87425780296326 0
vt 0.85024082660675 0.23569667339325 0
vt 0.86884111166 0.27178382873535 0
vt 0.88744139671326 0.30787110328674 0
vt 0.90604162216187 0.34395837783813 0
vt 0.82845044136047 0.28092455863953 0
vt 0.84736973047256 0.30888020992279 0
vt 0.86628901958466 0.33683598041534 0
vt 0.8852082490921 0.36479163169861 0
vt 0.82845050096512 0.28092455863953 0
vt 0.80666011571884 0.3261524438858 0
vt 0.78742182254791 0.30632817745209 0
vt 0.84736979007721 0.30888020992279 0
vt 0.82589840888977 0.34597659111023 0
vt 0.84513664245605 0.36580073833466 0
vt 0.88520830869675 0.36479163169861 0
vt 0.86437493562698 0.38562500476837 0
vt 0.80666017532349 0.32615232467651 0
vt 0.78486979007721 0.37138020992279 0
vt 0.80442708730698 0.38307297229767 0
vt 0.8451367020607 0.36580085754395 0
vt 0.82398438453674 0.39476561546326 0
vt 0.86437499523163 0.38562500476837 0
vt 0.84354168176651 0.40645837783813 0
vt 0.95960938930511 0.50914061069489 0
vt 0.94621747732162 0.46784508228302 0
vt 0.91921877861023 0.51828128099442 0
vt 0.91071617603302 0.47990882396698 0
vt 0.8788281083107 0.5274218916893 0
vt 0.87521481513977 0.49197268486023 0
vt 0.83843749761581 0.53656250238419 0
vt 0.83971351385117 0.50403648614883 0
vt 0.93282556533813 0.42654943466187 0
vt 0.96343755722046 0.41156244277954 0
vt 0.90221357345581 0.44153642654419 0
vt 0.87160152196884 0.45652341842651 0
vt 0.84098953008652 0.47151041030884 0
vt 0.93282550573349 0.42654955387115 0
vt 0.91943359375 0.38525390625 0
vt 0.89371091127396 0.40316414833069 0
vt 0.87160158157349 0.45652341842651 0
vt 0.86798822879791 0.42107427120209 0
vt 0.84098958969116 0.47151041030884 0
vt 0.84226560592651 0.43898439407349 0
vt 0.88520830869675 0.3647917509079 0
vt 0.84354162216187 0.40645837783813 0
vt 0.73416662216187 0.51583337783813 0
vt 0.71726560592651 0.56398439407349 0
vt 0.75106769800186 0.46768236160278 0
vt 0.76796877384186 0.41953122615814 0
vt 0.76934891939163 0.51190108060837 0
vt 0.7576562166214 0.5548437833786 0
vt 0.78104162216187 0.46895837783813 0
vt 0.79273438453674 0.42601561546326 0
vt 0.8045312166214 0.50796872377396 0
vt 0.79804682731628 0.54570311307907 0
vt 0.81101560592651 0.47023439407349 0
vt 0.7927343249321 0.42601561546326 0
vt 0.81749993562698 0.43250000476837 0
vt 0.80442702770233 0.38307297229767 0
vt 0.8239843249321 0.39476561546326 0
vt 0.79804688692093 0.54570311307907 0
vt 0.81749999523163 0.43250000476837 0
vt 0.94621741771698 0.54891276359558 0
vt 0.93282550573349 0.58868491649628 0
vt 0.91943359375 0.62845700979233 0
vt 0.90604162216187 0.66822916269302 0
vt 0.91071617603302 0.55360674858093 0
vt 0.91921877861023 0.51828122138977 0
vt 0.90221351385117 0.58893227577209 0
vt 0.89371085166931 0.62425780296326 0
vt 0.8852082490921 0.65958333015442 0
vt 0.91071617603302 0.55360680818558 0
vt 0.87521487474442 0.55830079317093 0
vt 0.87882816791534 0.5274218916893 0
vt 0.90221357345581 0.58893227577209 0
vt 0.87160158157349 0.58917969465256 0
vt 0.89371091127396 0.62425780296326 0
vt 0.86798822879791 0.62005859613419 0
vt 0.88520830869675 0.65958333015442 0
vt 0.86437493562698 0.65093749761581 0
vt 0.87521481513977 0.55830079317093 0
vt 0.83971357345581 0.56299477815628 0
vt 0.84098958969116 0.58942711353302 0
vt 0.86798828840256 0.62005859613419 0
vt 0.84226560592651 0.61585938930511 0
vt 0.86437499523163 0.65093749761581 0
vt 0.84354168176651 0.64229166507721 0
vt 0.83164060115814 0.81867188215256 0
vt 0.85024082660675 0.78106123209 0
vt 0.82845050096512 0.75259113311768 0
vt 0.80666017532349 0.72412109375 0
vt 0.78486979007721 0.69565105438232 0
vt 0.86884111166 0.74345058202744 0
vt 0.8903124332428 0.76531255245209 0
vt 0.84736979007721 0.72158855199814 0
vt 0.82589840888977 0.69972658157349 0
vt 0.80442708730698 0.67786461114883 0
vt 0.86884111166 0.74345052242279 0
vt 0.88744139671326 0.70583987236023 0
vt 0.86628901958466 0.6905859708786 0
vt 0.8451367020607 0.67533206939697 0
vt 0.80442702770233 0.67786461114883 0
vt 0.8239843249321 0.66007816791534 0
vt 0.8451367020607 0.67533200979233 0
vt 0.8239843249321 0.6600781083107 0
vt 0.84354162216187 0.64229166507721 0
vt 0.73416668176651 0.5969010591507 0
vt 0.69898438453674 0.60820317268372 0
vt 0.76934897899628 0.58559900522232 0
vt 0.8045312166214 0.5742968916893 0
vt 0.83971351385117 0.56299483776093 0
vt 0.75106769800186 0.62981772422791 0
vt 0.76934897899628 0.58559894561768 0
vt 0.78104162216187 0.6163541674614 0
vt 0.81101560592651 0.60289061069489 0
vt 0.83971351385117 0.56299477815628 0
vt 0.84098953008652 0.58942705392838 0
vt 0.75106775760651 0.62981772422791 0
vt 0.76796877384186 0.66273438930511 0
vt 0.74320316314697 0.67835938930511 0
vt 0.78104168176651 0.6163541674614 0
vt 0.79273438453674 0.64710938930511 0
vt 0.81749999523163 0.63148438930511 0
vt 0.76796871423721 0.66273438930511 0
vt 0.76531249284744 0.71343755722046 0
vt 0.84354162216187 0.64229172468185 0
vt 0.734375 1 0
vt 0.734375 0.9375 0
vt 0.71875 1 0
vt 0.71875 0.9375 0
vt 0.703125 1 0
vt 0.703125 0.9375 0
vt 0.6875 1 0
vt 0.6875 0.9375 0
vt 0.734375 0.875 0
vt 0.71875 0.875 0
vt 0.703125 0.875 0
vt 0.6875 0.875 0
vt 0.734375 0.8125 0
vt 0.71875 0.8125 0
vt 0.703125 0.8125 0
vt 0.734375 0.75 0
vt 0.71875 0.75 0
vt 0.703125 0.75 0
vt 0.6875 0.75 0
vt 0.625 0.9375 0
vt 0.640625 0.9375 0
vt 0.640625 1 0
vt 0.640625 0.875 0
vt 0.625 0.8125 0
vt 0.640625 0.8125 0
vt 0.640625 0.75 0
vt 0.65625 0.9375 0
vt 0.65625 1 0
vt 0.65625 0.875 0
vt 0.65625 0.8125 0
vt 0.65625 0.75 0
vt 0.671875 0.9375 0
vt 0.671875 1 0
vt 0.671875 0.875 0
vt 0.671875 0.8125 0
vt 0.671875 0.75 0
vt 0.640625 0.5 0
vt 0.640625 0.5625 0
vt 0.625 0.5625 0
vt 0.65625 0.5 0
vt 0.65625 0.5625 0
vt 0.671875 0.5 0
vt 0.671875 0.5625 0
vt 0.6875 0.5 0
vt 0.640625 0.625 0
vt 0.65625 0.625 0
vt 0.671875 0.625 0
vt 0.6875 0.625 0
vt 0.640625 0.6875 0
vt 0.625 0.6875 0
vt 0.65625 0.6875 0
vt 0.671875 0.6875 0
vt 0.734375 0.5625 0
vt 0.734375 0.5 0
vt 0.734375 0.625 0
vt 0.734375 0.6875 0
vt 0.71875 0.5625 0
vt 0.71875 0.5 0
vt 0.71875 0.625 0
vt 0.71875 0.6875 0
vt 0.703125 0.5625 0
vt 0.703125 0.5 0
vt 0.703125 0.625 0
vt 0.703125 0.6875 0
vt 0.609375 1 0
vt 0.609375 0.9375 0
vt 0.59375 1 0
vt 0.59375 0.9375 0
vt 0.578125 1 0
vt 0.578125 0.9375 0
vt 0.5625 1 0
vt 0.609375 0.875 0
vt 0.59375 0.875 0
vt 0.578125 0.875 0
vt 0.5625 0.875 0
vt 0.609375 0.8125 0
vt 0.59375 0.8125 0
vt 0.578125 0.8125 0
vt 0.609375 0.75 0
vt 0.59375 0.75 0
vt 0.578125 0.75 0
vt 0.5625 0.75 0
vt 0.515625 0.9375 0
vt 0.515625 1 0
vt 0.515625 0.875 0
vt 0.515625 0.8125 0
vt 0.515625 0.75 0
vt 0.53125 0.9375 0
vt 0.53125 1 0
vt 0.53125 0.875 0
vt 0.53125 0.8125 0
vt 0.53125 0.75 0
vt 0.546875 0.9375 0
vt 0.546875 1 0
vt 0.546875 0.875 0
vt 0.546875 0.8125 0
vt 0.546875 0.75 0
vt 0.515625 0.5 0
vt 0.515625 0.5625 0
vt 0.53125 0.5 0
vt 0.53125 0.5625 0
vt 0.546875 0.5 0
vt 0.546875 0.5625 0
vt 0.5625 0.5 0
vt 0.515625 0.625 0
vt 0.53125 0.625 0
vt 0.546875 0.625 0
vt 0.5625 0.625 0
vt 0.515625 0.6875 0
vt 0.53125 0.6875 0
vt 0.546875 0.6875 0
vt 0.609375 0.5625 0
vt 0.609375 0.5 0
vt 0.609375 0.625 0
vt 0.609375 0.6875 0
vt 0.59375 0.5625 0
vt 0.59375 0.5 0
vt 0.59375 0.625 0
vt 0.59375 0.6875 0
vt 0.578125 0.5625 0
vt 0.578125 0.5 0
vt 0.578125 0.625 0
vt 0.578125 0.6875 0
vt 0.484375 1 0
vt 0.484375 0.9375 0
vt 0.46875 1 0
vt 0.46875 0.9375 0
vt 0.453125 1 0
vt 0.453125 0.9375 0
vt 0.4375 1 0
vt 0.484375 0.875 0
vt 0.46875 0.875 0
vt 0.453125 0.875 0
vt 0.4375 0.875 0
vt 0.484375 0.8125 0
vt 0.46875 0.8125 0
vt 0.453125 0.8125 0
vt 0.484375 0.75 0
vt 0.46875 0.75 0
vt 0.453125 0.75 0
vt 0.4375 0.75 0
vt 0.375 0.9375 0
vt 0.390625 0.9375 0
vt 0.390625 1 0
vt 0.390625 0.875 0
vt 0.375 0.8125 0
vt 0.390625 0.8125 0
vt 0.390625 0.75 0
vt 0.40625 0.9375 0
vt 0.40625 1 0
vt 0.40625 0.875 0
vt 0.40625 0.8125 0
vt 0.40625 0.75 0
vt 0.421875 0.9375 0
vt 0.421875 1 0
vt 0.421875 0.875 0
vt 0.421875 0.8125 0
vt 0.421875 0.75 0
vt 0.390625 0.5 0
vt 0.390625 0.5625 0
vt 0.375 0.5625 0
vt 0.40625 0.5 0
vt 0.40625 0.5625 0
vt 0.421875 0.5 0
vt 0.421875 0.5625 0
vt 0.4375 0.5 0
vt 0.390625 0.625 0
vt 0.40625 0.625 0
vt 0.421875 0.625 0
vt 0.4375 0.625 0
vt 0.390625 0.6875 0
vt 0.375 0.6875 0
vt 0.40625 0.6875 0
vt 0.421875 0.6875 0
vt 0.484375 0.5625 0
vt 0.484375 0.5 0
vt 0.484375 0.625 0
vt 0.484375 0.6875 0
vt 0.46875 0.5625 0
vt 0.46875 0.5 0
vt 0.46875 0.625 0
vt 0.46875 0.6875 0
vt 0.453125 0.5625 0
vt 0.453125 0.5 0
vt 0.453125 0.625 0
vt 0.453125 0.6875 0
vt 0.359375 1 0
vt 0.359375 0.9375 0
vt 0.34375 1 0
vt 0.34375 0.9375 0
vt 0.328125 1 0
vt 0.328125 0.9375 0
vt 0.3125 1 0
vt 0.3125 0.9375 0
vt 0.359375 0.875 0
vt 0.34375 0.875 0
vt 0.328125 0.875 0
vt 0.3125 0.875 0
vt 0.359375 0.8125 0
vt 0.34375 0.8125 0
vt 0.328125 0.8125 0
vt 0.359375 0.75 0
vt 0.34375 0.75 0
vt 0.328125 0.75 0
vt 0.3125 0.75 0
vt 0.25 0.9375 0
vt 0.265625 0.9375 0
vt 0.265625 1 0
vt 0.265625 0.875 0
vt 0.25 0.8125 0
vt 0.265625 0.8125 0
vt 0.265625 0.75 0
vt 0.28125 0.9375 0
vt 0.28125 1 0
vt 0.28125 0.875 0
vt 0.28125 0.8125 0
vt 0.28125 0.75 0
vt 0.296875 0.9375 0
vt 0.296875 1 0
vt 0.296875 0.875 0
vt 0.296875 0.8125 0
vt 0.296875 0.75 0
vt 0.265625 0.5 0
vt 0.265625 0.5625 0
vt 0.25 0.5625 0
vt 0.28125 0.5 0
vt 0.28125 0.5625 0
vt 0.296875 0.5 0
vt 0.296875 0.5625 0
vt 0.3125 0.5 0
vt 0.265625 0.625 0
vt 0.28125 0.625 0
vt 0.296875 0.625 0
vt 0.3125 0.625 0
vt 0.265625 0.6875 0
vt 0.25 0.6875 0
vt 0.28125 0.6875 0
vt 0.296875 0.6875 0
vt 0.359375 0.5625 0
vt 0.359375 0.5 0
vt 0.359375 0.625 0
vt 0.359375 0.6875 0
vt 0.34375 0.5625 0
vt 0.34375 0.5 0
vt 0.34375 0.625 0
vt 0.34375 0.6875 0
vt 0.328125 0.5625 0
vt 0.328125 0.5 0
vt 0.328125 0.625 0
vt 0.328125 0.6875 0
vt 0.234375 1 0
vt 0.234375 0.9375 0
vt 0.21875 1 0
vt 0.21875 0.9375 0
vt 0.203125 1 0
vt 0.203125 0.9375 0
vt 0.1875 1 0
vt 0.1875 0.9375 0
vt 0.234375 0.875 0
vt 0.21875 0.875 0
vt 0.203125 0.875 0
vt 0.1875 0.875 0
vt 0.234375 0.8125 0
vt 0.21875 0.8125 0
vt 0.203125 0.8125 0
vt 0.1875 0.8125 0
vt 0.234375 0.75 0
vt 0.21875 0.75 0
vt 0.203125 0.75 0
vt 0.1875 0.75 0
vt 0.125 0.9375 0
vt 0.140625 0.9375 0
vt 0.140625 1 0
vt 0.140625 0.875 0
vt 0.125 0.8125 0
vt 0.140625 0.8125 0
vt 0.140625 0.75 0
vt 0.15625 0.9375 0
vt 0.15625 1 0
vt 0.15625 0.875 0
vt 0.15625 0.8125 0
vt 0.15625 0.75 0
vt 0.171875 0.9375 0
vt 0.171875 1 0
vt 0.171875 0.875 0
vt 0.171875 0.8125 0
vt 0.171875 0.75 0
vt 0.140625 0.5 0
vt 0.140625 0.5625 0
vt 0.125 0.5625 0
vt 0.15625 0.5 0
vt 0.15625 0.5625 0
vt 0.171875 0.5 0
vt 0.171875 0.5625 0
vt 0.1875 0.5 0
vt 0.140625 0.625 0
vt 0.15625 0.625 0
vt 0.171875 0.625 0
vt 0.1875 0.625 0
vt 0.140625 0.6875 0
vt 0.125 0.6875 0
vt 0.15625 0.6875 0
vt 0.171875 0.6875 0
vt 0.234375 0.5625 0
vt 0.234375 0.5 0
vt 0.234375 0.625 0
vt 0.234375 0.6875 0
vt 0.21875 0.5625 0
vt 0.21875 0.5 0
vt 0.21875 0.625 0
vt 0.21875 0.6875 0
vt 0.203125 0.5625 0
vt 0.203125 0.5 0
vt 0.203125 0.625 0
vt 0.203125 0.6875 0
vt 0.109375 1 0
vt 0.109375 0.9375 0
vt 0.09375 1 0
vt 0.09375 0.9375 0
vt 0.078125 1 0
vt 0.078125 0.9375 0
vt 0.0625 1 0
vt 0.0625 0.9375 0
vt 0.109375 0.875 0
vt 0.09375 0.875 0
vt 0.078125 0.875 0
vt 0.0625 0.875 0
vt 0.109375 0.8125 0
vt 0.09375 0.8125 0
vt 0.078125 0.8125 0
vt 0.0625 0.8125 0
vt 0.109375 0.75 0
vt 0.09375 0.75 0
vt 0.078125 0.75 0
vt 0.0625 0.75 0
vt 0 0.9375 0
vt 0.015625 0.9375 0
vt 0.015625 1 0
vt 0.015625 0.875 0
vt 0 0.8125 0
vt 0.015625 0.8125 0
vt 0.015625 0.75 0
vt 0.03125 0.9375 0
vt 0.03125 1 0
vt 0.03125 0.875 0
vt 0.03125 0.8125 0
vt 0.03125 0.75 0
vt 0.046875 0.9375 0
vt 0.046875 1 0
vt 0.046875 0.875 0
vt 0.046875 0.8125 0
vt 0.046875 0.75 0
vt 0.015625 0.5 0
vt 0.015625 0.5625 0
vt 0 0.5625 0
vt 0.03125 0.5 0
vt 0.03125 0.5625 0
vt 0.046875 0.5 0
vt 0.046875 0.5625 0
vt 0.0625 0.5 0
vt 0.015625 0.625 0
vt 0.03125 0.625 0
vt 0.046875 0.625 0
vt 0.0625 0.625 0
vt 0.015625 0.6875 0
vt 0 0.6875 0
vt 0.03125 0.6875 0
vt 0.046875 0.6875 0
vt 0.0625 0.6875 0
vt 0.109375 0.5625 0
vt 0.109375 0.5 0
vt 0.109375 0.625 0
vt 0.109375 0.6875 0
vt 0.09375 0.5625 0
vt 0.09375 0.5 0
vt 0.09375 0.625 0
vt 0.09375 0.6875 0
vt 0.078125 0.5625 0
vt 0.078125 0.5 0
vt 0.078125 0.625 0
vt 0.078125 0.6875 0
vt 0.734375 0.47262740135193 0
vt 0.75 0.47262740135193 0
vt 0.71875 0.47262740135193 0
vt 0.703125 0.47262740135193 0
vt 0.6875 0.47262740135193 0
vt 0.734375 0.44525480270386 0
vt 0.75 0.44525480270386 0
vt 0.71875 0.44525480270386 0
vt 0.703125 0.44525480270386 0
vt 0.6875 0.44525480270386 0
vt 0.734375 0.41788220405579 0
vt 0.75 0.41788220405579 0
vt 0.71875 0.41788220405579 0
vt 0.703125 0.41788220405579 0
vt 0.6875 0.41788220405579 0
vt 0.734375 0.39050960540771 0
vt 0.75 0.39050960540771 0
vt 0.71875 0.39050960540771 0
vt 0.703125 0.39050960540771 0
vt 0.6875 0.39050960540771 0
vt 0.625 0.47262740135193 0
vt 0.640625 0.47262740135193 0
vt 0.625 0.44525480270386 0
vt 0.640625 0.44525480270386 0
vt 0.625 0.41788220405579 0
vt 0.640625 0.41788220405579 0
vt 0.625 0.39050960540771 0
vt 0.640625 0.39050960540771 0
vt 0.65625 0.47262740135193 0
vt 0.65625 0.44525480270386 0
vt 0.65625 0.41788220405579 0
vt 0.65625 0.39050960540771 0
vt 0.671875 0.47262740135193 0
vt 0.671875 0.44525480270386 0
vt 0.671875 0.41788220405579 0
vt 0.671875 0.39050960540771 0
vt 0.640625 0.3083918094635 0
vt 0.625 0.3083918094635 0
vt 0.65625 0.3083918094635 0
vt 0.671875 0.3083918094635 0
vt 0.6875 0.3083918094635 0
vt 0.640625 0.33576440811157 0
vt 0.625 0.33576440811157 0
vt 0.65625 0.33576440811157 0
vt 0.671875 0.33576440811157 0
vt 0.6875 0.33576440811157 0
vt 0.640625 0.36313700675964 0
vt 0.625 0.36313700675964 0
vt 0.65625 0.36313700675964 0
vt 0.671875 0.36313700675964 0
vt 0.6875 0.36313700675964 0
vt 0.75 0.3083918094635 0
vt 0.734375 0.3083918094635 0
vt 0.75 0.33576440811157 0
vt 0.734375 0.33576440811157 0
vt 0.75 0.36313700675964 0
vt 0.734375 0.36313700675964 0
vt 0.71875 0.3083918094635 0
vt 0.71875 0.33576440811157 0
vt 0.71875 0.36313700675964 0
vt 0.703125 0.3083918094635 0
vt 0.703125 0.33576440811157 0
vt 0.703125 0.36313700675964 0
vt 0.609375 0.47262740135193 0
vt 0.59375 0.47262740135193 0
vt 0.578125 0.47262740135193 0
vt 0.5625 0.47262740135193 0
vt 0.609375 0.44525480270386 0
vt 0.59375 0.44525480270386 0
vt 0.578125 0.44525480270386 0
vt 0.5625 0.44525480270386 0
vt 0.609375 0.41788220405579 0
vt 0.59375 0.41788220405579 0
vt 0.578125 0.41788220405579 0
vt 0.5625 0.41788220405579 0
vt 0.609375 0.39050960540771 0
vt 0.59375 0.39050960540771 0
vt 0.578125 0.39050960540771 0
vt 0.5625 0.39050960540771 0
vt 0.5 0.47262740135193 0
vt 0.515625 0.47262740135193 0
vt 0.5 0.44525480270386 0
vt 0.515625 0.44525480270386 0
vt 0.5 0.41788220405579 0
vt 0.515625 0.41788220405579 0
vt 0.5 0.39050960540771 0
vt 0.515625 0.39050960540771 0
vt 0.53125 0.47262740135193 0
vt 0.53125 0.44525480270386 0
vt 0.53125 0.41788220405579 0
vt 0.53125 0.39050960540771 0
vt 0.546875 0.47262740135193 0
vt 0.546875 0.44525480270386 0
vt 0.546875 0.41788220405579 0
vt 0.546875 0.39050960540771 0
vt 0.515625 0.3083918094635 0
vt 0.5 0.3083918094635 0
vt 0.53125 0.3083918094635 0
vt 0.546875 0.3083918094635 0
vt 0.5625 0.3083918094635 0
vt 0.515625 0.33576440811157 0
vt 0.5 0.33576440811157 0
vt 0.53125 0.33576440811157 0
vt 0.546875 0.33576440811157 0
vt 0.5625 0.33576440811157 0
vt 0.515625 0.36313700675964 0
vt 0.5 0.36313700675964 0
vt 0.53125 0.36313700675964 0
vt 0.546875 0.36313700675964 0
vt 0.5625 0.36313700675964 0
vt 0.609375 0.3083918094635 0
vt 0.609375 0.33576440811157 0
vt 0.609375 0.36313700675964 0
vt 0.59375 0.3083918094635 0
vt 0.59375 0.33576440811157 0
vt 0.59375 0.36313700675964 0
vt 0.578125 0.3083918094635 0
vt 0.578125 0.33576440811157 0
vt 0.578125 0.36313700675964 0
vt 0.859375 0.47262740135193 0
vt 0.875 0.47262740135193 0
vt 0.84375 0.47262740135193 0
vt 0.828125 0.47262740135193 0
vt 0.8125 0.47262740135193 0
vt 0.859375 0.44525480270386 0
vt 0.875 0.44525480270386 0
vt 0.84375 0.44525480270386 0
vt 0.828125 0.44525480270386 0
vt 0.8125 0.44525480270386 0
vt 0.859375 0.41788220405579 0
vt 0.875 0.41788220405579 0
vt 0.84375 0.41788220405579 0
vt 0.828125 0.41788220405579 0
vt 0.8125 0.41788220405579 0
vt 0.859375 0.39050960540771 0
vt 0.875 0.39050960540771 0
vt 0.84375 0.39050960540771 0
vt 0.828125 0.39050960540771 0
vt 0.8125 0.39050960540771 0
vt 0.765625 0.47262740135193 0
vt 0.765625 0.44525480270386 0
vt 0.765625 0.41788220405579 0
vt 0.765625 0.39050960540771 0
vt 0.78125 0.47262740135193 0
vt 0.78125 0.44525480270386 0
vt 0.78125 0.41788220405579 0
vt 0.78125 0.39050960540771 0
vt 0.796875 0.47262740135193 0
vt 0.796875 0.44525480270386 0
vt 0.796875 0.41788220405579 0
vt 0.796875 0.39050960540771 0
vt 0.765625 0.3083918094635 0
vt 0.78125 0.3083918094635 0
vt 0.796875 0.3083918094635 0
vt 0.8125 0.3083918094635 0
vt 0.765625 0.33576440811157 0
vt 0.78125 0.33576440811157 0
vt 0.796875 0.33576440811157 0
vt 0.8125 0.33576440811157 0
vt 0.765625 0.36313700675964 0
vt 0.78125 0.36313700675964 0
vt 0.796875 0.36313700675964 0
vt 0.8125 0.36313700675964 0
vt 0.875 0.3083918094635 0
vt 0.859375 0.3083918094635 0
vt 0.875 0.33576440811157 0
vt 0.859375 0.33576440811157 0
vt 0.875 0.36313700675964 0
vt 0.859375 0.36313700675964 0
vt 0.84375 0.3083918094635 0
vt 0.84375 0.33576440811157 0
vt 0.84375 0.36313700675964 0
vt 0.828125 0.3083918094635 0
vt 0.828125 0.33576440811157 0
vt 0.828125 0.36313700675964 0
vt 0.484375 0.47262740135193 0
vt 0.46875 0.47262740135193 0
vt 0.453125 0.47262740135193 0
vt 0.4375 0.47262740135193 0
vt 0.484375 0.44525480270386 0
vt 0.46875 0.44525480270386 0
vt 0.453125 0.44525480270386 0
vt 0.4375 0.44525480270386 0
vt 0.484375 0.41788220405579 0
vt 0.46875 0.41788220405579 0
vt 0.453125 0.41788220405579 0
vt 0.4375 0.41788220405579 0
vt 0.484375 0.39050960540771 0
vt 0.46875 0.39050960540771 0
vt 0.453125 0.39050960540771 0
vt 0.4375 0.39050960540771 0
vt 0.375 0.47262740135193 0
vt 0.390625 0.47262740135193 0
vt 0.375 0.44525480270386 0
vt 0.390625 0.44525480270386 0
vt 0.375 0.41788220405579 0
vt 0.390625 0.41788220405579 0
vt 0.375 0.39050960540771 0
vt 0.390625 0.39050960540771 0
vt 0.40625 0.47262740135193 0
vt 0.40625 0.44525480270386 0
vt 0.40625 0.41788220405579 0
vt 0.40625 0.39050960540771 0
vt 0.421875 0.47262740135193 0
vt 0.421875 0.44525480270386 0
vt 0.421875 0.41788220405579 0
vt 0.421875 0.39050960540771 0
vt 0.390625 0.3083918094635 0
vt 0.375 0.3083918094635 0
vt 0.40625 0.3083918094635 0
vt 0.421875 0.3083918094635 0
vt 0.4375 0.3083918094635 0
vt 0.390625 0.33576440811157 0
vt 0.375 0.33576440811157 0
vt 0.40625 0.33576440811157 0
vt 0.421875 0.33576440811157 0
vt 0.4375 0.33576440811157 0
vt 0.390625 0.36313700675964 0
vt 0.375 0.36313700675964 0
vt 0.40625 0.36313700675964 0
vt 0.421875 0.36313700675964 0
vt 0.4375 0.36313700675964 0
vt 0.484375 0.3083918094635 0
vt 0.484375 0.33576440811157 0
vt 0.484375 0.36313700675964 0
vt 0.46875 0.3083918094635 0
vt 0.46875 0.33576440811157 0
vt 0.46875 0.36313700675964 0
vt 0.453125 0.3083918094635 0
vt 0.453125 0.33576440811157 0
vt 0.453125 0.36313700675964 0
vt 0.359375 0.47262740135193 0
vt 0.34375 0.47262740135193 0
vt 0.328125 0.47262740135193 0
vt 0.3125 0.47262740135193 0
vt 0.359375 0.44525480270386 0
vt 0.34375 0.44525480270386 0
vt 0.328125 0.44525480270386 0
vt 0.3125 0.44525480270386 0
vt 0.359375 0.41788220405579 0
vt 0.34375 0.41788220405579 0
vt 0.328125 0.41788220405579 0
vt 0.3125 0.41788220405579 0
vt 0.359375 0.39050960540771 0
vt 0.34375 0.39050960540771 0
vt 0.328125 0.39050960540771 0
vt 0.3125 0.39050960540771 0
vt 0.25 0.47262740135193 0
vt 0.265625 0.47262740135193 0
vt 0.25 0.44525480270386 0
vt 0.265625 0.44525480270386 0
vt 0.25 0.41788220405579 0
vt 0.265625 0.41788220405579 0
vt 0.25 0.39050960540771 0
vt 0.265625 0.39050960540771 0
vt 0.28125 0.47262740135193 0
vt 0.28125 0.44525480270386 0
vt 0.28125 0.41788220405579 0
vt 0.28125 0.39050960540771 0
vt 0.296875 0.47262740135193 0
vt 0.296875 0.44525480270386 0
vt 0.296875 0.41788220405579 0
vt 0.296875 0.39050960540771 0
vt 0.265625 0.3083918094635 0
vt 0.25 0.3083918094635 0
vt 0.28125 0.3083918094635 0
vt 0.296875 0.3083918094635 0
vt 0.3125 0.3083918094635 0
vt 0.265625 0.33576440811157 0
vt 0.25 0.33576440811157 0
vt 0.28125 0.33576440811157 0
vt 0.296875 0.33576440811157 0
vt 0.3125 0.33576440811157 0
vt 0.265625 0.36313700675964 0
vt 0.25 0.36313700675964 0
vt 0.28125 0.36313700675964 0
vt 0.296875 0.36313700675964 0
vt 0.3125 0.36313700675964 0
vt 0.359375 0.3083918094635 0
vt 0.359375 0.33576440811157 0
vt 0.359375 0.36313700675964 0
vt 0.34375 0.3083918094635 0
vt 0.34375 0.33576440811157 0
vt 0.34375 0.36313700675964 0
vt 0.328125 0.3083918094635 0
vt 0.328125 0.33576440811157 0
vt 0.328125 0.36313700675964 0
vt 0.234375 0.47262740135193 0
vt 0.21875 0.47262740135193 0
vt 0.203125 0.47262740135193 0
vt 0.1875 0.47262740135193 0
vt 0.234375 0.44525480270386 0
vt 0.21875 0.44525480270386 0
vt 0.203125 0.44525480270386 0
vt 0.1875 0.44525480270386 0
vt 0.234375 0.41788220405579 0
vt 0.21875 0.41788220405579 0
vt 0.203125 0.41788220405579 0
vt 0.1875 0.41788220405579 0
vt 0.234375 0.39050960540771 0
vt 0.21875 0.39050960540771 0
vt 0.203125 0.39050960540771 0
vt 0.1875 0.39050960540771 0
vt 0.125 0.47262740135193 0
vt 0.140625 0.47262740135193 0
vt 0.125 0.44525480270386 0
vt 0.140625 0.44525480270386 0
vt 0.125 0.41788220405579 0
vt 0.140625 0.41788220405579 0
vt 0.125 0.39050960540771 0
vt 0.140625 0.39050960540771 0
vt 0.15625 0.47262740135193 0
vt 0.15625 0.44525480270386 0
vt 0.15625 0.41788220405579 0
vt 0.15625 0.39050960540771 0
vt 0.171875 0.47262740135193 0
vt 0.171875 0.44525480270386 0
vt 0.171875 0.41788220405579 0
vt 0.171875 0.39050960540771 0
vt 0.140625 0.3083918094635 0
vt 0.125 0.3083918094635 0
vt 0.15625 0.3083918094635 0
vt 0.171875 0.3083918094635 0
vt 0.1875 0.3083918094635 0
vt 0.140625 0.33576440811157 0
vt 0.125 0.33576440811157 0
vt 0.15625 0.33576440811157 0
vt 0.171875 0.33576440811157 0
vt 0.1875 0.33576440811157 0
vt 0.140625 0.36313700675964 0
vt 0.125 0.36313700675964 0
vt 0.15625 0.36313700675964 0
vt 0.171875 0.36313700675964 0
vt 0.1875 0.36313700675964 0
vt 0.234375 0.3083918094635 0
vt 0.234375 0.33576440811157 0
vt 0.234375 0.36313700675964 0
vt 0.21875 0.3083918094635 0
vt 0.21875 0.33576440811157 0
vt 0.21875 0.36313700675964 0
vt 0.203125 0.3083918094635 0
vt 0.203125 0.33576440811157 0
vt 0.203125 0.36313700675964 0
vt 0.109375 0.47262740135193 0
vt 0.09375 0.47262740135193 0
vt 0.078125 0.47262740135193 0
vt 0.0625 0.47262740135193 0
vt 0.109375 0.44525480270386 0
vt 0.09375 0.44525480270386 0
vt 0.078125 0.44525480270386 0
vt 0.0625 0.44525480270386 0
vt 0.109375 0.41788220405579 0
vt 0.09375 0.41788220405579 0
vt 0.078125 0.41788220405579 0
vt 0.0625 0.41788220405579 0
vt 0.109375 0.39050960540771 0
vt 0.09375 0.39050960540771 0
vt 0.078125 0.39050960540771 0
vt 0.0625 0.39050960540771 0
vt 0 0.47262740135193 0
vt 0.015625 0.47262740135193 0
vt 0 0.44525480270386 0
vt 0.015625 0.44525480270386 0
vt 0 0.41788220405579 0
vt 0.015625 0.41788220405579 0
vt 0 0.39050960540771 0
vt 0.015625 0.39050960540771 0
vt 0.03125 0.47262740135193 0
vt 0.03125 0.44525480270386 0
vt 0.03125 0.41788220405579 0
vt 0.03125 0.39050960540771 0
vt 0.046875 0.47262740135193 0
vt 0.046875 0.44525480270386 0
vt 0.046875 0.41788220405579 0
vt 0.046875 0.39050960540771 0
vt 0.015625 0.3083918094635 0
vt 0 0.3083918094635 0
vt 0.03125 0.3083918094635 0
vt 0.046875 0.3083918094635 0
vt 0.0625 0.3083918094635 0
vt 0.015625 0.33576440811157 0
vt 0 0.33576440811157 0
vt 0.03125 0.33576440811157 0
vt 0.046875 0.33576440811157 0
vt 0.0625 0.33576440811157 0
vt 0.015625 0.36313700675964 0
vt 0 0.36313700675964 0
vt 0.03125 0.36313700675964 0
vt 0.046875 0.36313700675964 0
vt 0.0625 0.36313700675964 0
vt 0.109375 0.3083918094635 0
vt 0.109375 0.33576440811157 0
vt 0.109375 0.36313700675964 0
vt 0.09375 0.3083918094635 0
vt 0.09375 0.33576440811157 0
vt 0.09375 0.36313700675964 0
vt 0.078125 0.3083918094635 0
vt 0.078125 0.33576440811157 0
vt 0.078125 0.36313700675964 0
vt 0.984375 0.47262740135193 0
vt 1 0.47262740135193 0
vt 0.96875 0.47262740135193 0
vt 0.953125 0.47262740135193 0
vt 0.9375 0.47262740135193 0
vt 0.984375 0.44525480270386 0
vt 1 0.44525480270386 0
vt 0.96875 0.44525480270386 0
vt 0.953125 0.44525480270386 0
vt 0.9375 0.44525480270386 0
vt 0.984375 0.41788220405579 0
vt 1 0.41788220405579 0
vt 0.96875 0.41788220405579 0
vt 0.953125 0.41788220405579 0
vt 0.9375 0.41788220405579 0
vt 0.984375 0.39050960540771 0
vt 1 0.39050960540771 0
vt 0.96875 0.39050960540771 0
vt 0.953125 0.39050960540771 0
vt 0.9375 0.39050960540771 0
vt 0.890625 0.47262740135193 0
vt 0.890625 0.44525480270386 0
vt 0.890625 0.41788220405579 0
vt 0.890625 0.39050960540771 0
vt 0.90625 0.47262740135193 0
vt 0.90625 0.44525480270386 0
vt 0.90625 0.41788220405579 0
vt 0.90625 0.39050960540771 0
vt 0.921875 0.47262740135193 0
vt 0.921875 0.44525480270386 0
vt 0.921875 0.41788220405579 0
vt 0.921875 0.39050960540771 0
vt 0.890625 0.3083918094635 0
vt 0.90625 0.3083918094635 0
vt 0.921875 0.3083918094635 0
vt 0.9375 0.3083918094635 0
vt 0.890625 0.33576440811157 0
vt 0.90625 0.33576440811157 0
vt 0.921875 0.33576440811157 0
vt 0.9375 0.33576440811157 0
vt 0.890625 0.36313700675964 0
vt 0.90625 0.36313700675964 0
vt 0.921875 0.36313700675964 0
vt 0.9375 0.36313700675964 0
vt 1 0.3083918094635 0
vt 0.984375 0.3083918094635 0
vt 1 0.33576440811157 0
vt 0.984375 0.33576440811157 0
vt 1 0.36313700675964 0
vt 0.984375 0.36313700675964 0
vt 0.96875 0.3083918094635 0
vt 0.96875 0.33576440811157 0
vt 0.96875 0.36313700675964 0
vt 0.953125 0.3083918094635 0
vt 0.953125 0.33576440811157 0
vt 0.953125 0.36313700675964 0
vt 0.21875 0.125 0
vt 0.234375 0.125 0
vt 0.203125 0.125 0
vt 0.1875 0.125 0
vt 0.171875 0.125 0
vt 0.3125 0.25 0
vt 0.34375 0.25 0
vt 0.28125 0.25 0
vt 0.21875 0.25 0
vt 0.40625 0.375 0
vt 0.453125 0.375 0
vt 0.359375 0.375 0
vt 0.3125 0.375 0
vt 0.265625 0.375 0
vt 0.109375 0.125 0
vt 0.09375 0.25 0
vt 0.078125 0.375 0
vt 0.140625 0.125 0
vt 0.15625 0.25 0
vt 0.171875 0.375 0
vt 0.15625 0.125 0
vt 0.1875 0.25 0
vt 0.21875 0.375 0
vt 0.88541668653488 0.61458337306976 0
vt 0.77083337306976 0.66666668653488 0
vt 0.65625 0.71875 0
vt 0.54166668653488 0.77083337306976 0
vt 0.89583337306976 0.66666668653488 0
vt 0.79166668653488 0.70833337306976 0
vt 0.58333337306976 0.79166668653488 0
vt 0.90625 0.71875 0
vt 0.79166668653488 0.70833331346512 0
vt 0.71875005960464 0.78125 0
vt 0.58333337306976 0.79166662693024 0
vt 0.62500005960464 0.8125 0
vt 0.91666668653488 0.77083337306976 0
vt 0.83333337306976 0.79166668653488 0
vt 0.71875 0.78125 0
vt 0.66666668653488 0.83333337306976 0
vt 0.22916667163372 0.94270831346512 0
vt 0.33333334326744 0.94791668653488 0
vt 0.4375 0.953125 0
vt 0.54166668653488 0.95833331346512 0
vt 0.33333334326744 0.88541668653488 0
vt 0.41666668653488 0.89583331346512 0
vt 0.5 0.90625 0
vt 0.58333337306976 0.91666662693024 0
vt 0.4375 0.828125 0
vt 0.5 0.84375 0
vt 0.56250005960464 0.859375 0
vt 0.58333337306976 0.91666668653488 0
vt 0.62500005960464 0.875 0
vt 0.5625 0.859375 0
vt 0.88541668653488 0.94270831346512 0
vt 0.89583337306976 0.88541668653488 0
vt 0.90625 0.828125 0
vt 0.77083337306976 0.94791668653488 0
vt 0.79166668653488 0.89583331346512 0
vt 0.8125 0.84375 0
vt 0.83333337306976 0.79166662693024 0
vt 0.65625 0.953125 0
vt 0.6875 0.90625 0
vt 0.71875005960464 0.859375 0
vt 0.75000005960464 0.8125 0
vt 0.71875 0.859375 0
vt 0.88541668653488 0.05729162693024 0
vt 1 0.0625 0
vt 0.77083337306976 0.05208337306976 0
vt 0.65625 0.046875 0
vt 0.54166668653488 0.04166662693024 0
vt 0.89583337306976 0.11458337306976 0
vt 0.79166668653488 0.10416662693024 0
vt 0.6875 0.09375 0
vt 0.58333337306976 0.08333325386047 0
vt 0.90625 0.171875 0
vt 1 0.1875 0
vt 0.8125 0.15625 0
vt 0.71875005960464 0.140625 0
vt 0.58333337306976 0.08333337306976 0
vt 0.62500005960464 0.125 0
vt 0.91666668653488 0.22916662693024 0
vt 0.83333337306976 0.20833337306976 0
vt 0.71875 0.140625 0
vt 0.75 0.1875 0
vt 0.66666668653488 0.16666662693024 0
vt 0.125 0.0625 0
vt 0.22916667163372 0.05729162693024 0
vt 0.33333334326744 0.11458337306976 0
vt 0.375 0.1875 0
vt 0.4375 0.171875 0
vt 0.54166668653488 0.22916662693024 0
vt 0.33333334326744 0.05208337306976 0
vt 0.41666668653488 0.10416662693024 0
vt 0.5 0.15625 0
vt 0.58333337306976 0.20833325386047 0
vt 0.4375 0.046875 0
vt 0.5 0.09375 0
vt 0.56250005960464 0.140625 0
vt 0.58333337306976 0.20833337306976 0
vt 0.62500005960464 0.1875 0
vt 0.5625 0.140625 0
vt 0.625 0.1875 0
vt 1 0.4375 0
vt 0.88541668653488 0.38541662693024 0
vt 0.875 0.4375 0
vt 0.89583337306976 0.33333337306976 0
vt 1 0.3125 0
vt 0.90625 0.28125 0
vt 0.77083337306976 0.33333337306976 0
vt 0.79166668653488 0.29166662693024 0
vt 0.8125 0.25 0
vt 0.83333337306976 0.20833325386047 0
vt 0.65625 0.28125 0
vt 0.625 0.3125 0
vt 0.6875 0.25 0
vt 0.71875005960464 0.21875 0
vt 0.75000005960464 0.1875 0
vt 0.71875 0.21875 0
vt 0.11458333581686 0.171875 0
vt 0.10416667163372 0.28125 0
vt 0.09375 0.390625 0
vt 0.08333333581686 0.5 0
vt 0.22916667163372 0.21875 0
vt 0.20833334326744 0.3125 0
vt 0.1875 0.40625 0
vt 0.16666668653488 0.5 0
vt 0.34375 0.265625 0
vt 0.3125 0.34375 0
vt 0.28125 0.421875 0
vt 0.16666667163372 0.5 0
vt 0.45833334326744 0.3125 0
vt 0.41666668653488 0.375 0
vt 0.375 0.4375 0
vt 0.33333334326744 0.5 0
vt 0.11458333581686 0.828125 0
vt 0.22916667163372 0.78125 0
vt 0.34375 0.734375 0
vt 0.45833334326744 0.6875 0
vt 0.10416667163372 0.71875 0
vt 0.20833334326744 0.6875 0
vt 0.3125 0.65625 0
vt 0.41666668653488 0.625 0
vt 0.09375000745058 0.609375 0
vt 0.18750001490116 0.59375 0
vt 0.28125002980232 0.578125 0
vt 0.37500002980232 0.5625 0
vt 0.09375 0.609375 0
vt 0.1875 0.59375 0
vt 0.28125 0.578125 0
vt 0.77083331346512 0.5 0
vt 0.66666662693024 0.4375 0
vt 0.5625 0.375 0
vt 0.45833331346512 0.3125 0
vt 0.66666668653488 0.5625 0
vt 0.66666668653488 0.4375 0
vt 0.58333331346512 0.5 0
vt 0.41666665673256 0.375 0
vt 0.58333337306976 0.5 0
vt 0.45833331346512 0.6875 0
vt 0.41666665673256 0.625 0
vt 0.33333331346512 0.5 0
# 2857 texture coordinates

o hat
usemtl default
f 255/4/4 987/3/3 264/2/2 49/1/1
f 987/3/3 988/6/6 265/5/5 264/2/2
f 988/6/6 989/8/8 266/7/7 265/5/5
f 989/8/8 990/10/10 72/9/9 266/7/7
f 256/12/12 991/11/11 987/3/3 255/4/4
f 991/11/11 992/13/13 988/6/6 987/3/3
f 992/13/13 993/14/14 989/8/8 988/6/6
f 993/14/14 994/15/15 990/10/10 989/8/8
f 257/19/17 995/18/16 991/17/11 256/16/12
f 995/18/16 996/21/18 992/20/13 991/17/11
f 996/21/18 997/22/19 993/14/14 992/20/13
f 997/22/19 998/24/20 994/23/15 993/14/14
f 71/26/22 1074/25/21 995/18/16 257/19/17
f 1074/25/21 1078/28/23 996/27/18 995/18/16
f 1078/28/23 1082/30/24 997/29/19 996/27/18
f 1082/30/24 70/32/25 998/31/20 997/29/19
f 261/36/29 999/35/28 270/34/27 50/33/26
f 999/35/28 1000/38/31 271/37/30 270/34/27
f 1000/38/31 1001/40/33 272/39/32 271/37/30
f 1001/40/33 1002/42/35 73/41/34 272/39/32
f 262/44/37 1003/43/36 999/35/28 261/36/29
f 1003/43/36 1004/45/38 1000/38/31 999/35/28
f 1004/45/38 1005/47/39 1001/46/33 1000/38/31
f 1005/47/39 1006/49/40 1002/48/35 1001/46/33
f 263/53/42 1007/52/41 1003/51/36 262/50/37
f 1007/52/41 1008/55/43 1004/54/38 1003/51/36
f 1008/55/43 1009/57/44 1005/56/39 1004/54/38
f 1009/57/44 1010/59/45 1006/58/40 1005/56/39
f 72/9/9 990/60/10 1007/52/41 263/53/42
f 990/60/10 994/23/15 1008/61/43 1007/52/41
f 994/23/15 998/31/20 1009/62/44 1008/61/43
f 998/31/20 70/32/25 1010/63/45 1009/62/44
f 267/67/49 1011/66/48 276/65/47 51/64/46
f 1011/66/48 1012/69/51 277/68/50 276/65/47
f 1012/69/51 1013/71/53 278/70/52 277/68/50
f 1013/71/53 1014/73/55 74/72/54 278/70/52
f 268/75/57 1015/74/56 1011/66/48 267/67/49
f 1015/74/56 1016/77/58 1012/76/51 1011/66/48
f 1016/77/58 1017/79/59 1013/78/53 1012/76/51
f 1017/79/59 1018/80/60 1014/73/55 1013/78/53
f 269/83/62 1019/82/61 1015/81/56 268/75/57
f 1019/82/61 1020/85/63 1016/84/58 1015/81/56
f 1020/85/63 1021/86/64 1017/79/59 1016/84/58
f 1021/86/64 1022/87/65 1018/80/60 1017/79/59
f 73/89/34 1002/88/35 1019/82/61 269/83/62
f 1002/88/35 1006/58/40 1020/85/63 1019/82/61
f 1006/58/40 1010/63/45 1021/90/64 1020/85/63
f 1010/63/45 70/32/25 1022/91/65 1021/90/64
f 273/95/69 1023/94/68 282/93/67 52/92/66
f 1023/94/68 1024/97/71 283/96/70 282/93/67
f 1024/97/71 1025/99/73 284/98/72 283/96/70
f 1025/99/73 1026/101/75 75/100/74 284/98/72
f 274/103/77 1027/102/76 1023/94/68 273/95/69
f 1027/102/76 1028/104/78 1024/97/71 1023/94/68
f 1028/104/78 1029/105/79 1025/99/73 1024/97/71
f 1029/105/79 1030/107/80 1026/106/75 1025/99/73
f 275/110/82 1031/109/81 1027/102/76 274/108/77
f 1031/109/81 1032/111/83 1028/104/78 1027/102/76
f 1032/111/83 1033/113/84 1029/112/79 1028/104/78
f 1033/113/84 1034/114/85 1030/107/80 1029/112/79
f 74/72/54 1014/73/55 1031/109/81 275/110/82
f 1014/73/55 1018/80/60 1032/115/83 1031/109/81
f 1018/80/60 1022/91/65 1033/113/84 1032/115/83
f 1022/91/65 70/32/25 1034/116/85 1033/113/84
f 279/120/89 1035/119/88 288/118/87 53/117/86
f 1035/119/88 1036/122/91 289/121/90 288/118/87
f 1036/122/91 1037/124/93 290/123/92 289/121/90
f 1037/124/93 1038/126/95 76/125/94 290/123/92
f 280/128/97 1039/127/96 1035/119/88 279/120/89
f 1039/127/96 1040/129/98 1036/122/91 1035/119/88
f 1040/129/98 1041/130/99 1037/124/93 1036/122/91
f 1041/130/99 1042/131/100 1038/126/95 1037/124/93
f 281/133/102 1043/132/101 1039/127/96 280/128/97
f 1043/132/101 1044/135/103 1040/134/98 1039/127/96
f 1044/135/103 1045/136/104 1041/130/99 1040/134/98
f 1045/136/104 1046/137/105 1042/131/100 1041/130/99
f 75/140/74 1026/106/75 1043/139/101 281/138/102
f 1026/106/75 1030/142/80 1044/141/103 1043/139/101
f 1030/142/80 1034/116/85 1045/143/104 1044/141/103
f 1034/116/85 70/145/25 1046/144/105 1045/143/104
f 285/149/109 1047/148/108 294/147/107 54/146/106
f 1047/148/108 1048/151/111 295/150/110 294/147/107
f 1048/151/111 1049/153/113 296/152/112 295/150/110
f 1049/153/113 1050/155/115 77/154/114 296/152/112
f 286/157/117 1051/156/116 1047/148/108 285/149/109
f 1051/156/116 1052/159/118 1048/158/111 1047/148/108
f 1052/159/118 1053/161/119 1049/160/113 1048/158/111
f 1053/161/119 1054/162/120 1050/155/115 1049/160/113
f 287/164/122 1055/163/121 1051/156/116 286/157/117
f 1055/163/121 1056/165/123 1052/159/118 1051/156/116
f 1056/165/123 1057/167/124 1053/166/119 1052/159/118
f 1057/167/124 1058/169/125 1054/168/120 1053/166/119
f 76/125/94 1038/126/95 1055/163/121 287/164/122
f 1038/126/95 1042/131/100 1056/170/123 1055/163/121
f 1042/131/100 1046/171/105 1057/167/124 1056/170/123
f 1046/171/105 70/32/25 1058/169/125 1057/167/124
f 291/175/129 1059/174/128 300/173/127 55/172/126
f 1059/174/128 1060/177/131 301/176/130 300/173/127
f 1060/177/131 1061/179/133 302/178/132 301/176/130
f 1061/179/133 1062/181/135 78/180/134 302/178/132
f 292/183/137 1063/182/136 1059/174/128 291/175/129
f 1063/182/136 1064/184/138 1060/177/131 1059/174/128
f 1064/184/138 1065/185/139 1061/179/133 1060/177/131
f 1065/185/139 1066/186/140 1062/181/135 1061/179/133
f 293/190/142 1067/189/141 1063/188/136 292/187/137
f 1067/189/141 1068/192/143 1064/191/138 1063/188/136
f 1068/192/143 1069/193/144 1065/185/139 1064/191/138
f 1069/193/144 1070/195/145 1066/194/140 1065/185/139
f 77/154/114 1050/155/115 1067/189/141 293/190/142
f 1050/155/115 1054/168/120 1068/196/143 1067/189/141
f 1054/168/120 1058/169/125 1069/197/144 1068/196/143
f 1058/169/125 70/32/25 1070/198/145 1069/197/144
f 297/202/149 1071/201/148 258/200/147 56/199/146
f 1071/201/148 1072/204/151 259/203/150 258/200/147
f 1072/204/151 1073/206/153 260/205/152 259/203/150
f 1073/206/153 1074/25/21 71/26/22 260/205/152
f 298/208/155 1075/207/154 1071/201/148 297/202/149
f 1075/207/154 1076/210/156 1072/209/151 1071/201/148
f 1076/210/156 1077/211/157 1073/206/153 1072/209/151
f 1077/211/157 1078/212/23 1074/25/21 1073/206/153
f 299/216/159 1079/215/158 1075/214/154 298/213/155
f 1079/215/158 1080/217/160 1076/210/156 1075/214/154
f 1080/217/160 1081/219/161 1077/218/157 1076/210/156
f 1081/219/161 1082/220/24 1078/28/23 1077/218/157
f 78/221/134 1062/181/135 1079/215/158 299/216/159
f 1062/181/135 1066/194/140 1080/222/160 1079/215/158
f 1066/194/140 1070/224/145 1081/223/161 1080/222/160
f 1070/224/145 70/32/25 1082/30/24 1081/223/161
f 303/228/165 1083/227/164 312/226/163 1/225/162
f 1083/227/164 1084/230/167 313/229/166 312/226/163
f 1084/230/167 1085/232/169 314/231/168 313/229/166
f 1085/232/169 1086/234/171 81/233/170 314/231/168
f 304/236/173 1087/235/172 1083/227/164 303/228/165
f 1087/235/172 1088/237/174 1084/230/167 1083/227/164
f 1088/237/174 1089/238/175 1085/232/169 1084/230/167
f 1089/238/175 1090/239/176 1086/234/171 1085/232/169
f 305/241/178 1091/240/177 1087/235/172 304/236/173
f 1091/240/177 1092/242/179 1088/237/174 1087/235/172
f 1092/242/179 1093/243/180 1089/238/175 1088/237/174
f 1093/243/180 1094/244/181 1090/239/176 1089/238/175
f 80/246/183 1122/245/182 1091/240/177 305/241/178
f 1122/245/182 1126/247/184 1092/242/179 1091/240/177
f 1126/247/184 1130/248/185 1093/243/180 1092/242/179
f 1130/248/185 79/249/186 1094/244/181 1093/243/180
f 309/253/190 1095/252/189 318/251/188 9/250/187
f 1095/252/189 1096/255/192 319/254/191 318/251/188
f 1096/255/192 1097/257/194 320/256/193 319/254/191
f 1097/257/194 1098/259/196 82/258/195 320/256/193
f 310/261/198 1099/260/197 1095/252/189 309/253/190
f 1099/260/197 1100/262/199 1096/255/192 1095/252/189
f 1100/262/199 1101/263/200 1097/257/194 1096/255/192
f 1101/263/200 1102/264/201 1098/259/196 1097/257/194
f 311/266/203 1103/265/202 1099/260/197 310/261/198
f 1103/265/202 1104/267/204 1100/262/199 1099/260/197
f 1104/267/204 1105/268/205 1101/263/200 1100/262/199
f 1105/268/205 1106/269/206 1102/264/201 1101/263/200
f 81/233/170 1086/234/171 1103/265/202 311/266/203
f 1086/234/171 1090/239/176 1104/267/204 1103/265/202
f 1090/239/176 1094/244/181 1105/268/205 1104/267/204
f 1094/244/181 79/249/186 1106/269/206 1105/268/205
f 315/273/210 1107/272/209 324/271/208 62/270/207
f 1107/272/209 1108/275/212 325/274/211 324/271/208
f 1108/275/212 1109/277/214 326/276/213 325/274/211
f 1109/277/214 1110/279/216 83/278/215 326/276/213
f 316/281/218 1111/280/217 1107/272/209 315/273/210
f 1111/280/217 1112/282/219 1108/275/212 1107/272/209
f 1112/282/219 1113/283/220 1109/277/214 1108/275/212
f 1113/283/220 1114/284/221 1110/279/216 1109/277/214
f 317/286/223 1115/285/222 1111/280/217 316/281/218
f 1115/285/222 1116/287/224 1112/282/219 1111/280/217
f 1116/287/224 1117/288/225 1113/283/220 1112/282/219
f 1117/288/225 1118/289/226 1114/284/221 1113/283/220
f 82/258/195 1098/259/196 1115/285/222 317/286/223
f 1098/259/196 1102/264/201 1116/287/224 1115/285/222
f 1102/264/201 1106/269/206 1117/288/225 1116/287/224
f 1106/269/206 79/249/186 1118/289/226 1117/288/225
f 321/293/230 1119/292/229 306/291/228 63/290/227
f 1119/292/229 1120/295/232 307/294/231 306/291/228
f 1120/295/232 1121/297/234 308/296/233 307/294/231
f 1121/297/234 1122/245/182 80/246/183 308/296/233
f 322/299/236 1123/298/235 1119/292/229 321/293/230
f 1123/298/235 1124/300/237 1120/295/232 1119/292/229
f 1124/300/237 1125/301/238 1121/297/234 1120/295/232
f 1125/301/238 1126/247/184 1122/245/182 1121/297/234
f 323/303/240 1127/302/239 1123/298/235 322/299/236
f 1127/302/239 1128/304/241 1124/300/237 1123/298/235
f 1128/304/241 1129/305/242 1125/301/238 1124/300/237
f 1129/305/242 1130/248/185 1126/247/184 1125/301/238
f 83/278/215 1110/279/216 1127/302/239 323/303/240
f 1110/279/216 1114/284/221 1128/304/241 1127/302/239
f 1114/284/221 1118/289/226 1129/305/242 1128/304/241
f 1118/289/226 79/249/186 1130/248/185 1129/305/242
f 318/251/188 1131/307/244 330/306/243 9/250/187
f 1131/307/244 1132/309/246 331/308/245 330/306/243
f 1132/309/246 1133/311/248 332/310/247 331/308/245
f 1133/311/248 1134/313/250 85/312/249 332/310/247
f 319/254/191 1135/314/251 1131/307/244 318/251/188
f 1135/314/251 1136/315/252 1132/309/246 1131/307/244
f 1136/315/252 1137/316/253 1133/311/248 1132/309/246
f 1137/316/253 1138/317/254 1134/313/250 1133/311/248
f 320/256/193 1139/318/255 1135/314/251 319/254/191
f 1139/318/255 1140/319/256 1136/315/252 1135/314/251
f 1140/319/256 1141/320/257 1137/316/253 1136/315/252
f 1141/320/257 1142/321/258 1138/317/254 1137/316/253
f 82/258/195 1170/322/259 1139/318/255 320/256/193
f 1170/322/259 1174/323/260 1140/319/256 1139/318/255
f 1174/323/260 1178/324/261 1141/320/257 1140/319/256
f 1178/324/261 84/325/262 1142/321/258 1141/320/257
f 327/329/266 1143/328/265 336/327/264 11/326/263
f 1143/328/265 1144/331/268 337/330/267 336/327/264
f 1144/331/268 1145/333/270 338/332/269 337/330/267
f 1145/333/270 1146/335/272 86/334/271 338/332/269
f 328/337/274 1147/336/273 1143/328/265 327/329/266
f 1147/336/273 1148/338/275 1144/331/268 1143/328/265
f 1148/338/275 1149/339/276 1145/333/270 1144/331/268
f 1149/339/276 1150/340/277 1146/335/272 1145/333/270
f 329/342/279 1151/341/278 1147/336/273 328/337/274
f 1151/341/278 1152/343/280 1148/338/275 1147/336/273
f 1152/343/280 1153/344/281 1149/339/276 1148/338/275
f 1153/344/281 1154/345/282 1150/340/277 1149/339/276
f 85/312/249 1134/313/250 1151/341/278 329/342/279
f 1134/313/250 1138/317/254 1152/343/280 1151/341/278
f 1138/317/254 1142/321/258 1153/344/281 1152/343/280
f 1142/321/258 84/325/262 1154/345/282 1153/344/281
f 333/349/286 1155/348/285 342/347/284 61/346/283
f 1155/348/285 1156/351/288 343/350/287 342/347/284
f 1156/351/288 1157/353/290 344/352/289 343/350/287
f 1157/353/290 1158/355/292 87/354/291 344/352/289
f 334/357/294 1159/356/293 1155/348/285 333/349/286
f 1159/356/293 1160/358/295 1156/351/288 1155/348/285
f 1160/358/295 1161/359/296 1157/353/290 1156/351/288
f 1161/359/296 1162/360/297 1158/355/292 1157/353/290
f 335/362/299 1163/361/298 1159/356/293 334/357/294
f 1163/361/298 1164/363/300 1160/358/295 1159/356/293
f 1164/363/300 1165/364/301 1161/359/296 1160/358/295
f 1165/364/301 1166/365/302 1162/360/297 1161/359/296
f 86/334/271 1146/335/272 1163/361/298 335/362/299
f 1146/335/272 1150/340/277 1164/363/300 1163/361/298
f 1150/340/277 1154/345/282 1165/364/301 1164/363/300
f 1154/345/282 84/325/262 1166/365/302 1165/364/301
f 339/367/304 1167/366/303 315/273/210 62/270/207
f 1167/366/303 1168/368/305 316/281/218 315/273/210
f 1168/368/305 1169/369/306 317/286/223 316/281/218
f 1169/369/306 1170/322/259 82/258/195 317/286/223
f 340/371/308 1171/370/307 1167/366/303 339/367/304
f 1171/370/307 1172/372/309 1168/368/305 1167/366/303
f 1172/372/309 1173/373/310 1169/369/306 1168/368/305
f 1173/373/310 1174/323/260 1170/322/259 1169/369/306
f 341/375/312 1175/374/311 1171/370/307 340/371/308
f 1175/374/311 1176/376/313 1172/372/309 1171/370/307
f 1176/376/313 1177/377/314 1173/373/310 1172/372/309
f 1177/377/314 1178/324/261 1174/323/260 1173/373/310
f 87/354/291 1158/355/292 1175/374/311 341/375/312
f 1158/355/292 1162/360/297 1176/376/313 1175/374/311
f 1162/360/297 1166/365/302 1177/377/314 1176/376/313
f 1166/365/302 84/325/262 1178/324/261 1177/377/314
f 336/327/264 1179/379/316 348/378/315 11/326/263
f 1179/379/316 1180/381/318 349/380/317 348/378/315
f 1180/381/318 1181/383/320 350/382/319 349/380/317
f 1181/383/320 1182/385/322 89/384/321 350/382/319
f 337/330/267 1183/386/323 1179/379/316 336/327/264
f 1183/386/323 1184/387/324 1180/381/318 1179/379/316
f 1184/387/324 1185/388/325 1181/383/320 1180/381/318
f 1185/388/325 1186/389/326 1182/385/322 1181/383/320
f 338/332/269 1187/390/327 1183/386/323 337/330/267
f 1187/390/327 1188/391/328 1184/387/324 1183/386/323
f 1188/391/328 1189/392/329 1185/388/325 1184/387/324
f 1189/392/329 1190/393/330 1186/389/326 1185/388/325
f 86/334/271 1218/394/331 1187/390/327 338/332/269
f 1218/394/331 1222/395/332 1188/391/328 1187/390/327
f 1222/395/332 1226/396/333 1189/392/329 1188/391/328
f 1226/396/333 88/397/334 1190/393/330 1189/392/329
f 345/401/338 1191/400/337 354/399/336 12/398/335
f 1191/400/337 1192/403/340 355/402/339 354/399/336
f 1192/403/340 1193/405/342 356/404/341 355/402/339
f 1193/405/342 1194/407/344 90/406/343 356/404/341
f 346/409/346 1195/408/345 1191/400/337 345/401/338
f 1195/408/345 1196/410/347 1192/403/340 1191/400/337
f 1196/410/347 1197/411/348 1193/405/342 1192/403/340
f 1197/411/348 1198/412/349 1194/407/344 1193/405/342
f 347/414/351 1199/413/350 1195/408/345 346/409/346
f 1199/413/350 1200/415/352 1196/410/347 1195/408/345
f 1200/415/352 1201/416/353 1197/411/348 1196/410/347
f 1201/416/353 1202/417/354 1198/412/349 1197/411/348
f 89/384/321 1182/385/322 1199/413/350 347/414/351
f 1182/385/322 1186/389/326 1200/415/352 1199/413/350
f 1186/389/326 1190/393/330 1201/416/353 1200/415/352
f 1190/393/330 88/397/334 1202/417/354 1201/416/353
f 351/421/358 1203/420/357 360/419/356 60/418/355
f 1203/420/357 1204/423/360 361/422/359 360/419/356
f 1204/423/360 1205/425/362 362/424/361 361/422/359
f 1205/425/362 1206/427/364 91/426/363 362/424/361
f 352/429/366 1207/428/365 1203/420/357 351/421/358
f 1207/428/365 1208/430/367 1204/423/360 1203/420/357
f 1208/430/367 1209/431/368 1205/425/362 1204/423/360
f 1209/431/368 1210/432/369 1206/427/364 1205/425/362
f 353/434/371 1211/433/370 1207/428/365 352/429/366
f 1211/433/370 1212/435/372 1208/430/367 1207/428/365
f 1212/435/372 1213/436/373 1209/431/368 1208/430/367
f 1213/436/373 1214/437/374 1210/432/369 1209/431/368
f 90/406/343 1194/407/344 1211/433/370 353/434/371
f 1194/407/344 1198/412/349 1212/435/372 1211/433/370
f 1198/412/349 1202/417/354 1213/436/373 1212/435/372
f 1202/417/354 88/397/334 1214/437/374 1213/436/373
f 357/439/376 1215/438/375 333/349/286 61/346/283
f 1215/438/375 1216/440/377 334/357/294 333/349/286
f 1216/440/377 1217/441/378 335/362/299 334/357/294
f 1217/441/378 1218/394/331 86/334/271 335/362/299
f 358/443/380 1219/442/379 1215/438/375 357/439/376
f 1219/442/379 1220/444/381 1216/440/377 1215/438/375
f 1220/444/381 1221/445/382 1217/441/378 1216/440/377
f 1221/445/382 1222/395/332 1218/394/331 1217/441/378
f 359/447/384 1223/446/383 1219/442/379 358/443/380
f 1223/446/383 1224/448/385 1220/444/381 1219/442/379
f 1224/448/385 1225/449/386 1221/445/382 1220/444/381
f 1225/449/386 1226/396/333 1222/395/332 1221/445/382
f 91/426/363 1206/427/364 1223/446/383 359/447/384
f 1206/427/364 1210/432/369 1224/448/385 1223/446/383
f 1210/432/369 1214/437/374 1225/449/386 1224/448/385
f 1214/437/374 88/397/334 1226/396/333 1225/449/386
f 354/399/336 1227/451/388 366/450/387 12/398/335
f 1227/451/388 1228/453/390 367/452/389 366/450/387
f 1228/453/390 1229/455/392 368/454/391 367/452/389
f 1229/455/392 1230/457/394 93/456/393 368/454/391
f 355/402/339 1231/458/395 1227/451/388 354/399/336
f 1231/458/395 1232/459/396 1228/453/390 1227/451/388
f 1232/459/396 1233/460/397 1229/455/392 1228/453/390
f 1233/460/397 1234/461/398 1230/457/394 1229/455/392
f 356/404/341 1235/462/399 1231/458/395 355/402/339
f 1235/462/399 1236/463/400 1232/459/396 1231/458/395
f 1236/463/400 1237/464/401 1233/460/397 1232/459/396
f 1237/464/401 1238/465/402 1234/461/398 1233/460/397
f 90/406/343 1266/466/403 1235/462/399 356/404/341
f 1266/466/403 1270/467/404 1236/463/400 1235/462/399
f 1270/467/404 1274/468/405 1237/464/401 1236/463/400
f 1274/468/405 92/469/406 1238/465/402 1237/464/401
f 363/472/410 1239/471/409 372/470/408 13/33/407
f 1239/471/409 1240/474/412 373/473/411 372/470/408
f 1240/474/412 1241/476/414 374/475/413 373/473/411
f 1241/476/414 1242/478/416 94/477/415 374/475/413
f 364/480/418 1243/479/417 1239/471/409 363/472/410
f 1243/479/417 1244/481/419 1240/474/412 1239/471/409
f 1244/481/419 1245/482/420 1241/476/414 1240/474/412
f 1245/482/420 1246/483/421 1242/478/416 1241/476/414
f 365/485/423 1247/484/422 1243/479/417 364/480/418
f 1247/484/422 1248/486/424 1244/481/419 1243/479/417
f 1248/486/424 1249/487/425 1245/482/420 1244/481/419
f 1249/487/425 1250/488/426 1246/483/421 1245/482/420
f 93/456/393 1230/457/394 1247/484/422 365/485/423
f 1230/457/394 1234/461/398 1248/486/424 1247/484/422
f 1234/461/398 1238/465/402 1249/487/425 1248/486/424
f 1238/465/402 92/469/406 1250/488/426 1249/487/425
f 369/492/430 1251/491/429 378/490/428 59/489/427
f 1251/491/429 1252/494/432 379/493/431 378/490/428
f 1252/494/432 1253/496/434 380/495/433 379/493/431
f 1253/496/434 1254/498/436 95/497/435 380/495/433
f 370/500/438 1255/499/437 1251/491/429 369/492/430
f 1255/499/437 1256/501/439 1252/494/432 1251/491/429
f 1256/501/439 1257/502/440 1253/496/434 1252/494/432
f 1257/502/440 1258/503/441 1254/498/436 1253/496/434
f 371/505/443 1259/504/442 1255/499/437 370/500/438
f 1259/504/442 1260/506/444 1256/501/439 1255/499/437
f 1260/506/444 1261/507/445 1257/502/440 1256/501/439
f 1261/507/445 1262/508/446 1258/503/441 1257/502/440
f 94/477/415 1242/478/416 1259/504/442 371/505/443
f 1242/478/416 1246/483/421 1260/506/444 1259/504/442
f 1246/483/421 1250/488/426 1261/507/445 1260/506/444
f 1250/488/426 92/469/406 1262/508/446 1261/507/445
f 375/510/448 1263/509/447 351/421/358 60/418/355
f 1263/509/447 1264/511/449 352/429/366 351/421/358
f 1264/511/449 1265/512/450 353/434/371 352/429/366
f 1265/512/450 1266/466/403 90/406/343 353/434/371
f 376/514/452 1267/513/451 1263/509/447 375/510/448
f 1267/513/451 1268/515/453 1264/511/449 1263/509/447
f 1268/515/453 1269/516/454 1265/512/450 1264/511/449
f 1269/516/454 1270/467/404 1266/466/403 1265/512/450
f 377/518/456 1271/517/455 1267/513/451 376/514/452
f 1271/517/455 1272/519/457 1268/515/453 1267/513/451
f 1272/519/457 1273/520/458 1269/516/454 1268/515/453
f 1273/520/458 1274/468/405 1270/467/404 1269/516/454
f 95/497/435 1254/498/436 1271/517/455 377/518/456
f 1254/498/436 1258/503/441 1272/519/457 1271/517/455
f 1258/503/441 1262/508/446 1273/520/458 1272/519/457
f 1262/508/446 92/469/406 1274/468/405 1273/520/458
f 372/470/408 1275/522/460 384/521/459 13/33/407
f 1275/522/460 1276/524/462 385/523/461 384/521/459
f 1276/524/462 1277/526/464 386/525/463 385/523/461
f 1277/526/464 1278/528/466 97/527/465 386/525/463
f 373/473/411 1279/529/467 1275/522/460 372/470/408
f 1279/529/467 1280/530/468 1276/524/462 1275/522/460
f 1280/530/468 1281/531/469 1277/526/464 1276/524/462
f 1281/531/469 1282/532/470 1278/528/466 1277/526/464
f 374/475/413 1283/533/471 1279/529/467 373/473/411
f 1283/533/471 1284/534/472 1280/530/468 1279/529/467
f 1284/534/472 1285/535/473 1281/531/469 1280/530/468
f 1285/535/473 1286/536/474 1282/532/470 1281/531/469
f 94/477/415 1314/537/475 1283/533/471 374/475/413
f 1314/537/475 1318/538/476 1284/534/472 1283/533/471
f 1318/538/476 1322/539/477 1285/535/473 1284/534/472
f 1322/539/477 96/540/478 1286/536/474 1285/535/473
f 381/544/482 1287/543/481 390/542/480 14/541/479
f 1287/543/481 1288/546/484 391/545/483 390/542/480
f 1288/546/484 1289/548/486 392/547/485 391/545/483
f 1289/548/486 1290/550/488 98/549/487 392/547/485
f 382/552/490 1291/551/489 1287/543/481 381/544/482
f 1291/551/489 1292/553/491 1288/546/484 1287/543/481
f 1292/553/491 1293/554/492 1289/548/486 1288/546/484
f 1293/554/492 1294/555/493 1290/550/488 1289/548/486
f 383/557/495 1295/556/494 1291/551/489 382/552/490
f 1295/556/494 1296/558/496 1292/553/491 1291/551/489
f 1296/558/496 1297/559/497 1293/554/492 1292/553/491
f 1297/559/497 1298/560/498 1294/555/493 1293/554/492
f 97/527/465 1278/528/466 1295/556/494 383/557/495
f 1278/528/466 1282/532/470 1296/558/496 1295/556/494
f 1282/532/470 1286/536/474 1297/559/497 1296/558/496
f 1286/536/474 96/540/478 1298/560/498 1297/559/497
f 387/564/502 1299/563/501 396/562/500 58/561/499
f 1299/563/501 1300/566/504 397/565/503 396/562/500
f 1300/566/504 1301/568/506 398/567/505 397/565/503
f 1301/568/506 1302/570/508 99/569/507 398/567/505
f 388/572/510 1303/571/509 1299/563/501 387/564/502
f 1303/571/509 1304/573/511 1300/566/504 1299/563/501
f 1304/573/511 1305/574/512 1301/568/506 1300/566/504
f 1305/574/512 1306/575/513 1302/570/508 1301/568/506
f 389/577/515 1307/576/514 1303/571/509 388/572/510
f 1307/576/514 1308/578/516 1304/573/511 1303/571/509
f 1308/578/516 1309/579/517 1305/574/512 1304/573/511
f 1309/579/517 1310/580/518 1306/575/513 1305/574/512
f 98/549/487 1290/550/488 1307/576/514 389/577/515
f 1290/550/488 1294/555/493 1308/578/516 1307/576/514
f 1294/555/493 1298/560/498 1309/579/517 1308/578/516
f 1298/560/498 96/540/478 1310/580/518 1309/579/517
f 393/582/520 1311/581/519 369/492/430 59/489/427
f 1311/581/519 1312/583/521 370/500/438 369/492/430
f 1312/583/521 1313/584/522 371/505/443 370/500/438
f 1313/584/522 1314/537/475 94/477/415 371/505/443
f 394/586/524 1315/585/523 1311/581/519 393/582/520
f 1315/585/523 1316/587/525 1312/583/521 1311/581/519
f 1316/587/525 1317/588/526 1313/584/522 1312/583/521
f 1317/588/526 1318/538/476 1314/537/475 1313/584/522
f 395/590/528 1319/589/527 1315/585/523 394/586/524
f 1319/589/527 1320/591/529 1316/587/525 1315/585/523
f 1320/591/529 1321/592/530 1317/588/526 1316/587/525
f 1321/592/530 1322/539/477 1318/538/476 1317/588/526
f 99/569/507 1302/570/508 1319/589/527 395/590/528
f 1302/570/508 1306/575/513 1320/591/529 1319/589/527
f 1306/575/513 1310/580/518 1321/592/530 1320/591/529
f 1310/580/518 96/540/478 1322/539/477 1321/592/530
f 390/542/480 1323/594/532 402/593/531 14/541/479
f 1323/594/532 1324/596/534 403/595/533 402/593/531
f 1324/596/534 1325/598/536 404/597/535 403/595/533
f 1325/598/536 1326/600/538 101/599/537 404/597/535
f 391/545/483 1327/601/539 1323/594/532 390/542/480
f 1327/601/539 1328/602/540 1324/596/534 1323/594/532
f 1328/602/540 1329/603/541 1325/598/536 1324/596/534
f 1329/603/541 1330/604/542 1326/600/538 1325/598/536
f 392/547/485 1331/605/543 1327/601/539 391/545/483
f 1331/605/543 1332/606/544 1328/602/540 1327/601/539
f 1332/606/544 1333/607/545 1329/603/541 1328/602/540
f 1333/607/545 1334/608/546 1330/604/542 1329/603/541
f 98/549/487 1362/609/547 1331/605/543 392/547/485
f 1362/609/547 1366/610/548 1332/606/544 1331/605/543
f 1366/610/548 1370/611/549 1333/607/545 1332/606/544
f 1370/611/549 100/612/550 1334/608/546 1333/607/545
f 399/616/554 1335/615/553 408/614/552 15/613/551
f 1335/615/553 1336/618/556 409/617/555 408/614/552
f 1336/618/556 1337/620/558 410/619/557 409/617/555
f 1337/620/558 1338/622/560 102/621/559 410/619/557
f 400/624/562 1339/623/561 1335/615/553 399/616/554
f 1339/623/561 1340/625/563 1336/618/556 1335/615/553
f 1340/625/563 1341/626/564 1337/620/558 1336/618/556
f 1341/626/564 1342/627/565 1338/622/560 1337/620/558
f 401/629/567 1343/628/566 1339/623/561 400/624/562
f 1343/628/566 1344/630/568 1340/625/563 1339/623/561
f 1344/630/568 1345/631/569 1341/626/564 1340/625/563
f 1345/631/569 1346/632/570 1342/627/565 1341/626/564
f 101/599/537 1326/600/538 1343/628/566 401/629/567
f 1326/600/538 1330/604/542 1344/630/568 1343/628/566
f 1330/604/542 1334/608/546 1345/631/569 1344/630/568
f 1334/608/546 100/612/550 1346/632/570 1345/631/569
f 405/636/574 1347/635/573 414/634/572 57/633/571
f 1347/635/573 1348/638/576 415/637/575 414/634/572
f 1348/638/576 1349/640/578 416/639/577 415/637/575
f 1349/640/578 1350/642/580 103/641/579 416/639/577
f 406/644/582 1351/643/581 1347/635/573 405/636/574
f 1351/643/581 1352/645/583 1348/638/576 1347/635/573
f 1352/645/583 1353/646/584 1349/640/578 1348/638/576
f 1353/646/584 1354/647/585 1350/642/580 1349/640/578
f 407/649/587 1355/648/586 1351/643/581 406/644/582
f 1355/648/586 1356/650/588 1352/645/583 1351/643/581
f 1356/650/588 1357/651/589 1353/646/584 1352/645/583
f 1357/651/589 1358/652/590 1354/647/585 1353/646/584
f 102/621/559 1338/622/560 1355/648/586 407/649/587
f 1338/622/560 1342/627/565 1356/650/588 1355/648/586
f 1342/627/565 1346/632/570 1357/651/589 1356/650/588
f 1346/632/570 100/612/550 1358/652/590 1357/651/589
f 411/654/592 1359/653/591 387/564/502 58/561/499
f 1359/653/591 1360/655/593 388/572/510 387/564/502
f 1360/655/593 1361/656/594 389/577/515 388/572/510
f 1361/656/594 1362/609/547 98/549/487 389/577/515
f 412/658/596 1363/657/595 1359/653/591 411/654/592
f 1363/657/595 1364/659/597 1360/655/593 1359/653/591
f 1364/659/597 1365/660/598 1361/656/594 1360/655/593
f 1365/660/598 1366/610/548 1362/609/547 1361/656/594
f 413/662/600 1367/661/599 1363/657/595 412/658/596
f 1367/661/599 1368/663/601 1364/659/597 1363/657/595
f 1368/663/601 1369/664/602 1365/660/598 1364/659/597
f 1369/664/602 1370/611/549 1366/610/548 1365/660/598
f 103/641/579 1350/642/580 1367/661/599 413/662/600
f 1350/642/580 1354/647/585 1368/663/601 1367/661/599
f 1354/647/585 1358/652/590 1369/664/602 1368/663/601
f 1358/652/590 100/612/550 1370/611/549 1369/664/602
f 408/614/552 1371/666/604 420/665/603 15/613/551
f 1371/666/604 1372/668/606 421/667/605 420/665/603
f 1372/668/606 1373/670/608 422/669/607 421/667/605
f 1373/670/608 1374/672/610 105/671/609 422/669/607
f 409/617/555 1375/673/611 1371/666/604 408/614/552
f 1375/673/611 1376/674/612 1372/668/606 1371/666/604
f 1376/674/612 1377/675/613 1373/670/608 1372/668/606
f 1377/675/613 1378/676/614 1374/672/610 1373/670/608
f 410/619/557 1379/677/615 1375/673/611 409/617/555
f 1379/677/615 1380/678/616 1376/674/612 1375/673/611
f 1380/678/616 1381/679/617 1377/675/613 1376/674/612
f 1381/679/617 1382/680/618 1378/676/614 1377/675/613
f 102/621/559 1410/681/619 1379/677/615 410/619/557
f 1410/681/619 1414/682/620 1380/678/616 1379/677/615
f 1414/682/620 1418/683/621 1381/679/617 1380/678/616
f 1418/683/621 104/684/622 1382/680/618 1381/679/617
f 417/688/626 1383/687/625 426/686/624 10/685/623
f 1383/687/625 1384/690/628 427/689/627 426/686/624
f 1384/690/628 1385/692/630 428/691/629 427/689/627
f 1385/692/630 1386/694/632 106/693/631 428/691/629
f 418/696/634 1387/695/633 1383/687/625 417/688/626
f 1387/695/633 1388/697/635 1384/690/628 1383/687/625
f 1388/697/635 1389/698/636 1385/692/630 1384/690/628
f 1389/698/636 1390/699/637 1386/694/632 1385/692/630
f 419/701/639 1391/700/638 1387/695/633 418/696/634
f 1391/700/638 1392/702/640 1388/697/635 1387/695/633
f 1392/702/640 1393/703/641 1389/698/636 1388/697/635
f 1393/703/641 1394/704/642 1390/699/637 1389/698/636
f 105/671/609 1374/672/610 1391/700/638 419/701/639
f 1374/672/610 1378/676/614 1392/702/640 1391/700/638
f 1378/676/614 1382/680/618 1393/703/641 1392/702/640
f 1382/680/618 104/684/622 1394/704/642 1393/703/641
f 423/708/646 1395/707/645 432/706/644 64/705/643
f 1395/707/645 1396/710/648 433/709/647 432/706/644
f 1396/710/648 1397/712/650 434/711/649 433/709/647
f 1397/712/650 1398/714/652 107/713/651 434/711/649
f 424/716/654 1399/715/653 1395/707/645 423/708/646
f 1399/715/653 1400/717/655 1396/710/648 1395/707/645
f 1400/717/655 1401/718/656 1397/712/650 1396/710/648
f 1401/718/656 1402/719/657 1398/714/652 1397/712/650
f 425/721/659 1403/720/658 1399/715/653 424/716/654
f 1403/720/658 1404/722/660 1400/717/655 1399/715/653
f 1404/722/660 1405/723/661 1401/718/656 1400/717/655
f 1405/723/661 1406/724/662 1402/719/657 1401/718/656
f 106/693/631 1386/694/632 1403/720/658 425/721/659
f 1386/694/632 1390/699/637 1404/722/660 1403/720/658
f 1390/699/637 1394/704/642 1405/723/661 1404/722/660
f 1394/704/642 104/684/622 1406/724/662 1405/723/661
f 429/726/664 1407/725/663 405/636/574 57/633/571
f 1407/725/663 1408/727/665 406/644/582 405/636/574
f 1408/727/665 1409/728/666 407/649/587 406/644/582
f 1409/728/666 1410/681/619 102/621/559 407/649/587
f 430/730/668 1411/729/667 1407/725/663 429/726/664
f 1411/729/667 1412/731/669 1408/727/665 1407/725/663
f 1412/731/669 1413/732/670 1409/728/666 1408/727/665
f 1413/732/670 1414/682/620 1410/681/619 1409/728/666
f 431/734/672 1415/733/671 1411/729/667 430/730/668
f 1415/733/671 1416/735/673 1412/731/669 1411/729/667
f 1416/735/673 1417/736/674 1413/732/670 1412/731/669
f 1417/736/674 1418/683/621 1414/682/620 1413/732/670
f 107/713/651 1398/714/652 1415/733/671 431/734/672
f 1398/714/652 1402/719/657 1416/735/673 1415/733/671
f 1402/719/657 1406/724/662 1417/736/674 1416/735/673
f 1406/724/662 104/684/622 1418/683/621 1417/736/674
f 426/686/624 1419/738/676 438/737/675 10/685/623
f 1419/738/676 1420/740/678 439/739/677 438/737/675
f 1420/740/678 1421/742/680 440/741/679 439/739/677
f 1421/742/680 1422/744/682 109/743/681 440/741/679
f 427/689/627 1423/745/683 1419/738/676 426/686/624
f 1423/745/683 1424/746/684 1420/740/678 1419/738/676
f 1424/746/684 1425/747/685 1421/742/680 1420/740/678
f 1425/747/685 1426/748/686 1422/744/682 1421/742/680
f 428/691/629 1427/749/687 1423/745/683 427/689/627
f 1427/749/687 1428/750/688 1424/746/684 1423/745/683
f 1428/750/688 1429/751/689 1425/747/685 1424/746/684
f 1429/751/689 1430/752/690 1426/748/686 1425/747/685
f 106/693/631 1458/753/691 1427/749/687 428/691/629
f 1458/753/691 1462/754/692 1428/750/688 1427/749/687
f 1462/754/692 1466/755/693 1429/751/689 1428/750/688
f 1466/755/693 108/756/694 1430/752/690 1429/751/689
f 435/760/696 1431/759/695 303/758/165 1/757/162
f 1431/759/695 1432/762/697 304/761/173 303/758/165
f 1432/762/697 1433/764/698 305/763/178 304/761/173
f 1433/764/698 1434/766/699 80/765/183 305/763/178
f 436/768/701 1435/767/700 1431/759/695 435/760/696
f 1435/767/700 1436/769/702 1432/762/697 1431/759/695
f 1436/769/702 1437/770/703 1433/764/698 1432/762/697
f 1437/770/703 1438/771/704 1434/766/699 1433/764/698
f 437/773/706 1439/772/705 1435/767/700 436/768/701
f 1439/772/705 1440/774/707 1436/769/702 1435/767/700
f 1440/774/707 1441/775/708 1437/770/703 1436/769/702
f 1441/775/708 1442/776/709 1438/771/704 1437/770/703
f 109/743/681 1422/744/682 1439/772/705 437/773/706
f 1422/744/682 1426/748/686 1440/774/707 1439/772/705
f 1426/748/686 1430/752/690 1441/775/708 1440/774/707
f 1430/752/690 108/756/694 1442/776/709 1441/775/708
f 306/780/228 1443/779/711 444/778/710 63/777/227
f 1443/779/711 1444/782/713 445/781/712 444/778/710
f 1444/782/713 1445/784/715 446/783/714 445/781/712
f 1445/784/715 1446/786/717 110/785/716 446/783/714
f 307/788/231 1447/787/718 1443/779/711 306/780/228
f 1447/787/718 1448/789/719 1444/782/713 1443/779/711
f 1448/789/719 1449/790/720 1445/784/715 1444/782/713
f 1449/790/720 1450/791/721 1446/786/717 1445/784/715
f 308/793/233 1451/792/722 1447/787/718 307/788/231
f 1451/792/722 1452/794/723 1448/789/719 1447/787/718
f 1452/794/723 1453/795/724 1449/790/720 1448/789/719
f 1453/795/724 1454/796/725 1450/791/721 1449/790/720
f 80/765/183 1434/766/699 1451/792/722 308/793/233
f 1434/766/699 1438/771/704 1452/794/723 1451/792/722
f 1438/771/704 1442/776/709 1453/795/724 1452/794/723
f 1442/776/709 108/756/694 1454/796/725 1453/795/724
f 441/798/727 1455/797/726 423/708/646 64/705/643
f 1455/797/726 1456/799/728 424/716/654 423/708/646
f 1456/799/728 1457/800/729 425/721/659 424/716/654
f 1457/800/729 1458/753/691 106/693/631 425/721/659
f 442/802/731 1459/801/730 1455/797/726 441/798/727
f 1459/801/730 1460/803/732 1456/799/728 1455/797/726
f 1460/803/732 1461/804/733 1457/800/729 1456/799/728
f 1461/804/733 1462/754/692 1458/753/691 1457/800/729
f 443/806/735 1463/805/734 1459/801/730 442/802/731
f 1463/805/734 1464/807/736 1460/803/732 1459/801/730
f 1464/807/736 1465/808/737 1461/804/733 1460/803/732
f 1465/808/737 1466/755/693 1462/754/692 1461/804/733
f 110/785/716 1446/786/717 1463/805/734 443/806/735
f 1446/786/717 1450/791/721 1464/807/736 1463/805/734
f 1450/791/721 1454/796/725 1465/808/737 1464/807/736
f 1454/796/725 108/756/694 1466/755/693 1465/808/737
f 447/811/739 1467/810/738 297/809/149 56/199/146
f 1467/810/738 1468/813/740 298/812/155 297/809/149
f 1468/813/740 1469/815/741 299/814/159 298/812/155
f 1469/815/741 1470/817/742 78/816/134 299/814/159
f 448/819/744 1471/818/743 1467/810/738 447/811/739
f 1471/818/743 1472/820/745 1468/813/740 1467/810/738
f 1472/820/745 1473/821/746 1469/815/741 1468/813/740
f 1473/821/746 1474/822/747 1470/817/742 1469/815/741
f 449/824/749 1475/823/748 1471/818/743 448/819/744
f 1475/823/748 1476/825/750 1472/820/745 1471/818/743
f 1476/825/750 1477/826/751 1473/821/746 1472/820/745
f 1477/826/751 1478/827/752 1474/822/747 1473/821/746
f 112/829/754 1506/828/753 1475/823/748 449/824/749
f 1506/828/753 1510/830/755 1476/825/750 1475/823/748
f 1510/830/755 1514/831/756 1477/826/751 1476/825/750
f 1514/831/756 111/32/757 1478/827/752 1477/826/751
f 300/834/127 1479/833/759 456/832/758 55/33/126
f 1479/833/759 1480/836/761 457/835/760 456/832/758
f 1480/836/761 1481/838/763 458/837/762 457/835/760
f 1481/838/763 1482/840/765 113/839/764 458/837/762
f 301/842/130 1483/841/766 1479/833/759 300/834/127
f 1483/841/766 1484/843/767 1480/836/761 1479/833/759
f 1484/843/767 1485/844/768 1481/838/763 1480/836/761
f 1485/844/768 1486/845/769 1482/840/765 1481/838/763
f 302/847/132 1487/846/770 1483/841/766 301/842/130
f 1487/846/770 1488/848/771 1484/843/767 1483/841/766
f 1488/848/771 1489/849/772 1485/844/768 1484/843/767
f 1489/849/772 1490/850/773 1486/845/769 1485/844/768
f 78/816/134 1470/817/742 1487/846/770 302/847/132
f 1470/817/742 1474/822/747 1488/848/771 1487/846/770
f 1474/822/747 1478/827/752 1489/849/772 1488/848/771
f 1478/827/752 111/32/757 1490/850/773 1489/849/772
f 453/853/777 1491/852/776 462/851/775 8/92/774
f 1491/852/776 1492/855/779 463/854/778 462/851/775
f 1492/855/779 1493/857/781 464/856/780 463/854/778
f 1493/857/781 1494/859/783 114/858/782 464/856/780
f 454/861/785 1495/860/784 1491/852/776 453/853/777
f 1495/860/784 1496/862/786 1492/855/779 1491/852/776
f 1496/862/786 1497/863/787 1493/857/781 1492/855/779
f 1497/863/787 1498/864/788 1494/859/783 1493/857/781
f 455/866/790 1499/865/789 1495/860/784 454/861/785
f 1499/865/789 1500/867/791 1496/862/786 1495/860/784
f 1500/867/791 1501/868/792 1497/863/787 1496/862/786
f 1501/868/792 1502/869/793 1498/864/788 1497/863/787
f 113/839/764 1482/840/765 1499/865/789 455/866/790
f 1482/840/765 1486/845/769 1500/867/791 1499/865/789
f 1486/845/769 1490/850/773 1501/868/792 1500/867/791
f 1490/850/773 111/32/757 1502/869/793 1501/868/792
f 459/872/797 1503/871/796 450/870/795 17/146/794
f 1503/871/796 1504/874/799 451/873/798 450/870/795
f 1504/874/799 1505/876/801 452/875/800 451/873/798
f 1505/876/801 1506/828/753 112/829/754 452/875/800
f 460/878/803 1507/877/802 1503/871/796 459/872/797
f 1507/877/802 1508/879/804 1504/874/799 1503/871/796
f 1508/879/804 1509/880/805 1505/876/801 1504/874/799
f 1509/880/805 1510/830/755 1506/828/753 1505/876/801
f 461/882/807 1511/881/806 1507/877/802 460/878/803
f 1511/881/806 1512/883/808 1508/879/804 1507/877/802
f 1512/883/808 1513/884/809 1509/880/805 1508/879/804
f 1513/884/809 1514/831/756 1510/830/755 1509/880/805
f 114/858/782 1494/859/783 1511/881/806 461/882/807
f 1494/859/783 1498/864/788 1512/883/808 1511/881/806
f 1498/864/788 1502/869/793 1513/884/809 1512/883/808
f 1502/869/793 111/32/757 1514/831/756 1513/884/809
f 465/888/811 1515/887/810 459/886/797 17/885/794
f 1515/887/810 1516/890/812 460/889/803 459/886/797
f 1516/890/812 1517/892/813 461/891/807 460/889/803
f 1517/892/813 1518/894/814 114/893/782 461/891/807
f 466/896/816 1519/895/815 1515/887/810 465/888/811
f 1519/895/815 1520/897/817 1516/890/812 1515/887/810
f 1520/897/817 1521/898/818 1517/892/813 1516/890/812
f 1521/898/818 1522/899/819 1518/894/814 1517/892/813
f 467/901/821 1523/900/820 1519/895/815 466/896/816
f 1523/900/820 1524/902/822 1520/897/817 1519/895/815
f 1524/902/822 1525/903/823 1521/898/818 1520/897/817
f 1525/903/823 1526/904/824 1522/899/819 1521/898/818
f 116/906/826 1554/905/825 1523/900/820 467/901/821
f 1554/905/825 1558/907/827 1524/902/822 1523/900/820
f 1558/907/827 1562/908/828 1525/903/823 1524/902/822
f 1562/908/828 115/909/829 1526/904/824 1525/903/823
f 462/913/775 1527/912/831 474/911/830 8/910/774
f 1527/912/831 1528/915/833 475/914/832 474/911/830
f 1528/915/833 1529/917/835 476/916/834 475/914/832
f 1529/917/835 1530/919/837 117/918/836 476/916/834
f 463/921/778 1531/920/838 1527/912/831 462/913/775
f 1531/920/838 1532/922/839 1528/915/833 1527/912/831
f 1532/922/839 1533/923/840 1529/917/835 1528/915/833
f 1533/923/840 1534/924/841 1530/919/837 1529/917/835
f 464/926/780 1535/925/842 1531/920/838 463/921/778
f 1535/925/842 1536/927/843 1532/922/839 1531/920/838
f 1536/927/843 1537/928/844 1533/923/840 1532/922/839
f 1537/928/844 1538/929/845 1534/924/841 1533/923/840
f 114/893/782 1518/894/814 1535/925/842 464/926/780
f 1518/894/814 1522/899/819 1536/927/843 1535/925/842
f 1522/899/819 1526/904/824 1537/928/844 1536/927/843
f 1526/904/824 115/909/829 1538/929/845 1537/928/844
f 471/932/849 1539/931/848 480/930/847 24/810/846
f 1539/931/848 1540/934/851 481/933/850 480/930/847
f 1540/934/851 1541/936/853 482/935/852 481/933/850
f 1541/936/853 1542/811/855 118/937/854 482/935/852
f 472/819/857 1543/938/856 1539/931/848 471/932/849
f 1543/938/856 1544/939/858 1540/934/851 1539/931/848
f 1544/939/858 1545/940/859 1541/936/853 1540/934/851
f 1545/940/859 1546/941/860 1542/811/855 1541/936/853
f 473/943/862 1547/942/861 1543/938/856 472/819/857
f 1547/942/861 1548/944/863 1544/939/858 1543/938/856
f 1548/944/863 1549/945/864 1545/940/859 1544/939/858
f 1549/945/864 1550/946/865 1546/941/860 1545/940/859
f 117/918/836 1530/919/837 1547/942/861 473/943/862
f 1530/919/837 1534/924/841 1548/944/863 1547/942/861
f 1534/924/841 1538/929/845 1549/945/864 1548/944/863
f 1538/929/845 115/909/829 1550/946/865 1549/945/864
f 477/949/869 1551/948/868 468/947/867 23/199/866
f 1551/948/868 1552/951/871 469/950/870 468/947/867
f 1552/951/871 1553/953/873 470/952/872 469/950/870
f 1553/953/873 1554/905/825 116/906/826 470/952/872
f 478/955/875 1555/954/874 1551/948/868 477/949/869
f 1555/954/874 1556/956/876 1552/951/871 1551/948/868
f 1556/956/876 1557/957/877 1553/953/873 1552/951/871
f 1557/957/877 1558/907/827 1554/905/825 1553/953/873
f 479/959/879 1559/958/878 1555/954/874 478/955/875
f 1559/958/878 1560/960/880 1556/956/876 1555/954/874
f 1560/960/880 1561/961/881 1557/957/877 1556/956/876
f 1561/961/881 1562/908/828 1558/907/827 1557/957/877
f 118/937/854 1542/811/855 1559/958/878 479/959/879
f 1542/811/855 1546/941/860 1560/960/880 1559/958/878
f 1546/941/860 1550/946/865 1561/961/881 1560/960/880
f 1550/946/865 115/909/829 1562/908/828 1561/961/881
f 456/870/758 1563/962/882 291/147/129 55/146/126
f 1563/962/882 1564/963/883 292/150/137 291/147/129
f 1564/963/883 1565/964/884 293/152/142 292/150/137
f 1565/964/884 1566/965/885 77/154/114 293/152/142
f 457/873/760 1567/966/886 1563/962/882 456/870/758
f 1567/966/886 1568/967/887 1564/963/883 1563/962/882
f 1568/967/887 1569/968/888 1565/964/884 1564/963/883
f 1569/968/888 1570/969/889 1566/965/885 1565/964/884
f 458/875/762 1571/970/890 1567/966/886 457/873/760
f 1571/970/890 1572/971/891 1568/967/887 1567/966/886
f 1572/971/891 1573/972/892 1569/968/888 1568/967/887
f 1573/972/892 1574/973/893 1570/969/889 1569/968/888
f 113/829/764 1602/974/894 1571/970/890 458/875/762
f 1602/974/894 1606/975/895 1572/971/891 1571/970/890
f 1606/975/895 1610/976/896 1573/972/892 1572/971/891
f 1610/976/896 119/977/897 1574/973/893 1573/972/892
f 294/175/107 1575/978/899 486/172/898 54/172/106
f 1575/978/899 1576/979/901 487/172/900 486/172/898
f 1576/979/901 1577/980/903 488/172/902 487/172/900
f 1577/980/903 1578/981/905 120/172/904 488/172/902
f 295/183/110 1579/982/906 1575/978/899 294/175/107
f 1579/982/906 1580/983/907 1576/979/901 1575/978/899
f 1580/983/907 1581/984/908 1577/980/903 1576/979/901
f 1581/984/908 1582/985/909 1578/981/905 1577/980/903
f 296/190/112 1583/987/910 1579/986/906 295/187/110
f 1583/987/910 1584/989/911 1580/988/907 1579/986/906
f 1584/989/911 1585/991/912 1581/990/908 1580/988/907
f 1585/991/912 1586/993/913 1582/992/909 1581/990/908
f 77/154/114 1566/965/885 1583/987/910 296/190/112
f 1566/965/885 1570/969/889 1584/989/911 1583/987/910
f 1570/969/889 1574/973/893 1585/994/912 1584/989/911
f 1574/973/893 119/977/897 1586/995/913 1585/994/912
f 483/172/917 1587/996/916 492/173/915 7/172/914
f 1587/996/916 1588/997/919 493/176/918 492/173/915
f 1588/997/919 1589/998/921 494/178/920 493/176/918
f 1589/998/921 1590/999/923 121/180/922 494/178/920
f 484/172/925 1591/1000/924 1587/996/916 483/172/917
f 1591/1000/924 1592/1001/926 1588/997/919 1587/996/916
f 1592/1001/926 1593/1002/927 1589/998/921 1588/997/919
f 1593/1002/927 1594/1003/928 1590/999/923 1589/998/921
f 485/172/930 1595/1004/929 1591/1000/924 484/172/925
f 1595/1004/929 1596/1005/931 1592/1001/926 1591/1000/924
f 1596/1005/931 1597/1006/932 1593/1002/927 1592/1001/926
f 1597/1006/932 1598/1007/933 1594/1003/928 1593/1002/927
f 120/172/904 1578/981/905 1595/1004/929 485/172/930
f 1578/981/905 1582/992/909 1596/1005/931 1595/1004/929
f 1582/992/909 1586/995/913 1597/1008/932 1596/1005/931
f 1586/995/913 119/977/897 1598/1009/933 1597/1008/932
f 489/202/935 1599/1010/934 453/811/777 8/199/774
f 1599/1010/934 1600/1011/936 454/819/785 453/811/777
f 1600/1011/936 1601/1012/937 455/824/790 454/819/785
f 1601/1012/937 1602/974/894 113/829/764 455/824/790
f 490/208/939 1603/1013/938 1599/1010/934 489/202/935
f 1603/1013/938 1604/1014/940 1600/1011/936 1599/1010/934
f 1604/1014/940 1605/1015/941 1601/1012/937 1600/1011/936
f 1605/1015/941 1606/1016/895 1602/974/894 1601/1012/937
f 491/216/943 1607/1018/942 1603/1017/938 490/213/939
f 1607/1018/942 1608/1020/944 1604/1019/940 1603/1017/938
f 1608/1020/944 1609/1022/945 1605/1021/941 1604/1019/940
f 1609/1022/945 1610/1023/896 1606/975/895 1605/1021/941
f 121/221/922 1590/1024/923 1607/1018/942 491/216/943
f 1590/1024/923 1594/1025/928 1608/1020/944 1607/1018/942
f 1594/1025/928 1598/1009/933 1609/1026/945 1608/1020/944
f 1598/1009/933 119/977/897 1610/976/896 1609/1026/945
f 495/1030/949 1611/1029/948 504/1028/947 65/1027/946
f 1611/1029/948 1612/1032/951 505/1031/950 504/1028/947
f 1612/1032/951 1613/1034/953 506/1033/952 505/1031/950
f 1613/1034/953 1614/1036/955 124/1035/954 506/1033/952
f 496/1038/957 1615/1037/956 1611/1029/948 495/1030/949
f 1615/1037/956 1616/1039/958 1612/1032/951 1611/1029/948
f 1616/1039/958 1617/1040/959 1613/1034/953 1612/1032/951
f 1617/1040/959 1618/1041/960 1614/1036/955 1613/1034/953
f 497/1044/962 1619/1043/961 1615/1037/956 496/1042/957
f 1619/1043/961 1620/1046/963 1616/1045/958 1615/1037/956
f 1620/1046/963 1621/1048/964 1617/1047/959 1616/1045/958
f 1621/1048/964 1622/1050/965 1618/1049/960 1617/1047/959
f 123/1054/967 1638/1053/966 1619/1052/961 497/1051/962
f 1638/1053/966 1642/1056/968 1620/1055/963 1619/1052/961
f 1642/1056/968 1646/1057/969 1621/1048/964 1620/1055/963
f 1646/1057/969 122/1059/970 1622/1058/965 1621/1048/964
f 501/1061/974 1623/1060/973 510/67/972 45/64/971
f 1623/1060/973 1624/1063/976 511/1062/975 510/67/972
f 1624/1063/976 1625/1065/978 512/1064/977 511/1062/975
f 1625/1065/978 1626/1066/980 125/41/979 512/1064/977
f 502/1068/982 1627/1067/981 1623/1060/973 501/1061/974
f 1627/1067/981 1628/1069/983 1624/1063/976 1623/1060/973
f 1628/1069/983 1629/1070/984 1625/1065/978 1624/1063/976
f 1629/1070/984 1630/1071/985 1626/1066/980 1625/1065/978
f 503/1073/987 1631/1072/986 1627/1067/981 502/1068/982
f 1631/1072/986 1632/1074/988 1628/1069/983 1627/1067/981
f 1632/1074/988 1633/1075/989 1629/1070/984 1628/1069/983
f 1633/1075/989 1634/1076/990 1630/1071/985 1629/1070/984
f 124/1078/954 1614/1077/955 1631/1072/986 503/1073/987
f 1614/1077/955 1618/1049/960 1632/1074/988 1631/1072/986
f 1618/1049/960 1622/1058/965 1633/1075/989 1632/1074/988
f 1622/1058/965 122/1059/970 1634/1076/990 1633/1075/989
f 507/34/994 1635/1080/993 498/1079/992 44/33/991
f 1635/1080/993 1636/1082/996 499/1081/995 498/1079/992
f 1636/1082/996 1637/1084/998 500/1083/997 499/1081/995
f 1637/1084/998 1638/1085/966 123/1054/967 500/1083/997
f 508/1087/1000 1639/1086/999 1635/1080/993 507/34/994
f 1639/1086/999 1640/1088/1001 1636/1082/996 1635/1080/993
f 1640/1088/1001 1641/1090/1002 1637/1089/998 1636/1082/996
f 1641/1090/1002 1642/1091/968 1638/1053/966 1637/1089/998
f 509/39/1004 1643/1093/1003 1639/1092/999 508/37/1000
f 1643/1093/1003 1644/1094/1005 1640/1088/1001 1639/1092/999
f 1644/1094/1005 1645/1096/1006 1641/1095/1002 1640/1088/1001
f 1645/1096/1006 1646/1057/969 1642/1056/968 1641/1095/1002
f 125/41/979 1626/1066/980 1643/1093/1003 509/39/1004
f 1626/1066/980 1630/1071/985 1644/1094/1005 1643/1093/1003
f 1630/1071/985 1634/1076/990 1645/1096/1006 1644/1094/1005
f 1634/1076/990 122/1059/970 1646/1057/969 1645/1096/1006
f 513/1098/1010 1647/1097/1009 522/120/1008 47/117/1007
f 1647/1097/1009 1648/1099/1012 523/128/1011 522/120/1008
f 1648/1099/1012 1649/1100/1014 524/138/1013 523/128/1011
f 1649/1100/1014 1650/1101/1016 128/100/1015 524/138/1013
f 514/1103/1018 1651/1102/1017 1647/1097/1009 513/1098/1010
f 1651/1102/1017 1652/1104/1019 1648/1099/1012 1647/1097/1009
f 1652/1104/1019 1653/1106/1020 1649/1105/1014 1648/1099/1012
f 1653/1106/1020 1654/1108/1021 1650/1107/1016 1649/1105/1014
f 515/1110/1023 1655/1109/1022 1651/1102/1017 514/1103/1018
f 1655/1109/1022 1656/1111/1024 1652/1104/1019 1651/1102/1017
f 1656/1111/1024 1657/1112/1025 1653/1106/1020 1652/1104/1019
f 1657/1112/1025 1658/1113/1026 1654/1108/1021 1653/1106/1020
f 127/1115/1028 1674/1114/1027 1655/1109/1022 515/1110/1023
f 1674/1114/1027 1678/1117/1029 1656/1116/1024 1655/1109/1022
f 1678/1117/1029 1682/1119/1030 1657/1118/1025 1656/1116/1024
f 1682/1119/1030 126/1121/1031 1658/1120/1026 1657/1118/1025
f 519/93/1035 1659/1123/1034 528/1122/1033 46/92/1032
f 1659/1123/1034 1660/1125/1037 529/1124/1036 528/1122/1033
f 1660/1125/1037 1661/1127/1039 530/1126/1038 529/1124/1036
f 1661/1127/1039 1662/1129/1041 129/1128/1040 530/1126/1038
f 520/96/1043 1663/1130/1042 1659/1123/1034 519/93/1035
f 1663/1130/1042 1664/1132/1044 1660/1131/1037 1659/1123/1034
f 1664/1132/1044 1665/1134/1045 1661/1133/1039 1660/1131/1037
f 1665/1134/1045 1666/1136/1046 1662/1135/1041 1661/1133/1039
f 521/98/1048 1667/1137/1047 1663/1130/1042 520/96/1043
f 1667/1137/1047 1668/1139/1049 1664/1138/1044 1663/1130/1042
f 1668/1139/1049 1669/1140/1050 1665/1134/1045 1664/1138/1044
f 1669/1140/1050 1670/1141/1051 1666/1136/1046 1665/1134/1045
f 128/140/1015 1650/1107/1016 1667/1137/1047 521/98/1048
f 1650/1107/1016 1654/1143/1021 1668/1142/1049 1667/1137/1047
f 1654/1143/1021 1658/1120/1026 1669/1144/1050 1668/1142/1049
f 1658/1120/1026 126/1121/1031 1670/1145/1051 1669/1144/1050
f 525/1148/1054 1671/1147/1053 516/1146/1052 65/1027/946
f 1671/1147/1053 1672/1150/1056 517/1149/1055 516/1146/1052
f 1672/1150/1056 1673/1152/1058 518/1151/1057 517/1149/1055
f 1673/1152/1058 1674/1114/1027 127/1153/1028 518/1151/1057
f 526/1155/1060 1675/1154/1059 1671/1147/1053 525/1148/1054
f 1675/1154/1059 1676/1156/1061 1672/1150/1056 1671/1147/1053
f 1676/1156/1061 1677/1157/1062 1673/1152/1058 1672/1150/1056
f 1677/1157/1062 1678/1158/1029 1674/1114/1027 1673/1152/1058
f 527/1161/1064 1679/1160/1063 1675/1154/1059 526/1159/1060
f 1679/1160/1063 1680/1162/1065 1676/1156/1061 1675/1154/1059
f 1680/1162/1065 1681/1164/1066 1677/1163/1062 1676/1156/1061
f 1681/1164/1066 1682/1165/1030 1678/1158/1029 1677/1163/1062
f 129/1128/1040 1662/1135/1041 1679/1167/1063 527/1166/1064
f 1662/1135/1041 1666/1136/1046 1680/1162/1065 1679/1167/1063
f 1666/1136/1046 1670/1145/1051 1681/1164/1066 1680/1162/1065
f 1670/1145/1051 126/1121/1031 1682/1165/1030 1681/1164/1066
f 528/1122/1033 1683/1168/1068 534/95/1067 46/92/1032
f 1683/1168/1068 1684/1169/1070 535/108/1069 534/95/1067
f 1684/1169/1070 1685/1170/1072 536/110/1071 535/108/1069
f 1685/1170/1072 1686/1171/1074 131/72/1073 536/110/1071
f 529/1124/1036 1687/1172/1075 1683/1168/1068 528/1122/1033
f 1687/1172/1075 1688/1173/1076 1684/1169/1070 1683/1168/1068
f 1688/1173/1076 1689/1174/1077 1685/1170/1072 1684/1169/1070
f 1689/1174/1077 1690/1175/1078 1686/1171/1074 1685/1170/1072
f 530/1126/1038 1691/1176/1079 1687/1172/1075 529/1124/1036
f 1691/1176/1079 1692/1178/1080 1688/1177/1076 1687/1172/1075
f 1692/1178/1080 1693/1180/1081 1689/1179/1077 1688/1177/1076
f 1693/1180/1081 1694/1182/1082 1690/1181/1078 1689/1179/1077
f 129/1128/1040 1710/1184/1083 1691/1183/1079 530/1126/1038
f 1710/1184/1083 1714/1185/1084 1692/1178/1080 1691/1183/1079
f 1714/1185/1084 1718/1186/1085 1693/1180/1081 1692/1178/1080
f 1718/1186/1085 130/1187/1086 1694/1182/1082 1693/1180/1081
f 531/65/1088 1695/1188/1087 501/1061/974 45/64/971
f 1695/1188/1087 1696/1190/1089 502/1189/982 501/1061/974
f 1696/1190/1089 1697/1192/1090 503/1191/987 502/1189/982
f 1697/1192/1090 1698/1193/1091 124/1035/954 503/1191/987
f 532/68/1093 1699/1194/1092 1695/1188/1087 531/65/1088
f 1699/1194/1092 1700/1196/1094 1696/1195/1089 1695/1188/1087
f 1700/1196/1094 1701/1198/1095 1697/1197/1090 1696/1195/1089
f 1701/1198/1095 1702/1200/1096 1698/1199/1091 1697/1197/1090
f 533/1203/1098 1703/1202/1097 1699/1201/1092 532/68/1093
f 1703/1202/1097 1704/1204/1099 1700/1196/1094 1699/1201/1092
f 1704/1204/1099 1705/1206/1100 1701/1205/1095 1700/1196/1094
f 1705/1206/1100 1706/1207/1101 1702/1200/1096 1701/1205/1095
f 131/72/1073 1686/1171/1074 1703/1208/1097 533/70/1098
f 1686/1171/1074 1690/1181/1078 1704/1209/1099 1703/1208/1097
f 1690/1181/1078 1694/1182/1082 1705/1206/1100 1704/1209/1099
f 1694/1182/1082 130/1187/1086 1706/1207/1101 1705/1206/1100
f 504/1028/947 1707/1210/1102 525/1148/1054 65/1027/946
f 1707/1210/1102 1708/1211/1103 526/1159/1060 525/1148/1054
f 1708/1211/1103 1709/1212/1104 527/1166/1064 526/1159/1060
f 1709/1212/1104 1710/1184/1083 129/1128/1040 527/1166/1064
f 505/1214/950 1711/1213/1105 1707/1210/1102 504/1028/947
f 1711/1213/1105 1712/1215/1106 1708/1211/1103 1707/1210/1102
f 1712/1215/1106 1713/1216/1107 1709/1212/1104 1708/1211/1103
f 1713/1216/1107 1714/1217/1084 1710/1184/1083 1709/1212/1104
f 506/1220/952 1715/1219/1108 1711/1218/1105 505/1031/950
f 1715/1219/1108 1716/1222/1109 1712/1221/1106 1711/1218/1105
f 1716/1222/1109 1717/1224/1110 1713/1223/1107 1712/1221/1106
f 1717/1224/1110 1718/1225/1085 1714/1185/1084 1713/1223/1107
f 124/1078/954 1698/1199/1091 1715/1227/1108 506/1226/952
f 1698/1199/1091 1702/1200/1096 1716/1228/1109 1715/1227/1108
f 1702/1200/1096 1706/1207/1101 1717/1224/1110 1716/1228/1109
f 1706/1207/1101 130/1229/1086 1718/1186/1085 1717/1224/1110
f 537/910/1114 1719/914/1113 546/896/1112 43/885/1111
f 1719/914/1113 1720/918/1116 547/906/1115 546/896/1112
f 1720/918/1116 1721/819/1118 548/950/1117 547/906/1115
f 1721/819/1118 1722/810/1120 134/199/1119 548/950/1117
f 538/1231/1122 1723/1230/1121 1719/914/1113 537/910/1114
f 1723/1230/1121 1724/829/1123 1720/918/1116 1719/914/1113
f 1724/829/1123 1725/823/1124 1721/819/1118 1720/918/1116
f 1725/823/1124 1726/820/1125 1722/810/1120 1721/819/1118
f 539/1232/1127 1727/873/1126 1723/1230/1121 538/1231/1122
f 1727/873/1126 1728/876/1128 1724/829/1123 1723/1230/1121
f 1728/876/1128 1729/830/1129 1725/823/1124 1724/829/1123
f 1729/830/1129 1730/826/1130 1726/820/1125 1725/823/1124
f 133/146/1132 1758/871/1131 1727/873/1126 539/1232/1127
f 1758/871/1131 1762/879/1133 1728/876/1128 1727/873/1126
f 1762/879/1133 1766/884/1134 1729/830/1129 1728/876/1128
f 1766/884/1134 132/32/1135 1730/826/1130 1729/830/1129
f 543/1234/1139 1731/1233/1138 552/685/1137 41/757/1136
f 1731/1233/1138 1732/1235/1141 553/613/1140 552/685/1137
f 1732/1235/1141 1733/842/1143 554/541/1142 553/613/1140
f 1733/842/1143 1734/833/1145 135/33/1144 554/541/1142
f 544/1237/1147 1735/1236/1146 1731/1233/1138 543/1234/1139
f 1735/1236/1146 1736/816/1148 1732/1235/1141 1731/1233/1138
f 1736/816/1148 1737/846/1149 1733/842/1143 1732/1235/1141
f 1737/846/1149 1738/843/1150 1734/833/1145 1733/842/1143
f 545/1238/1152 1739/812/1151 1735/1236/1146 544/1237/1147
f 1739/812/1151 1740/815/1153 1736/816/1148 1735/1236/1146
f 1740/815/1153 1741/822/1154 1737/846/1149 1736/816/1148
f 1741/822/1154 1742/849/1155 1738/843/1150 1737/846/1149
f 134/199/1119 1722/810/1120 1739/812/1151 545/1238/1152
f 1722/810/1120 1726/820/1125 1740/815/1153 1739/812/1151
f 1726/820/1125 1730/826/1130 1741/822/1154 1740/815/1153
f 1730/826/1130 132/32/1135 1742/849/1155 1741/822/1154
f 549/250/1159 1743/1240/1158 558/1239/1157 33/225/1156
f 1743/1240/1158 1744/1242/1161 559/1241/1160 558/1239/1157
f 1744/1242/1161 1745/861/1163 560/1243/1162 559/1241/1160
f 1745/861/1163 1746/852/1165 136/92/1164 560/1243/1162
f 550/326/1167 1747/1244/1166 1743/1240/1158 549/250/1159
f 1747/1244/1166 1748/839/1168 1744/1242/1161 1743/1240/1158
f 1748/839/1168 1749/865/1169 1745/861/1163 1744/1242/1161
f 1749/865/1169 1750/862/1170 1746/852/1165 1745/861/1163
f 551/398/1172 1751/835/1171 1747/1244/1166 550/326/1167
f 1751/835/1171 1752/838/1173 1748/839/1168 1747/1244/1166
f 1752/838/1173 1753/845/1174 1749/865/1169 1748/839/1168
f 1753/845/1174 1754/868/1175 1750/862/1170 1749/865/1169
f 135/33/1144 1734/833/1145 1751/835/1171 551/398/1172
f 1734/833/1145 1738/843/1150 1752/838/1173 1751/835/1171
f 1738/843/1150 1742/849/1155 1753/845/1174 1752/838/1173
f 1742/849/1155 132/32/1135 1754/868/1175 1753/845/1174
f 555/1248/1179 1755/1247/1178 540/1246/1177 35/1245/1176
f 1755/1247/1178 1756/1250/1181 541/1249/1180 540/1246/1177
f 1756/1250/1181 1757/878/1183 542/1251/1182 541/1249/1180
f 1757/878/1183 1758/871/1131 133/146/1132 542/1251/1182
f 556/1253/1185 1759/1252/1184 1755/1247/1178 555/1248/1179
f 1759/1252/1184 1760/858/1186 1756/1250/1181 1755/1247/1178
f 1760/858/1186 1761/881/1187 1757/878/1183 1756/1250/1181
f 1761/881/1187 1762/879/1133 1758/871/1131 1757/878/1183
f 557/1254/1189 1763/854/1188 1759/1252/1184 556/1253/1185
f 1763/854/1188 1764/857/1190 1760/858/1186 1759/1252/1184
f 1764/857/1190 1765/864/1191 1761/881/1187 1760/858/1186
f 1765/864/1191 1766/884/1134 1762/879/1133 1761/881/1187
f 136/92/1164 1746/852/1165 1763/854/1188 557/1254/1189
f 1746/852/1165 1750/862/1170 1764/857/1190 1763/854/1188
f 1750/862/1170 1754/868/1175 1765/864/1191 1764/857/1190
f 1754/868/1175 132/32/1135 1766/884/1134 1765/864/1191
f 561/1257/1195 1767/1256/1194 570/1255/1193 66/9/1192
f 1767/1256/1194 1768/1258/1197 571/10/1196 570/1255/1193
f 1768/1258/1197 1769/1260/1199 572/1259/1198 571/10/1196
f 1769/1260/1199 1770/1261/1201 139/23/1200 572/1259/1198
f 562/53/1203 1771/1262/1202 1767/1256/1194 561/1257/1195
f 1771/1262/1202 1772/1263/1204 1768/1258/1197 1767/1256/1194
f 1772/1263/1204 1773/1264/1205 1769/1260/1199 1768/1258/1197
f 1773/1264/1205 1774/1265/1206 1770/1261/1201 1769/1260/1199
f 563/1267/1208 1775/1266/1207 1771/1262/1202 562/53/1203
f 1775/1266/1207 1776/1269/1209 1772/1268/1204 1771/1262/1202
f 1776/1269/1209 1777/1271/1210 1773/1270/1205 1772/1268/1204
f 1777/1271/1210 1778/1273/1211 1774/1272/1206 1773/1270/1205
f 138/50/1213 1806/1276/1212 1775/1275/1207 563/1274/1208
f 1806/1276/1212 1810/1278/1214 1776/1277/1209 1775/1275/1207
f 1810/1278/1214 1814/1279/1215 1777/1271/1210 1776/1277/1209
f 1814/1279/1215 137/843/1216 1778/1273/1211 1777/1271/1210
f 567/1282/1220 1779/1281/1219 576/1280/1218 69/32/1217
f 1779/1281/1219 1780/1284/1222 577/1283/1221 576/1280/1218
f 1780/1284/1222 1781/1286/1224 578/1285/1223 577/1283/1221
f 1781/1286/1224 1782/1288/1226 140/1287/1225 578/1285/1223
f 568/31/1228 1783/1289/1227 1779/1281/1219 567/1282/1220
f 1783/1289/1227 1784/849/1229 1780/1284/1222 1779/1281/1219
f 1784/849/1229 1785/1290/1230 1781/1286/1224 1780/1284/1222
f 1785/1290/1230 1786/1291/1231 1782/1288/1226 1781/1286/1224
f 569/1293/1233 1787/1292/1232 1783/1289/1227 568/31/1228
f 1787/1292/1232 1788/1294/1234 1784/849/1229 1783/1289/1227
f 1788/1294/1234 1789/1296/1235 1785/1295/1230 1784/849/1229
f 1789/1296/1235 1790/1298/1236 1786/1297/1231 1785/1295/1230
f 139/23/1200 1770/1261/1201 1787/1300/1232 569/1299/1233
f 1770/1261/1201 1774/1272/1206 1788/1294/1234 1787/1300/1232
f 1774/1272/1206 1778/1273/1211 1789/1296/1235 1788/1294/1234
f 1778/1273/1211 137/843/1216 1790/1301/1236 1789/1296/1235
f 573/1303/1238 1791/1302/1237 495/1030/949 65/1027/946
f 1791/1302/1237 1792/1304/1239 496/1042/957 495/1030/949
f 1792/1304/1239 1793/1305/1240 497/1051/962 496/1042/957
f 1793/1305/1240 1794/1306/1241 123/1054/967 497/1051/962
f 574/1308/1243 1795/1307/1242 1791/1302/1237 573/1303/1238
f 1795/1307/1242 1796/1309/1244 1792/1304/1239 1791/1302/1237
f 1796/1309/1244 1797/1310/1245 1793/1305/1240 1792/1304/1239
f 1797/1310/1245 1798/1311/1246 1794/1306/1241 1793/1305/1240
f 575/1315/1248 1799/1314/1247 1795/1313/1242 574/1312/1243
f 1799/1314/1247 1800/1317/1249 1796/1316/1244 1795/1313/1242
f 1800/1317/1249 1801/1318/1250 1797/1310/1245 1796/1316/1244
f 1801/1318/1250 1802/1320/1251 1798/1319/1246 1797/1310/1245
f 140/1287/1225 1782/1288/1226 1799/1322/1247 575/1321/1248
f 1782/1288/1226 1786/1297/1231 1800/1323/1249 1799/1322/1247
f 1786/1297/1231 1790/1301/1236 1801/1324/1250 1800/1323/1249
f 1790/1301/1236 137/843/1216 1802/1325/1251 1801/1324/1250
f 498/1079/992 1803/1327/1253 564/1326/1252 44/33/991
f 1803/1327/1253 1804/1328/1255 565/36/1254 564/1326/1252
f 1804/1328/1255 1805/1330/1257 566/1329/1256 565/36/1254
f 1805/1330/1257 1806/1276/1212 138/50/1213 566/1329/1256
f 499/1332/995 1807/1331/1258 1803/1327/1253 498/1079/992
f 1807/1331/1258 1808/1333/1259 1804/1328/1255 1803/1327/1253
f 1808/1333/1259 1809/1334/1260 1805/1330/1257 1804/1328/1255
f 1809/1334/1260 1810/1335/1214 1806/1276/1212 1805/1330/1257
f 500/1083/997 1811/1337/1261 1807/1336/1258 499/1081/995
f 1811/1337/1261 1812/1338/1262 1808/833/1259 1807/1336/1258
f 1812/1338/1262 1813/1340/1263 1809/1339/1260 1808/833/1259
f 1813/1340/1263 1814/1279/1215 1810/1278/1214 1809/1339/1260
f 123/1054/967 1794/1306/1241 1811/1337/1261 500/1083/997
f 1794/1306/1241 1798/1319/1246 1812/1338/1262 1811/1337/1261
f 1798/1319/1246 1802/1325/1251 1813/1340/1263 1812/1338/1262
f 1802/1325/1251 137/843/1216 1814/1279/1215 1813/1340/1263
f 579/1343/1267 1815/1342/1266 588/1341/1265 42/1/1264
f 1815/1342/1266 1816/1345/1269 589/1344/1268 588/1341/1265
f 1816/1345/1269 1817/1347/1271 590/1346/1270 589/1344/1268
f 1817/1347/1271 1818/1349/1273 143/1348/1272 590/1346/1270
f 580/2/1275 1819/1350/1274 1815/1342/1266 579/1343/1267
f 1819/1350/1274 1820/1351/1276 1816/1345/1269 1815/1342/1266
f 1820/1351/1276 1821/1352/1277 1817/1347/1271 1816/1345/1269
f 1821/1352/1277 1822/1353/1278 1818/1349/1273 1817/1347/1271
f 581/1355/1280 1823/1354/1279 1819/1350/1274 580/2/1275
f 1823/1354/1279 1824/1357/1281 1820/1356/1276 1819/1350/1274
f 1824/1357/1281 1825/1359/1282 1821/1358/1277 1820/1356/1276
f 1825/1359/1282 1826/1361/1283 1822/1360/1278 1821/1358/1277
f 142/5/1285 1854/1364/1284 1823/1363/1279 581/1362/1280
f 1854/1364/1284 1858/1366/1286 1824/1365/1281 1823/1363/1279
f 1858/1366/1286 1862/1367/1287 1825/1359/1282 1824/1365/1281
f 1862/1367/1287 141/1368/1288 1826/1361/1283 1825/1359/1282
f 585/1372/1292 1827/1371/1291 594/1370/1290 67/1369/1289
f 1827/1371/1291 1828/1374/1294 595/1373/1293 594/1370/1290
f 1828/1374/1294 1829/1376/1296 596/1375/1295 595/1373/1293
f 1829/1376/1296 1830/1378/1298 144/1377/1297 596/1375/1295
f 586/1380/1300 1831/1379/1299 1827/1371/1291 585/1372/1292
f 1831/1379/1299 1832/1381/1301 1828/1374/1294 1827/1371/1291
f 1832/1381/1301 1833/1382/1302 1829/1376/1296 1828/1374/1294
f 1833/1382/1302 1834/1383/1303 1830/1378/1298 1829/1376/1296
f 587/1385/1305 1835/1384/1304 1831/1379/1299 586/1380/1300
f 1835/1384/1304 1836/1386/1306 1832/1381/1301 1831/1379/1299
f 1836/1386/1306 1837/1388/1307 1833/1387/1302 1832/1381/1301
f 1837/1388/1307 1838/1390/1308 1834/1389/1303 1833/1387/1302
f 143/1348/1272 1818/1349/1273 1835/1392/1304 587/1391/1305
f 1818/1349/1273 1822/1360/1278 1836/1386/1306 1835/1392/1304
f 1822/1360/1278 1826/1361/1283 1837/1388/1307 1836/1386/1306
f 1826/1361/1283 141/1368/1288 1838/1390/1308 1837/1388/1307
f 591/1394/1310 1839/1393/1309 567/1282/1220 69/32/1217
f 1839/1393/1309 1840/1395/1311 568/31/1228 567/1282/1220
f 1840/1395/1311 1841/1396/1312 569/1299/1233 568/31/1228
f 1841/1396/1312 1842/1397/1313 139/23/1200 569/1299/1233
f 592/1399/1315 1843/1398/1314 1839/1393/1309 591/1394/1310
f 1843/1398/1314 1844/1400/1316 1840/1395/1311 1839/1393/1309
f 1844/1400/1316 1845/1401/1317 1841/1396/1312 1840/1395/1311
f 1845/1401/1317 1846/1402/1318 1842/1397/1313 1841/1396/1312
f 593/1406/1320 1847/1405/1319 1843/1404/1314 592/1403/1315
f 1847/1405/1319 1848/1408/1321 1844/1407/1316 1843/1404/1314
f 1848/1408/1321 1849/1410/1322 1845/1409/1317 1844/1407/1316
f 1849/1410/1322 1850/1412/1323 1846/1411/1318 1845/1409/1317
f 144/1377/1297 1830/1378/1298 1847/1414/1319 593/1413/1320
f 1830/1378/1298 1834/1389/1303 1848/1415/1321 1847/1414/1319
f 1834/1389/1303 1838/1390/1308 1849/1410/1322 1848/1415/1321
f 1838/1390/1308 141/1368/1288 1850/1412/1323 1849/1410/1322
f 570/1255/1193 1851/1417/1325 582/1416/1324 66/9/1192
f 1851/1417/1325 1852/1418/1327 583/7/1326 582/1416/1324
f 1852/1418/1327 1853/1420/1329 584/1419/1328 583/7/1326
f 1853/1420/1329 1854/1364/1284 142/5/1285 584/1419/1328
f 571/10/1196 1855/1421/1330 1851/1417/1325 570/1255/1193
f 1855/1421/1330 1856/1422/1331 1852/1418/1327 1851/1417/1325
f 1856/1422/1331 1857/1423/1332 1853/1420/1329 1852/1418/1327
f 1857/1423/1332 1858/1424/1286 1854/1364/1284 1853/1420/1329
f 572/1426/1198 1859/1425/1333 1855/1421/1330 571/10/1196
f 1859/1425/1333 1860/1427/1334 1856/1422/1331 1855/1421/1330
f 1860/1427/1334 1861/1429/1335 1857/1428/1332 1856/1422/1331
f 1861/1429/1335 1862/1367/1287 1858/1366/1286 1857/1428/1332
f 139/23/1200 1842/1397/1313 1859/1430/1333 572/1259/1198
f 1842/1397/1313 1846/1411/1318 1860/1427/1334 1859/1430/1333
f 1846/1411/1318 1850/1412/1323 1861/1429/1335 1860/1427/1334
f 1850/1412/1323 141/1368/1288 1862/1367/1287 1861/1429/1335
f 594/1370/1290 1863/1432/1337 600/1431/1336 67/1369/1289
f 1863/1432/1337 1864/1434/1339 601/1433/1338 600/1431/1336
f 1864/1434/1339 1865/1436/1341 602/1435/1340 601/1433/1338
f 1865/1436/1341 1866/1438/1343 146/1437/1342 602/1435/1340
f 595/1373/1293 1867/1439/1344 1863/1432/1337 594/1370/1290
f 1867/1439/1344 1868/1440/1345 1864/1434/1339 1863/1432/1337
f 1868/1440/1345 1869/1441/1346 1865/1436/1341 1864/1434/1339
f 1869/1441/1346 1870/1442/1347 1866/1438/1343 1865/1436/1341
f 596/1445/1295 1871/1444/1348 1867/1443/1344 595/1373/1293
f 1871/1444/1348 1872/1447/1349 1868/1446/1345 1867/1443/1344
f 1872/1447/1349 1873/1449/1350 1869/1448/1346 1868/1446/1345
f 1873/1449/1350 1874/1451/1351 1870/1450/1347 1869/1448/1346
f 144/1377/1297 1902/1453/1352 1871/1452/1348 596/1375/1295
f 1902/1453/1352 1906/1455/1353 1872/1454/1349 1871/1452/1348
f 1906/1455/1353 1910/1456/1354 1873/1449/1350 1872/1454/1349
f 1910/1456/1354 145/1457/1355 1874/1451/1351 1873/1449/1350
f 597/1460/1359 1875/1459/1358 606/1458/1357 48/146/1356
f 1875/1459/1358 1876/1461/1361 607/149/1360 606/1458/1357
f 1876/1461/1361 1877/1463/1363 608/1462/1362 607/149/1360
f 1877/1463/1363 1878/1464/1365 147/157/1364 608/1462/1362
f 598/1466/1367 1879/1465/1366 1875/1459/1358 597/1460/1359
f 1879/1465/1366 1880/871/1368 1876/1461/1361 1875/1459/1358
f 1880/871/1368 1881/1467/1369 1877/1463/1363 1876/1461/1361
f 1881/1467/1369 1882/1468/1370 1878/1464/1365 1877/1463/1363
f 599/1470/1372 1883/1469/1371 1879/1465/1366 598/1466/1367
f 1883/1469/1371 1884/1471/1373 1880/871/1368 1879/1465/1366
f 1884/1471/1373 1885/1473/1374 1881/1472/1369 1880/871/1368
f 1885/1473/1374 1886/1475/1375 1882/1474/1370 1881/1472/1369
f 146/1437/1342 1866/1438/1343 1883/1477/1371 599/1476/1372
f 1866/1438/1343 1870/1450/1347 1884/1471/1373 1883/1477/1371
f 1870/1450/1347 1874/1451/1351 1885/1478/1374 1884/1471/1373
f 1874/1451/1351 145/1457/1355 1886/1479/1375 1885/1478/1374
f 603/1482/1379 1887/1481/1378 612/1480/1377 68/125/1376
f 1887/1481/1378 1888/1484/1381 613/1483/1380 612/1480/1377
f 1888/1484/1381 1889/1486/1383 614/1485/1382 613/1483/1380
f 1889/1486/1383 1890/1487/1385 148/131/1384 614/1485/1382
f 604/1489/1387 1891/1488/1386 1887/1481/1378 603/1482/1379
f 1891/1488/1386 1892/1490/1388 1888/1484/1381 1887/1481/1378
f 1892/1490/1388 1893/1491/1389 1889/1486/1383 1888/1484/1381
f 1893/1491/1389 1894/1492/1390 1890/1487/1385 1889/1486/1383
f 605/1495/1392 1895/1494/1391 1891/1493/1386 604/164/1387
f 1895/1494/1391 1896/1497/1393 1892/1496/1388 1891/1493/1386
f 1896/1497/1393 1897/1498/1394 1893/1491/1389 1892/1496/1388
f 1897/1498/1394 1898/1500/1395 1894/1499/1390 1893/1491/1389
f 147/157/1364 1878/1464/1365 1895/1494/1391 605/1495/1392
f 1878/1464/1365 1882/1474/1370 1896/1501/1393 1895/1494/1391
f 1882/1474/1370 1886/1479/1375 1897/1502/1394 1896/1501/1393
f 1886/1479/1375 145/879/1355 1898/1503/1395 1897/1502/1394
f 609/1505/1397 1899/1504/1396 591/1394/1310 69/32/1217
f 1899/1504/1396 1900/1506/1398 592/1403/1315 591/1394/1310
f 1900/1506/1398 1901/1507/1399 593/1413/1320 592/1403/1315
f 1901/1507/1399 1902/1453/1352 144/1377/1297 593/1413/1320
f 610/137/1401 1903/1508/1400 1899/1504/1396 609/1505/1397
f 1903/1508/1400 1904/1509/1402 1900/1506/1398 1899/1504/1396
f 1904/1509/1402 1905/1510/1403 1901/1507/1399 1900/1506/1398
f 1905/1510/1403 1906/1511/1353 1902/1453/1352 1901/1507/1399
f 611/1514/1405 1907/1513/1404 1903/1512/1400 610/144/1401
f 1907/1513/1404 1908/1515/1406 1904/884/1402 1903/1512/1400
f 1908/1515/1406 1909/1517/1407 1905/1516/1403 1904/884/1402
f 1909/1517/1407 1910/1456/1354 1906/1455/1353 1905/1516/1403
f 148/131/1384 1890/1487/1385 1907/1518/1404 611/1514/1405
f 1890/1487/1385 1894/1499/1390 1908/1515/1406 1907/1518/1404
f 1894/1499/1390 1898/1503/1395 1909/1517/1407 1908/1515/1406
f 1898/1503/1395 145/879/1355 1910/1519/1354 1909/1517/1407
f 576/1280/1218 1911/1520/1408 609/1505/1397 69/32/1217
f 1911/1520/1408 1912/1521/1409 610/144/1401 609/1505/1397
f 1912/1521/1409 1913/1522/1410 611/1514/1405 610/144/1401
f 1913/1522/1410 1914/1523/1411 148/131/1384 611/1514/1405
f 577/1525/1221 1915/1524/1412 1911/1520/1408 576/1280/1218
f 1915/1524/1412 1916/1526/1413 1912/1521/1409 1911/1520/1408
f 1916/1526/1413 1917/1527/1414 1913/1522/1410 1912/1521/1409
f 1917/1527/1414 1918/1528/1415 1914/1523/1411 1913/1522/1410
f 578/1285/1223 1919/1530/1416 1915/1529/1412 577/1283/1221
f 1919/1530/1416 1920/1532/1417 1916/1531/1413 1915/1529/1412
f 1920/1532/1417 1921/1533/1418 1917/1527/1414 1916/1531/1413
f 1921/1533/1418 1922/1535/1419 1918/1534/1415 1917/1527/1414
f 140/1287/1225 1950/1537/1420 1919/1536/1416 578/1285/1223
f 1950/1537/1420 1954/1539/1421 1920/1538/1417 1919/1536/1416
f 1954/1539/1421 1958/1541/1422 1921/1540/1418 1920/1538/1417
f 1958/1541/1422 149/1543/1423 1922/1542/1419 1921/1540/1418
f 612/1480/1377 1923/1545/1425 618/1544/1424 68/125/1376
f 1923/1545/1425 1924/1546/1427 619/123/1426 618/1544/1424
f 1924/1546/1427 1925/1548/1429 620/1547/1428 619/123/1426
f 1925/1548/1429 1926/1549/1431 150/121/1430 620/1547/1428
f 613/1551/1380 1927/1550/1432 1923/1545/1425 612/1480/1377
f 1927/1550/1432 1928/1552/1433 1924/1546/1427 1923/1545/1425
f 1928/1552/1433 1929/1553/1434 1925/1548/1429 1924/1546/1427
f 1929/1553/1434 1930/1554/1435 1926/1549/1431 1925/1548/1429
f 614/1485/1382 1931/1555/1436 1927/1550/1432 613/126/1380
f 1931/1555/1436 1932/1557/1437 1928/1556/1433 1927/1550/1432
f 1932/1557/1437 1933/1559/1438 1929/1558/1434 1928/1556/1433
f 1933/1559/1438 1934/1561/1439 1930/1560/1435 1929/1558/1434
f 148/131/1384 1914/1523/1411 1931/1562/1436 614/1485/1382
f 1914/1523/1411 1918/1534/1415 1932/1563/1437 1931/1562/1436
f 1918/1534/1415 1922/1542/1419 1933/1559/1438 1932/1563/1437
f 1922/1542/1419 149/1543/1423 1934/1564/1439 1933/1559/1438
f 615/1567/1441 1935/1566/1440 513/1565/1010 47/117/1007
f 1935/1566/1440 1936/1569/1442 514/1568/1018 513/1565/1010
f 1936/1569/1442 1937/1571/1443 515/1570/1023 514/1568/1018
f 1937/1571/1443 1938/1572/1444 127/1153/1028 515/1570/1023
f 616/118/1446 1939/1574/1445 1935/1573/1440 615/1567/1441
f 1939/1574/1445 1940/1576/1447 1936/1575/1442 1935/1573/1440
f 1940/1576/1447 1941/1577/1448 1937/1571/1443 1936/1575/1442
f 1941/1577/1448 1942/1578/1449 1938/1572/1444 1937/1571/1443
f 617/1580/1451 1943/1579/1450 1939/1574/1445 616/118/1446
f 1943/1579/1450 1944/1582/1452 1940/1581/1447 1939/1574/1445
f 1944/1582/1452 1945/1584/1453 1941/1583/1448 1940/1581/1447
f 1945/1584/1453 1946/1586/1454 1942/1585/1449 1941/1583/1448
f 150/1588/1430 1926/1587/1431 1943/1579/1450 617/1580/1451
f 1926/1587/1431 1930/1589/1435 1944/1582/1452 1943/1579/1450
f 1930/1589/1435 1934/1564/1439 1945/1590/1453 1944/1582/1452
f 1934/1564/1439 149/1591/1423 1946/1586/1454 1945/1590/1453
f 516/1146/1052 1947/1592/1455 573/1303/1238 65/1027/946
f 1947/1592/1455 1948/1593/1456 574/1312/1243 573/1303/1238
f 1948/1593/1456 1949/1594/1457 575/1321/1248 574/1312/1243
f 1949/1594/1457 1950/1537/1420 140/1287/1225 575/1321/1248
f 517/1596/1055 1951/1595/1458 1947/1592/1455 516/1146/1052
f 1951/1595/1458 1952/1597/1459 1948/1593/1456 1947/1592/1455
f 1952/1597/1459 1953/1598/1460 1949/1594/1457 1948/1593/1456
f 1953/1598/1460 1954/1599/1421 1950/1537/1420 1949/1594/1457
f 518/1601/1057 1955/1600/1461 1951/1595/1458 517/1149/1055
f 1955/1600/1461 1956/1603/1462 1952/1602/1459 1951/1595/1458
f 1956/1603/1462 1957/1605/1463 1953/1604/1460 1952/1602/1459
f 1957/1605/1463 1958/1541/1422 1954/1539/1421 1953/1604/1460
f 127/1607/1028 1938/1606/1444 1955/1600/1461 518/1601/1057
f 1938/1606/1444 1942/1585/1449 1956/1603/1462 1955/1600/1461
f 1942/1585/1449 1946/1608/1454 1957/1605/1463 1956/1603/1462
f 1946/1608/1454 149/1543/1423 1958/1541/1422 1957/1605/1463
f 621/910/1466 1959/914/1465 630/896/1464 48/885/1356
f 1959/914/1465 1960/918/1468 631/906/1467 630/896/1464
f 1960/918/1468 1961/819/1470 632/950/1469 631/906/1467
f 1961/819/1470 1962/810/1472 153/199/1471 632/950/1469
f 622/1231/1474 1963/1230/1473 1959/914/1465 621/910/1466
f 1963/1230/1473 1964/829/1475 1960/918/1468 1959/914/1465
f 1964/829/1475 1965/823/1476 1961/819/1470 1960/918/1468
f 1965/823/1476 1966/820/1477 1962/810/1472 1961/819/1470
f 623/1232/1479 1967/873/1478 1963/1230/1473 622/1231/1474
f 1967/873/1478 1968/876/1480 1964/829/1475 1963/1230/1473
f 1968/876/1480 1969/830/1481 1965/823/1476 1964/829/1475
f 1969/830/1481 1970/826/1482 1966/820/1477 1965/823/1476
f 152/146/1484 1998/871/1483 1967/873/1478 623/1232/1479
f 1998/871/1483 2002/879/1485 1968/876/1480 1967/873/1478
f 2002/879/1485 2006/884/1486 1969/830/1481 1968/876/1480
f 2006/884/1486 151/32/1487 1970/826/1482 1969/830/1481
f 627/1234/1489 1971/1233/1488 537/685/1114 43/757/1111
f 1971/1233/1488 1972/1235/1490 538/613/1122 537/685/1114
f 1972/1235/1490 1973/842/1491 539/541/1127 538/613/1122
f 1973/842/1491 1974/833/1492 133/33/1132 539/541/1127
f 628/1237/1494 1975/1236/1493 1971/1233/1488 627/1234/1489
f 1975/1236/1493 1976/816/1495 1972/1235/1490 1971/1233/1488
f 1976/816/1495 1977/846/1496 1973/842/1491 1972/1235/1490
f 1977/846/1496 1978/843/1497 1974/833/1492 1973/842/1491
f 629/1238/1499 1979/812/1498 1975/1236/1493 628/1237/1494
f 1979/812/1498 1980/815/1500 1976/816/1495 1975/1236/1493
f 1980/815/1500 1981/822/1501 1977/846/1496 1976/816/1495
f 1981/822/1501 1982/849/1502 1978/843/1497 1977/846/1496
f 153/199/1471 1962/810/1472 1979/812/1498 629/1238/1499
f 1962/810/1472 1966/820/1477 1980/815/1500 1979/812/1498
f 1966/820/1477 1970/826/1482 1981/822/1501 1980/815/1500
f 1970/826/1482 151/32/1487 1982/849/1502 1981/822/1501
f 540/250/1177 1983/1240/1504 636/1239/1503 35/225/1176
f 1983/1240/1504 1984/1242/1506 637/1241/1505 636/1239/1503
f 1984/1242/1506 1985/861/1508 638/1243/1507 637/1241/1505
f 1985/861/1508 1986/852/1510 154/92/1509 638/1243/1507
f 541/326/1180 1987/1244/1511 1983/1240/1504 540/250/1177
f 1987/1244/1511 1988/839/1512 1984/1242/1506 1983/1240/1504
f 1988/839/1512 1989/865/1513 1985/861/1508 1984/1242/1506
f 1989/865/1513 1990/862/1514 1986/852/1510 1985/861/1508
f 542/398/1182 1991/835/1515 1987/1244/1511 541/326/1180
f 1991/835/1515 1992/838/1516 1988/839/1512 1987/1244/1511
f 1992/838/1516 1993/845/1517 1989/865/1513 1988/839/1512
f 1993/845/1517 1994/868/1518 1990/862/1514 1989/865/1513
f 133/33/1132 1974/833/1492 1991/835/1515 542/398/1182
f 1974/833/1492 1978/843/1497 1992/838/1516 1991/835/1515
f 1978/843/1497 1982/849/1502 1993/845/1517 1992/838/1516
f 1982/849/1502 151/32/1487 1994/868/1518 1993/845/1517
f 633/1248/1522 1995/1247/1521 624/1246/1520 40/1245/1519
f 1995/1247/1521 1996/1250/1524 625/1249/1523 624/1246/1520
f 1996/1250/1524 1997/878/1526 626/1251/1525 625/1249/1523
f 1997/878/1526 1998/871/1483 152/146/1484 626/1251/1525
f 634/1253/1528 1999/1252/1527 1995/1247/1521 633/1248/1522
f 1999/1252/1527 2000/858/1529 1996/1250/1524 1995/1247/1521
f 2000/858/1529 2001/881/1530 1997/878/1526 1996/1250/1524
f 2001/881/1530 2002/879/1485 1998/871/1483 1997/878/1526
f 635/1254/1532 2003/854/1531 1999/1252/1527 634/1253/1528
f 2003/854/1531 2004/857/1533 2000/858/1529 1999/1252/1527
f 2004/857/1533 2005/864/1534 2001/881/1530 2000/858/1529
f 2005/864/1534 2006/884/1486 2002/879/1485 2001/881/1530
f 154/92/1509 1986/852/1510 2003/854/1531 635/1254/1532
f 1986/852/1510 1990/862/1514 2004/857/1533 2003/854/1531
f 1990/862/1514 1994/868/1518 2005/864/1534 2004/857/1533
f 1994/868/1518 151/32/1487 2006/884/1486 2005/864/1534
f 474/911/830 2007/1610/1535 489/1609/935 8/910/774
f 2007/1610/1535 2008/1612/1536 490/1611/939 489/1609/935
f 2008/1612/1536 2009/1614/1537 491/1613/943 490/1611/939
f 2009/1614/1537 2010/1616/1538 121/1615/922 491/1613/943
f 475/914/832 2011/1617/1539 2007/1610/1535 474/911/830
f 2011/1617/1539 2012/1618/1540 2008/1612/1536 2007/1610/1535
f 2012/1618/1540 2013/1619/1541 2009/1614/1537 2008/1612/1536
f 2013/1619/1541 2014/1620/1542 2010/1616/1538 2009/1614/1537
f 476/916/834 2015/1621/1543 2011/1617/1539 475/914/832
f 2015/1621/1543 2016/1622/1544 2012/1618/1540 2011/1617/1539
f 2016/1622/1544 2017/1623/1545 2013/1619/1541 2012/1618/1540
f 2017/1623/1545 2018/1624/1546 2014/1620/1542 2013/1619/1541
f 117/918/836 2046/1625/1547 2015/1621/1543 476/916/834
f 2046/1625/1547 2050/1626/1548 2016/1622/1544 2015/1621/1543
f 2050/1626/1548 2054/1627/1549 2017/1623/1545 2016/1622/1544
f 2054/1627/1549 155/1628/1550 2018/1624/1546 2017/1623/1545
f 492/1631/915 2019/1630/1552 642/1629/1551 7/1231/914
f 2019/1630/1552 2020/1632/1554 643/1230/1553 642/1629/1551
f 2020/1632/1554 2021/1634/1556 644/1633/1555 643/1230/1553
f 2021/1634/1556 2022/1635/1558 156/829/1557 644/1633/1555
f 493/1637/918 2023/1636/1559 2019/1630/1552 492/1631/915
f 2023/1636/1559 2024/1638/1560 2020/1632/1554 2019/1630/1552
f 2024/1638/1560 2025/1639/1561 2021/1634/1556 2020/1632/1554
f 2025/1639/1561 2026/1640/1562 2022/1635/1558 2021/1634/1556
f 494/1642/920 2027/1641/1563 2023/1636/1559 493/1637/918
f 2027/1641/1563 2028/1643/1564 2024/1638/1560 2023/1636/1559
f 2028/1643/1564 2029/1644/1565 2025/1639/1561 2024/1638/1560
f 2029/1644/1565 2030/1645/1566 2026/1640/1562 2025/1639/1561
f 121/1615/922 2010/1616/1538 2027/1641/1563 494/1642/920
f 2010/1616/1538 2014/1620/1542 2028/1643/1564 2027/1641/1563
f 2014/1620/1542 2018/1624/1546 2029/1644/1565 2028/1643/1564
f 2018/1624/1546 155/1628/1550 2030/1645/1566 2029/1644/1565
f 639/1648/1570 2031/1647/1569 648/1646/1568 16/820/1567
f 2031/1647/1569 2032/1650/1572 649/1649/1571 648/1646/1568
f 2032/1650/1572 2033/1652/1574 650/1651/1573 649/1649/1571
f 2033/1652/1574 2034/818/1576 157/1653/1575 650/1651/1573
f 640/823/1578 2035/1654/1577 2031/1647/1569 639/1648/1570
f 2035/1654/1577 2036/1655/1579 2032/1650/1572 2031/1647/1569
f 2036/1655/1579 2037/1656/1580 2033/1652/1574 2032/1650/1572
f 2037/1656/1580 2038/1657/1581 2034/818/1576 2033/1652/1574
f 641/1659/1583 2039/1658/1582 2035/1654/1577 640/823/1578
f 2039/1658/1582 2040/1660/1584 2036/1655/1579 2035/1654/1577
f 2040/1660/1584 2041/1661/1585 2037/1656/1580 2036/1655/1579
f 2041/1661/1585 2042/824/1586 2038/1657/1581 2037/1656/1580
f 156/829/1557 2022/1635/1558 2039/1658/1582 641/1659/1583
f 2022/1635/1558 2026/1640/1562 2040/1660/1584 2039/1658/1582
f 2026/1640/1562 2030/1645/1566 2041/1661/1585 2040/1660/1584
f 2030/1645/1566 155/1628/1550 2042/824/1586 2041/1661/1585
f 645/1663/1588 2043/1662/1587 471/932/849 24/810/846
f 2043/1662/1587 2044/1664/1589 472/819/857 471/932/849
f 2044/1664/1589 2045/1665/1590 473/943/862 472/819/857
f 2045/1665/1590 2046/1625/1547 117/918/836 473/943/862
f 646/1667/1592 2047/1666/1591 2043/1662/1587 645/1663/1588
f 2047/1666/1591 2048/1668/1593 2044/1664/1589 2043/1662/1587
f 2048/1668/1593 2049/1669/1594 2045/1665/1590 2044/1664/1589
f 2049/1669/1594 2050/1626/1548 2046/1625/1547 2045/1665/1590
f 647/1671/1596 2051/1670/1595 2047/1666/1591 646/1667/1592
f 2051/1670/1595 2052/1672/1597 2048/1668/1593 2047/1666/1591
f 2052/1672/1597 2053/1673/1598 2049/1669/1594 2048/1668/1593
f 2053/1673/1598 2054/1627/1549 2050/1626/1548 2049/1669/1594
f 157/1653/1575 2034/818/1576 2051/1670/1595 647/1671/1596
f 2034/818/1576 2038/1657/1581 2052/1672/1597 2051/1670/1595
f 2038/1657/1581 2042/824/1586 2053/1673/1598 2052/1672/1597
f 2042/824/1586 155/1628/1550 2054/1627/1549 2053/1673/1598
f 600/1431/1336 2055/1675/1600 654/1674/1599 67/1369/1289
f 2055/1675/1600 2056/1677/1602 655/1676/1601 654/1674/1599
f 2056/1677/1602 2057/1679/1604 656/1678/1603 655/1676/1601
f 2057/1679/1604 2058/1681/1606 159/1680/1605 656/1678/1603
f 601/1433/1338 2059/1682/1607 2055/1675/1600 600/1431/1336
f 2059/1682/1607 2060/1683/1608 2056/1677/1602 2055/1675/1600
f 2060/1683/1608 2061/1684/1609 2057/1679/1604 2056/1677/1602
f 2061/1684/1609 2062/1685/1610 2058/1681/1606 2057/1679/1604
f 602/1687/1340 2063/1686/1611 2059/1682/1607 601/1433/1338
f 2063/1686/1611 2064/1688/1612 2060/1683/1608 2059/1682/1607
f 2064/1688/1612 2065/1690/1613 2061/1689/1609 2060/1683/1608
f 2065/1690/1613 2066/1692/1614 2062/1691/1610 2061/1689/1609
f 146/1437/1342 2082/1694/1615 2063/1693/1611 602/1435/1340
f 2082/1694/1615 2086/1695/1616 2064/1688/1612 2063/1693/1611
f 2086/1695/1616 2090/1697/1617 2065/1696/1613 2064/1688/1612
f 2090/1697/1617 158/1699/1618 2066/1698/1614 2065/1696/1613
f 651/1701/1620 2067/1700/1619 627/175/1489 43/172/1111
f 2067/1700/1619 2068/1702/1621 628/187/1494 627/175/1489
f 2068/1702/1621 2069/1703/1622 629/190/1499 628/187/1494
f 2069/1703/1622 2070/1704/1623 153/154/1471 629/190/1499
f 652/1706/1625 2071/1705/1624 2067/1700/1619 651/1701/1620
f 2071/1705/1624 2072/1707/1626 2068/1702/1621 2067/1700/1619
f 2072/1707/1626 2073/1708/1627 2069/1703/1622 2068/1702/1621
f 2073/1708/1627 2074/1709/1628 2070/1704/1623 2069/1703/1622
f 653/1711/1630 2075/1710/1629 2071/1705/1624 652/1706/1625
f 2075/1710/1629 2076/1713/1631 2072/1712/1626 2071/1705/1624
f 2076/1713/1631 2077/1714/1632 2073/1708/1627 2072/1712/1626
f 2077/1714/1632 2078/1715/1633 2074/1709/1628 2073/1708/1627
f 159/1680/1605 2058/1681/1606 2075/1717/1629 653/1716/1630
f 2058/1681/1606 2062/1691/1610 2076/1713/1631 2075/1717/1629
f 2062/1691/1610 2066/1698/1614 2077/1714/1632 2076/1713/1631
f 2066/1698/1614 158/1699/1618 2078/1715/1633 2077/1714/1632
f 630/147/1464 2079/1718/1634 597/1460/1359 48/146/1356
f 2079/1718/1634 2080/1719/1635 598/1466/1367 597/1460/1359
f 2080/1719/1635 2081/1720/1636 599/1476/1372 598/1466/1367
f 2081/1720/1636 2082/1721/1615 146/1437/1342 599/1476/1372
f 631/1723/1467 2083/1722/1637 2079/1718/1634 630/147/1464
f 2083/1722/1637 2084/1724/1638 2080/1719/1635 2079/1718/1634
f 2084/1724/1638 2085/1725/1639 2081/1720/1636 2080/1719/1635
f 2085/1725/1639 2086/1726/1616 2082/1721/1615 2081/1720/1636
f 632/152/1469 2087/1728/1640 2083/1727/1637 631/150/1467
f 2087/1728/1640 2088/1730/1641 2084/1729/1638 2083/1727/1637
f 2088/1730/1641 2089/1732/1642 2085/1731/1639 2084/1729/1638
f 2089/1732/1642 2090/1733/1617 2086/1695/1616 2085/1731/1639
f 153/154/1471 2070/1704/1623 2087/1728/1640 632/152/1469
f 2070/1704/1623 2074/1709/1628 2088/1734/1641 2087/1728/1640
f 2074/1709/1628 2078/1715/1633 2089/1732/1642 2088/1734/1641
f 2078/1715/1633 158/1699/1618 2090/1697/1617 2089/1732/1642
f 588/1341/1265 2091/1735/1644 660/4/1643 42/1/1264
f 2091/1735/1644 2092/1736/1646 661/16/1645 660/4/1643
f 2092/1736/1646 2093/1737/1648 662/19/1647 661/16/1645
f 2093/1737/1648 2094/1738/1650 161/26/1649 662/19/1647
f 589/1344/1268 2095/1739/1651 2091/1735/1644 588/1341/1265
f 2095/1739/1651 2096/1740/1652 2092/1736/1646 2091/1735/1644
f 2096/1740/1652 2097/1741/1653 2093/1737/1648 2092/1736/1646
f 2097/1741/1653 2098/1742/1654 2094/1738/1650 2093/1737/1648
f 590/1745/1270 2099/1744/1655 2095/1743/1651 589/1344/1268
f 2099/1744/1655 2100/1747/1656 2096/1746/1652 2095/1743/1651
f 2100/1747/1656 2101/1748/1657 2097/1741/1653 2096/1746/1652
f 2101/1748/1657 2102/1750/1658 2098/1749/1654 2097/1741/1653
f 143/1348/1272 2118/1752/1659 2099/1751/1655 590/1346/1270
f 2118/1752/1659 2122/1753/1660 2100/1747/1656 2099/1751/1655
f 2122/1753/1660 2126/1755/1661 2101/1754/1657 2100/1747/1656
f 2126/1755/1661 160/1757/1662 2102/1756/1658 2101/1754/1657
f 657/200/1665 2103/1759/1664 666/1758/1663 41/199/1136
f 2103/1759/1664 2104/1761/1667 667/1760/1666 666/1758/1663
f 2104/1761/1667 2105/1763/1669 668/1762/1668 667/1760/1666
f 2105/1763/1669 2106/1765/1671 162/1764/1670 668/1762/1668
f 658/1767/1673 2107/1766/1672 2103/1759/1664 657/200/1665
f 2107/1766/1672 2108/1768/1674 2104/1761/1667 2103/1759/1664
f 2108/1768/1674 2109/1769/1675 2105/1763/1669 2104/1761/1667
f 2109/1769/1675 2110/1770/1676 2106/1765/1671 2105/1763/1669
f 659/205/1678 2111/1772/1677 2107/1771/1672 658/203/1673
f 2111/1772/1677 2112/1773/1679 2108/1768/1674 2107/1771/1672
f 2112/1773/1679 2113/1775/1680 2109/1774/1675 2108/1768/1674
f 2113/1775/1680 2114/1777/1681 2110/1776/1676 2109/1774/1675
f 161/26/1649 2094/1738/1650 2111/1772/1677 659/205/1678
f 2094/1738/1650 2098/1778/1654 2112/1773/1679 2111/1772/1677
f 2098/1778/1654 2102/1756/1658 2113/1775/1680 2112/1773/1679
f 2102/1756/1658 160/1779/1662 2114/1777/1681 2113/1775/1680
f 663/1781/1683 2115/1780/1682 585/1372/1292 67/1369/1289
f 2115/1780/1682 2116/1782/1684 586/1380/1300 585/1372/1292
f 2116/1782/1684 2117/1783/1685 587/1391/1305 586/1380/1300
f 2117/1783/1685 2118/1752/1659 143/1348/1272 587/1391/1305
f 664/1785/1687 2119/1784/1686 2115/1780/1682 663/1781/1683
f 2119/1784/1686 2120/1786/1688 2116/1782/1684 2115/1780/1682
f 2120/1786/1688 2121/1787/1689 2117/1783/1685 2116/1782/1684
f 2121/1787/1689 2122/1753/1660 2118/1752/1659 2117/1783/1685
f 665/1789/1691 2123/1788/1690 2119/1784/1686 664/1785/1687
f 2123/1788/1690 2124/1790/1692 2120/1786/1688 2119/1784/1686
f 2124/1790/1692 2125/1792/1693 2121/1791/1689 2120/1786/1688
f 2125/1792/1693 2126/1794/1661 2122/1793/1660 2121/1791/1689
f 162/1764/1670 2106/1765/1671 2123/1788/1690 665/1795/1691
f 2106/1765/1671 2110/1776/1676 2124/1790/1692 2123/1788/1690
f 2110/1776/1676 2114/1777/1681 2125/1796/1693 2124/1790/1692
f 2114/1777/1681 160/1779/1662 2126/1794/1661 2125/1796/1693
f 666/1758/1663 2127/1797/1694 543/202/1139 41/199/1136
f 2127/1797/1694 2128/1798/1695 544/213/1147 543/202/1139
f 2128/1798/1695 2129/1799/1696 545/216/1152 544/213/1147
f 2129/1799/1696 2130/1800/1697 134/180/1119 545/216/1152
f 667/1802/1666 2131/1801/1698 2127/1797/1694 666/1758/1663
f 2131/1801/1698 2132/1803/1699 2128/1798/1695 2127/1797/1694
f 2132/1803/1699 2133/1804/1700 2129/1799/1696 2128/1798/1695
f 2133/1804/1700 2134/1805/1701 2130/1800/1697 2129/1799/1696
f 668/1808/1668 2135/1807/1702 2131/1806/1698 667/1760/1666
f 2135/1807/1702 2136/1810/1703 2132/1809/1699 2131/1806/1698
f 2136/1810/1703 2137/1812/1704 2133/1811/1700 2132/1809/1699
f 2137/1812/1704 2138/1814/1705 2134/1813/1701 2133/1811/1700
f 162/1764/1670 2154/1816/1706 2135/1815/1702 668/1762/1668
f 2154/1816/1706 2158/1817/1707 2136/1810/1703 2135/1815/1702
f 2158/1817/1707 2162/1819/1708 2137/1818/1704 2136/1810/1703
f 2162/1819/1708 163/1821/1709 2138/1820/1705 2137/1818/1704
f 546/173/1112 2139/1823/1710 651/1822/1620 43/172/1111
f 2139/1823/1710 2140/1824/1711 652/1706/1625 651/1822/1620
f 2140/1824/1711 2141/1825/1712 653/1716/1630 652/1706/1625
f 2141/1825/1712 2142/1826/1713 159/1680/1605 653/1716/1630
f 547/1828/1115 2143/1827/1714 2139/1823/1710 546/173/1112
f 2143/1827/1714 2144/1829/1715 2140/1824/1711 2139/1823/1710
f 2144/1829/1715 2145/1830/1716 2141/1825/1712 2140/1824/1711
f 2145/1830/1716 2146/1831/1717 2142/1826/1713 2141/1825/1712
f 548/178/1117 2147/1833/1718 2143/1832/1714 547/176/1115
f 2147/1833/1718 2148/1834/1719 2144/1829/1715 2143/1832/1714
f 2148/1834/1719 2149/1835/1720 2145/1830/1716 2144/1829/1715
f 2149/1835/1720 2150/1837/1721 2146/1836/1717 2145/1830/1716
f 134/221/1119 2130/1800/1697 2147/1833/1718 548/178/1117
f 2130/1800/1697 2134/1813/1701 2148/1834/1719 2147/1833/1718
f 2134/1813/1701 2138/1820/1705 2149/1838/1720 2148/1834/1719
f 2138/1820/1705 163/1840/1709 2150/1839/1721 2149/1838/1720
f 654/1842/1599 2151/1841/1722 663/1781/1683 67/1369/1289
f 2151/1841/1722 2152/1843/1723 664/1785/1687 663/1781/1683
f 2152/1843/1723 2153/1844/1724 665/1795/1691 664/1785/1687
f 2153/1844/1724 2154/1845/1706 162/1764/1670 665/1795/1691
f 655/1676/1601 2155/1846/1725 2151/1841/1722 654/1842/1599
f 2155/1846/1725 2156/1848/1726 2152/1847/1723 2151/1841/1722
f 2156/1848/1726 2157/1849/1727 2153/1844/1724 2152/1847/1723
f 2157/1849/1727 2158/1851/1707 2154/1850/1706 2153/1844/1724
f 656/1854/1603 2159/1853/1728 2155/1852/1725 655/1676/1601
f 2159/1853/1728 2160/1856/1729 2156/1855/1726 2155/1852/1725
f 2160/1856/1729 2161/1857/1730 2157/1849/1727 2156/1855/1726
f 2161/1857/1730 2162/1819/1708 2158/1817/1707 2157/1849/1727
f 159/1859/1605 2142/1826/1713 2159/1858/1728 656/1678/1603
f 2142/1826/1713 2146/1836/1717 2160/1856/1729 2159/1858/1728
f 2146/1836/1717 2150/1837/1721 2161/1857/1730 2160/1856/1729
f 2150/1837/1721 163/1860/1709 2162/1819/1708 2161/1857/1730
f 642/1629/1551 2163/1862/1732 672/1861/1731 7/1231/914
f 2163/1862/1732 2164/1864/1734 673/1863/1733 672/1861/1731
f 2164/1864/1734 2165/1866/1736 674/1865/1735 673/1863/1733
f 2165/1866/1736 2166/1868/1738 165/1867/1737 674/1865/1735
f 643/1230/1553 2167/1869/1739 2163/1862/1732 642/1629/1551
f 2167/1869/1739 2168/1870/1740 2164/1864/1734 2163/1862/1732
f 2168/1870/1740 2169/1871/1741 2165/1866/1736 2164/1864/1734
f 2169/1871/1741 2170/1872/1742 2166/1868/1738 2165/1866/1736
f 644/1633/1555 2171/1873/1743 2167/1869/1739 643/1230/1553
f 2171/1873/1743 2172/1874/1744 2168/1870/1740 2167/1869/1739
f 2172/1874/1744 2173/1875/1745 2169/1871/1741 2168/1870/1740
f 2173/1875/1745 2174/875/1746 2170/1872/1742 2169/1871/1741
f 156/829/1557 2202/1876/1747 2171/1873/1743 644/1633/1555
f 2202/1876/1747 2206/1877/1748 2172/1874/1744 2171/1873/1743
f 2206/1877/1748 2210/1878/1749 2173/1875/1745 2172/1874/1744
f 2210/1878/1749 164/1879/1750 2174/875/1746 2173/1875/1745
f 669/1882/1754 2175/1881/1753 678/1880/1752 6/1232/1751
f 2175/1881/1753 2176/1883/1756 679/873/1755 678/1880/1752
f 2176/1883/1756 2177/1885/1758 680/1884/1757 679/873/1755
f 2177/1885/1758 2178/1886/1760 166/876/1759 680/1884/1757
f 670/1888/1762 2179/1887/1761 2175/1881/1753 669/1882/1754
f 2179/1887/1761 2180/1889/1763 2176/1883/1756 2175/1881/1753
f 2180/1889/1763 2181/1890/1764 2177/1885/1758 2176/1883/1756
f 2181/1890/1764 2182/1891/1765 2178/1886/1760 2177/1885/1758
f 671/1893/1767 2183/1892/1766 2179/1887/1761 670/1888/1762
f 2183/1892/1766 2184/1894/1768 2180/1889/1763 2179/1887/1761
f 2184/1894/1768 2185/1895/1769 2181/1890/1764 2180/1889/1763
f 2185/1895/1769 2186/1896/1770 2182/1891/1765 2181/1890/1764
f 165/1867/1737 2166/1868/1738 2183/1892/1766 671/1893/1767
f 2166/1868/1738 2170/1872/1742 2184/1894/1768 2183/1892/1766
f 2170/1872/1742 2174/875/1746 2185/1895/1769 2184/1894/1768
f 2174/875/1746 164/1879/1750 2186/1896/1770 2185/1895/1769
f 675/1899/1774 2187/1898/1773 684/1897/1772 18/826/1771
f 2187/1898/1773 2188/1901/1776 685/1900/1775 684/1897/1772
f 2188/1901/1776 2189/1903/1778 686/1902/1777 685/1900/1775
f 2189/1903/1778 2190/825/1780 167/1904/1779 686/1902/1777
f 676/830/1782 2191/1905/1781 2187/1898/1773 675/1899/1774
f 2191/1905/1781 2192/1906/1783 2188/1901/1776 2187/1898/1773
f 2192/1906/1783 2193/1907/1784 2189/1903/1778 2188/1901/1776
f 2193/1907/1784 2194/1908/1785 2190/825/1780 2189/1903/1778
f 677/1910/1787 2195/1909/1786 2191/1905/1781 676/830/1782
f 2195/1909/1786 2196/1911/1788 2192/1906/1783 2191/1905/1781
f 2196/1911/1788 2197/1912/1789 2193/1907/1784 2192/1906/1783
f 2197/1912/1789 2198/828/1790 2194/1908/1785 2193/1907/1784
f 166/876/1759 2178/1886/1760 2195/1909/1786 677/1910/1787
f 2178/1886/1760 2182/1891/1765 2196/1911/1788 2195/1909/1786
f 2182/1891/1765 2186/1896/1770 2197/1912/1789 2196/1911/1788
f 2186/1896/1770 164/1879/1750 2198/828/1790 2197/1912/1789
f 681/1914/1792 2199/1913/1791 639/1648/1570 16/820/1567
f 2199/1913/1791 2200/1915/1793 640/823/1578 639/1648/1570
f 2200/1915/1793 2201/1916/1794 641/1659/1583 640/823/1578
f 2201/1916/1794 2202/1876/1747 156/829/1557 641/1659/1583
f 682/1918/1796 2203/1917/1795 2199/1913/1791 681/1914/1792
f 2203/1917/1795 2204/1919/1797 2200/1915/1793 2199/1913/1791
f 2204/1919/1797 2205/1920/1798 2201/1916/1794 2200/1915/1793
f 2205/1920/1798 2206/1877/1748 2202/1876/1747 2201/1916/1794
f 683/1922/1800 2207/1921/1799 2203/1917/1795 682/1918/1796
f 2207/1921/1799 2208/1923/1801 2204/1919/1797 2203/1917/1795
f 2208/1923/1801 2209/1924/1802 2205/1920/1798 2204/1919/1797
f 2209/1924/1802 2210/1878/1749 2206/1877/1748 2205/1920/1798
f 167/1904/1779 2190/825/1780 2207/1921/1799 683/1922/1800
f 2190/825/1780 2194/1908/1785 2208/1923/1801 2207/1921/1799
f 2194/1908/1785 2198/828/1790 2209/1924/1802 2208/1923/1801
f 2198/828/1790 164/1879/1750 2210/1878/1749 2209/1924/1802
f 678/1880/1752 2211/1926/1804 690/1925/1803 6/1232/1751
f 2211/1926/1804 2212/1928/1806 691/1927/1805 690/1925/1803
f 2212/1928/1806 2213/1930/1808 692/1929/1807 691/1927/1805
f 2213/1930/1808 2214/870/1810 169/1931/1809 692/1929/1807
f 679/873/1755 2215/1932/1811 2211/1926/1804 678/1880/1752
f 2215/1932/1811 2216/1933/1812 2212/1928/1806 2211/1926/1804
f 2216/1933/1812 2217/1934/1813 2213/1930/1808 2212/1928/1806
f 2217/1934/1813 2218/1935/1814 2214/870/1810 2213/1930/1808
f 680/1884/1757 2219/1936/1815 2215/1932/1811 679/873/1755
f 2219/1936/1815 2220/1937/1816 2216/1933/1812 2215/1932/1811
f 2220/1937/1816 2221/1938/1817 2217/1934/1813 2216/1933/1812
f 2221/1938/1817 2222/874/1818 2218/1935/1814 2217/1934/1813
f 166/876/1759 2250/1939/1819 2219/1936/1815 680/1884/1757
f 2250/1939/1819 2254/1940/1820 2220/1937/1816 2219/1936/1815
f 2254/1940/1820 2258/1941/1821 2221/1938/1817 2220/1937/1816
f 2258/1941/1821 168/1942/1822 2222/874/1818 2221/1938/1817
f 687/1944/1826 2223/1943/1825 696/1459/1824 5/146/1823
f 2223/1943/1825 2224/1945/1828 697/871/1827 696/1459/1824
f 2224/1945/1828 2225/1946/1830 698/1473/1829 697/871/1827
f 2225/1946/1830 2226/1947/1832 170/879/1831 698/1473/1829
f 688/1949/1834 2227/1948/1833 2223/1943/1825 687/1944/1826
f 2227/1948/1833 2228/1950/1835 2224/1945/1828 2223/1943/1825
f 2228/1950/1835 2229/1951/1836 2225/1946/1830 2224/1945/1828
f 2229/1951/1836 2230/1952/1837 2226/1947/1832 2225/1946/1830
f 689/1954/1839 2231/1953/1838 2227/1948/1833 688/1949/1834
f 2231/1953/1838 2232/1955/1840 2228/1950/1835 2227/1948/1833
f 2232/1955/1840 2233/1956/1841 2229/1951/1836 2228/1950/1835
f 2233/1956/1841 2234/1957/1842 2230/1952/1837 2229/1951/1836
f 169/1931/1809 2214/870/1810 2231/1953/1838 689/1954/1839
f 2214/870/1810 2218/1935/1814 2232/1955/1840 2231/1953/1838
f 2218/1935/1814 2222/874/1818 2233/1956/1841 2232/1955/1840
f 2222/874/1818 168/1942/1822 2234/1957/1842 2233/1956/1841
f 693/1504/1846 2235/1959/1845 702/1958/1844 19/32/1843
f 2235/1959/1845 2236/1961/1848 703/1960/1847 702/1958/1844
f 2236/1961/1848 2237/1963/1850 704/1962/1849 703/1960/1847
f 2237/1963/1850 2238/831/1852 171/1964/1851 704/1962/1849
f 694/884/1854 2239/1965/1853 2235/1959/1845 693/1504/1846
f 2239/1965/1853 2240/1966/1855 2236/1961/1848 2235/1959/1845
f 2240/1966/1855 2241/1967/1856 2237/1963/1850 2236/1961/1848
f 2241/1967/1856 2242/1968/1857 2238/831/1852 2237/1963/1850
f 695/1517/1859 2243/1969/1858 2239/1965/1853 694/884/1854
f 2243/1969/1858 2244/1970/1860 2240/1966/1855 2239/1965/1853
f 2244/1970/1860 2245/1971/1861 2241/1967/1856 2240/1966/1855
f 2245/1971/1861 2246/880/1862 2242/1968/1857 2241/1967/1856
f 170/879/1831 2226/1947/1832 2243/1969/1858 695/1517/1859
f 2226/1947/1832 2230/1952/1837 2244/1970/1860 2243/1969/1858
f 2230/1952/1837 2234/1957/1842 2245/1971/1861 2244/1970/1860
f 2234/1957/1842 168/1942/1822 2246/880/1862 2245/1971/1861
f 699/1973/1864 2247/1972/1863 675/1899/1774 18/826/1771
f 2247/1972/1863 2248/1974/1865 676/830/1782 675/1899/1774
f 2248/1974/1865 2249/1975/1866 677/1910/1787 676/830/1782
f 2249/1975/1866 2250/1939/1819 166/876/1759 677/1910/1787
f 700/1977/1868 2251/1976/1867 2247/1972/1863 699/1973/1864
f 2251/1976/1867 2252/1978/1869 2248/1974/1865 2247/1972/1863
f 2252/1978/1869 2253/1979/1870 2249/1975/1866 2248/1974/1865
f 2253/1979/1870 2254/1940/1820 2250/1939/1819 2249/1975/1866
f 701/1981/1872 2255/1980/1871 2251/1976/1867 700/1977/1868
f 2255/1980/1871 2256/1982/1873 2252/1978/1869 2251/1976/1867
f 2256/1982/1873 2257/1983/1874 2253/1979/1870 2252/1978/1869
f 2257/1983/1874 2258/1941/1821 2254/1940/1820 2253/1979/1870
f 171/1964/1851 2238/831/1852 2255/1980/1871 701/1981/1872
f 2238/831/1852 2242/1968/1857 2256/1982/1873 2255/1980/1871
f 2242/1968/1857 2246/880/1862 2257/1983/1874 2256/1982/1873
f 2246/880/1862 168/1942/1822 2258/1941/1821 2257/1983/1874
f 696/1459/1824 2259/1985/1876 708/1984/1875 5/146/1823
f 2259/1985/1876 2260/1987/1878 709/1986/1877 708/1984/1875
f 2260/1987/1878 2261/1989/1880 710/1988/1879 709/1986/1877
f 2261/1989/1880 2262/872/1882 173/1990/1881 710/1988/1879
f 697/871/1827 2263/1991/1883 2259/1985/1876 696/1459/1824
f 2263/1991/1883 2264/1992/1884 2260/1987/1878 2259/1985/1876
f 2264/1992/1884 2265/1993/1885 2261/1989/1880 2260/1987/1878
f 2265/1993/1885 2266/1994/1886 2262/872/1882 2261/1989/1880
f 698/1473/1829 2267/1995/1887 2263/1991/1883 697/871/1827
f 2267/1995/1887 2268/1996/1888 2264/1992/1884 2263/1991/1883
f 2268/1996/1888 2269/1997/1889 2265/1993/1885 2264/1992/1884
f 2269/1997/1889 2270/877/1890 2266/1994/1886 2265/1993/1885
f 170/879/1831 2298/1998/1891 2267/1995/1887 698/1473/1829
f 2298/1998/1891 2302/1999/1892 2268/1996/1888 2267/1995/1887
f 2302/1999/1892 2306/2000/1893 2269/1997/1889 2268/1996/1888
f 2306/2000/1893 172/2001/1894 2270/877/1890 2269/1997/1889
f 705/2004/1898 2271/2003/1897 714/2002/1896 4/1251/1895
f 2271/2003/1897 2272/2005/1900 715/878/1899 714/2002/1896
f 2272/2005/1900 2273/2007/1902 716/2006/1901 715/878/1899
f 2273/2007/1902 2274/2008/1904 174/881/1903 716/2006/1901
f 706/2010/1906 2275/2009/1905 2271/2003/1897 705/2004/1898
f 2275/2009/1905 2276/2011/1907 2272/2005/1900 2271/2003/1897
f 2276/2011/1907 2277/2012/1908 2273/2007/1902 2272/2005/1900
f 2277/2012/1908 2278/2013/1909 2274/2008/1904 2273/2007/1902
f 707/2015/1911 2279/2014/1910 2275/2009/1905 706/2010/1906
f 2279/2014/1910 2280/2016/1912 2276/2011/1907 2275/2009/1905
f 2280/2016/1912 2281/2017/1913 2277/2012/1908 2276/2011/1907
f 2281/2017/1913 2282/2018/1914 2278/2013/1909 2277/2012/1908
f 173/1990/1881 2262/872/1882 2279/2014/1910 707/2015/1911
f 2262/872/1882 2266/1994/1886 2280/2016/1912 2279/2014/1910
f 2266/1994/1886 2270/877/1890 2281/2017/1913 2280/2016/1912
f 2270/877/1890 172/2001/1894 2282/2018/1914 2281/2017/1913
f 711/2021/1918 2283/2020/1917 720/2019/1916 20/868/1915
f 2283/2020/1917 2284/2023/1920 721/2022/1919 720/2019/1916
f 2284/2023/1920 2285/2025/1922 722/2024/1921 721/2022/1919
f 2285/2025/1922 2286/869/1924 175/2026/1923 722/2024/1921
f 712/864/1926 2287/2027/1925 2283/2020/1917 711/2021/1918
f 2287/2027/1925 2288/2028/1927 2284/2023/1920 2283/2020/1917
f 2288/2028/1927 2289/2029/1928 2285/2025/1922 2284/2023/1920
f 2289/2029/1928 2290/2030/1929 2286/869/1924 2285/2025/1922
f 713/2032/1931 2291/2031/1930 2287/2027/1925 712/864/1926
f 2291/2031/1930 2292/2033/1932 2288/2028/1927 2287/2027/1925
f 2292/2033/1932 2293/2034/1933 2289/2029/1928 2288/2028/1927
f 2293/2034/1933 2294/883/1934 2290/2030/1929 2289/2029/1928
f 174/881/1903 2274/2008/1904 2291/2031/1930 713/2032/1931
f 2274/2008/1904 2278/2013/1909 2292/2033/1932 2291/2031/1930
f 2278/2013/1909 2282/2018/1914 2293/2034/1933 2292/2033/1932
f 2282/2018/1914 172/2001/1894 2294/883/1934 2293/2034/1933
f 717/2036/1936 2295/2035/1935 693/1504/1846 19/32/1843
f 2295/2035/1935 2296/2037/1937 694/884/1854 693/1504/1846
f 2296/2037/1937 2297/2038/1938 695/1517/1859 694/884/1854
f 2297/2038/1938 2298/1998/1891 170/879/1831 695/1517/1859
f 718/2040/1940 2299/2039/1939 2295/2035/1935 717/2036/1936
f 2299/2039/1939 2300/2041/1941 2296/2037/1937 2295/2035/1935
f 2300/2041/1941 2301/2042/1942 2297/2038/1938 2296/2037/1937
f 2301/2042/1942 2302/1999/1892 2298/1998/1891 2297/2038/1938
f 719/2044/1944 2303/2043/1943 2299/2039/1939 718/2040/1940
f 2303/2043/1943 2304/2045/1945 2300/2041/1941 2299/2039/1939
f 2304/2045/1945 2305/2046/1946 2301/2042/1942 2300/2041/1941
f 2305/2046/1946 2306/2000/1893 2302/1999/1892 2301/2042/1942
f 175/2026/1923 2286/869/1924 2303/2043/1943 719/2044/1944
f 2286/869/1924 2290/2030/1929 2304/2045/1945 2303/2043/1943
f 2290/2030/1929 2294/883/1934 2305/2046/1946 2304/2045/1945
f 2294/883/1934 172/2001/1894 2306/2000/1893 2305/2046/1946
f 714/2002/1896 2307/2048/1948 726/2047/1947 4/1251/1895
f 2307/2048/1948 2308/2050/1950 727/2049/1949 726/2047/1947
f 2308/2050/1950 2309/2052/1952 728/2051/1951 727/2049/1949
f 2309/2052/1952 2310/2054/1954 177/2053/1953 728/2051/1951
f 715/878/1899 2311/2055/1955 2307/2048/1948 714/2002/1896
f 2311/2055/1955 2312/2056/1956 2308/2050/1950 2307/2048/1948
f 2312/2056/1956 2313/2057/1957 2309/2052/1952 2308/2050/1950
f 2313/2057/1957 2314/2058/1958 2310/2054/1954 2309/2052/1952
f 716/2006/1901 2315/2059/1959 2311/2055/1955 715/878/1899
f 2315/2059/1959 2316/2060/1960 2312/2056/1956 2311/2055/1955
f 2316/2060/1960 2317/2061/1961 2313/2057/1957 2312/2056/1956
f 2317/2061/1961 2318/882/1962 2314/2058/1958 2313/2057/1957
f 174/881/1903 2346/2062/1963 2315/2059/1959 716/2006/1901
f 2346/2062/1963 2350/2063/1964 2316/2060/1960 2315/2059/1959
f 2350/2063/1964 2354/2064/1965 2317/2061/1961 2316/2060/1960
f 2354/2064/1965 176/2065/1966 2318/882/1962 2317/2061/1961
f 723/2068/1970 2319/2067/1969 732/2066/1968 3/1249/1967
f 2319/2067/1969 2320/2069/1972 733/1250/1971 732/2066/1968
f 2320/2069/1972 2321/2071/1974 734/2070/1973 733/1250/1971
f 2321/2071/1974 2322/2072/1976 178/858/1975 734/2070/1973
f 724/2074/1978 2323/2073/1977 2319/2067/1969 723/2068/1970
f 2323/2073/1977 2324/2075/1979 2320/2069/1972 2319/2067/1969
f 2324/2075/1979 2325/2076/1980 2321/2071/1974 2320/2069/1972
f 2325/2076/1980 2326/2077/1981 2322/2072/1976 2321/2071/1974
f 725/2079/1983 2327/2078/1982 2323/2073/1977 724/2074/1978
f 2327/2078/1982 2328/2080/1984 2324/2075/1979 2323/2073/1977
f 2328/2080/1984 2329/2081/1985 2325/2076/1980 2324/2075/1979
f 2329/2081/1985 2330/2082/1986 2326/2077/1981 2325/2076/1980
f 177/2053/1953 2310/2054/1954 2327/2078/1982 725/2079/1983
f 2310/2054/1954 2314/2058/1958 2328/2080/1984 2327/2078/1982
f 2314/2058/1958 2318/882/1962 2329/2081/1985 2328/2080/1984
f 2318/882/1962 176/2065/1966 2330/2082/1986 2329/2081/1985
f 729/2085/1990 2331/2084/1989 738/2083/1988 21/862/1987
f 2331/2084/1989 2332/2087/1992 739/2086/1991 738/2083/1988
f 2332/2087/1992 2333/2089/1994 740/2088/1993 739/2086/1991
f 2333/2089/1994 2334/863/1996 179/2090/1995 740/2088/1993
f 730/857/1998 2335/2091/1997 2331/2084/1989 729/2085/1990
f 2335/2091/1997 2336/2092/1999 2332/2087/1992 2331/2084/1989
f 2336/2092/1999 2337/2093/2000 2333/2089/1994 2332/2087/1992
f 2337/2093/2000 2338/2094/2001 2334/863/1996 2333/2089/1994
f 731/2096/2003 2339/2095/2002 2335/2091/1997 730/857/1998
f 2339/2095/2002 2340/2097/2004 2336/2092/1999 2335/2091/1997
f 2340/2097/2004 2341/2098/2005 2337/2093/2000 2336/2092/1999
f 2341/2098/2005 2342/859/2006 2338/2094/2001 2337/2093/2000
f 178/858/1975 2322/2072/1976 2339/2095/2002 731/2096/2003
f 2322/2072/1976 2326/2077/1981 2340/2097/2004 2339/2095/2002
f 2326/2077/1981 2330/2082/1986 2341/2098/2005 2340/2097/2004
f 2330/2082/1986 176/2065/1966 2342/859/2006 2341/2098/2005
f 735/2100/2008 2343/2099/2007 711/2021/1918 20/868/1915
f 2343/2099/2007 2344/2101/2009 712/864/1926 711/2021/1918
f 2344/2101/2009 2345/2102/2010 713/2032/1931 712/864/1926
f 2345/2102/2010 2346/2062/1963 174/881/1903 713/2032/1931
f 736/2104/2012 2347/2103/2011 2343/2099/2007 735/2100/2008
f 2347/2103/2011 2348/2105/2013 2344/2101/2009 2343/2099/2007
f 2348/2105/2013 2349/2106/2014 2345/2102/2010 2344/2101/2009
f 2349/2106/2014 2350/2063/1964 2346/2062/1963 2345/2102/2010
f 737/2108/2016 2351/2107/2015 2347/2103/2011 736/2104/2012
f 2351/2107/2015 2352/2109/2017 2348/2105/2013 2347/2103/2011
f 2352/2109/2017 2353/2110/2018 2349/2106/2014 2348/2105/2013
f 2353/2110/2018 2354/2064/1965 2350/2063/1964 2349/2106/2014
f 179/2090/1995 2334/863/1996 2351/2107/2015 737/2108/2016
f 2334/863/1996 2338/2094/2001 2352/2109/2017 2351/2107/2015
f 2338/2094/2001 2342/859/2006 2353/2110/2018 2352/2109/2017
f 2342/859/2006 176/2065/1966 2354/2064/1965 2353/2110/2018
f 732/2066/1968 2355/2112/2020 744/2111/2019 3/1249/1967
f 2355/2112/2020 2356/2114/2022 745/2113/2021 744/2111/2019
f 2356/2114/2022 2357/2116/2024 746/2115/2023 745/2113/2021
f 2357/2116/2024 2358/2118/2026 181/2117/2025 746/2115/2023
f 733/1250/1971 2359/2119/2027 2355/2112/2020 732/2066/1968
f 2359/2119/2027 2360/2120/2028 2356/2114/2022 2355/2112/2020
f 2360/2120/2028 2361/2121/2029 2357/2116/2024 2356/2114/2022
f 2361/2121/2029 2362/2122/2030 2358/2118/2026 2357/2116/2024
f 734/2070/1973 2363/2123/2031 2359/2119/2027 733/1250/1971
f 2363/2123/2031 2364/2124/2032 2360/2120/2028 2359/2119/2027
f 2364/2124/2032 2365/2125/2033 2361/2121/2029 2360/2120/2028
f 2365/2125/2033 2366/2126/2034 2362/2122/2030 2361/2121/2029
f 178/858/1975 2394/2127/2035 2363/2123/2031 734/2070/1973
f 2394/2127/2035 2398/2128/2036 2364/2124/2032 2363/2123/2031
f 2398/2128/2036 2402/2129/2037 2365/2125/2033 2364/2124/2032
f 2402/2129/2037 180/2130/2038 2366/2126/2034 2365/2125/2033
f 741/2133/2042 2367/2132/2041 750/2131/2040 2/1246/2039
f 2367/2132/2041 2368/2134/2044 751/1247/2043 750/2131/2040
f 2368/2134/2044 2369/2136/2046 752/2135/2045 751/1247/2043
f 2369/2136/2046 2370/2137/2048 182/1252/2047 752/2135/2045
f 742/2139/2050 2371/2138/2049 2367/2132/2041 741/2133/2042
f 2371/2138/2049 2372/2140/2051 2368/2134/2044 2367/2132/2041
f 2372/2140/2051 2373/2141/2052 2369/2136/2046 2368/2134/2044
f 2373/2141/2052 2374/2142/2053 2370/2137/2048 2369/2136/2046
f 743/2144/2055 2375/2143/2054 2371/2138/2049 742/2139/2050
f 2375/2143/2054 2376/2145/2056 2372/2140/2051 2371/2138/2049
f 2376/2145/2056 2377/2146/2057 2373/2141/2052 2372/2140/2051
f 2377/2146/2057 2378/2147/2058 2374/2142/2053 2373/2141/2052
f 181/2117/2025 2358/2118/2026 2375/2143/2054 743/2144/2055
f 2358/2118/2026 2362/2122/2030 2376/2145/2056 2375/2143/2054
f 2362/2122/2030 2366/2126/2034 2377/2146/2057 2376/2145/2056
f 2366/2126/2034 180/2130/2038 2378/2147/2058 2377/2146/2057
f 747/2150/2062 2379/2149/2061 756/2148/2060 22/852/2059
f 2379/2149/2061 2380/2152/2064 757/2151/2063 756/2148/2060
f 2380/2152/2064 2381/2154/2066 758/2153/2065 757/2151/2063
f 2381/2154/2066 2382/855/2068 183/2155/2067 758/2153/2065
f 748/854/2070 2383/2156/2069 2379/2149/2061 747/2150/2062
f 2383/2156/2069 2384/2157/2071 2380/2152/2064 2379/2149/2061
f 2384/2157/2071 2385/2158/2072 2381/2154/2066 2380/2152/2064
f 2385/2158/2072 2386/2159/2073 2382/855/2068 2381/2154/2066
f 749/2161/2075 2387/2160/2074 2383/2156/2069 748/854/2070
f 2387/2160/2074 2388/2162/2076 2384/2157/2071 2383/2156/2069
f 2388/2162/2076 2389/2163/2077 2385/2158/2072 2384/2157/2071
f 2389/2163/2077 2390/856/2078 2386/2159/2073 2385/2158/2072
f 182/1252/2047 2370/2137/2048 2387/2160/2074 749/2161/2075
f 2370/2137/2048 2374/2142/2053 2388/2162/2076 2387/2160/2074
f 2374/2142/2053 2378/2147/2058 2389/2163/2077 2388/2162/2076
f 2378/2147/2058 180/2130/2038 2390/856/2078 2389/2163/2077
f 753/2165/2080 2391/2164/2079 729/2085/1990 21/862/1987
f 2391/2164/2079 2392/2166/2081 730/857/1998 729/2085/1990
f 2392/2166/2081 2393/2167/2082 731/2096/2003 730/857/1998
f 2393/2167/2082 2394/2127/2035 178/858/1975 731/2096/2003
f 754/2169/2084 2395/2168/2083 2391/2164/2079 753/2165/2080
f 2395/2168/2083 2396/2170/2085 2392/2166/2081 2391/2164/2079
f 2396/2170/2085 2397/2171/2086 2393/2167/2082 2392/2166/2081
f 2397/2171/2086 2398/2128/2036 2394/2127/2035 2393/2167/2082
f 755/2173/2088 2399/2172/2087 2395/2168/2083 754/2169/2084
f 2399/2172/2087 2400/2174/2089 2396/2170/2085 2395/2168/2083
f 2400/2174/2089 2401/2175/2090 2397/2171/2086 2396/2170/2085
f 2401/2175/2090 2402/2129/2037 2398/2128/2036 2397/2171/2086
f 183/2155/2067 2382/855/2068 2399/2172/2087 755/2173/2088
f 2382/855/2068 2386/2159/2073 2400/2174/2089 2399/2172/2087
f 2386/2159/2073 2390/856/2078 2401/2175/2090 2400/2174/2089
f 2390/856/2078 180/2130/2038 2402/2129/2037 2401/2175/2090
f 750/2131/2040 2403/2177/2092 762/2176/2091 2/1246/2039
f 2403/2177/2092 2404/2179/2094 763/2178/2093 762/2176/2091
f 2404/2179/2094 2405/2181/2096 764/2180/2095 763/2178/2093
f 2405/2181/2096 2406/2183/2098 185/2182/2097 764/2180/2095
f 751/1247/2043 2407/2184/2099 2403/2177/2092 750/2131/2040
f 2407/2184/2099 2408/2185/2100 2404/2179/2094 2403/2177/2092
f 2408/2185/2100 2409/2186/2101 2405/2181/2096 2404/2179/2094
f 2409/2186/2101 2410/2187/2102 2406/2183/2098 2405/2181/2096
f 752/2135/2045 2411/2188/2103 2407/2184/2099 751/1247/2043
f 2411/2188/2103 2412/2189/2104 2408/2185/2100 2407/2184/2099
f 2412/2189/2104 2413/2190/2105 2409/2186/2101 2408/2185/2100
f 2413/2190/2105 2414/2191/2106 2410/2187/2102 2409/2186/2101
f 182/1252/2047 2442/2192/2107 2411/2188/2103 752/2135/2045
f 2442/2192/2107 2446/2193/2108 2412/2189/2104 2411/2188/2103
f 2446/2193/2108 2450/2194/2109 2413/2190/2105 2412/2189/2104
f 2450/2194/2109 184/2195/2110 2414/2191/2106 2413/2190/2105
f 759/2198/2112 2415/2197/2111 465/2196/811 17/1245/794
f 2415/2197/2111 2416/2199/2113 466/1248/816 465/2196/811
f 2416/2199/2113 2417/2201/2114 467/2200/821 466/1248/816
f 2417/2201/2114 2418/2202/2115 116/1253/826 467/2200/821
f 760/2204/2117 2419/2203/2116 2415/2197/2111 759/2198/2112
f 2419/2203/2116 2420/2205/2118 2416/2199/2113 2415/2197/2111
f 2420/2205/2118 2421/2206/2119 2417/2201/2114 2416/2199/2113
f 2421/2206/2119 2422/2207/2120 2418/2202/2115 2417/2201/2114
f 761/2209/2122 2423/2208/2121 2419/2203/2116 760/2204/2117
f 2423/2208/2121 2424/2210/2123 2420/2205/2118 2419/2203/2116
f 2424/2210/2123 2425/2211/2124 2421/2206/2119 2420/2205/2118
f 2425/2211/2124 2426/2212/2125 2422/2207/2120 2421/2206/2119
f 185/2182/2097 2406/2183/2098 2423/2208/2121 761/2209/2122
f 2406/2183/2098 2410/2187/2102 2424/2210/2123 2423/2208/2121
f 2410/2187/2102 2414/2191/2106 2425/2211/2124 2424/2210/2123
f 2414/2191/2106 184/2195/2110 2426/2212/2125 2425/2211/2124
f 468/2215/867 2427/2214/2127 768/2213/2126 23/92/866
f 2427/2214/2127 2428/2217/2129 769/2216/2128 768/2213/2126
f 2428/2217/2129 2429/2219/2131 770/2218/2130 769/2216/2128
f 2429/2219/2131 2430/851/2133 186/2220/2132 770/2218/2130
f 469/1254/870 2431/2221/2134 2427/2214/2127 468/2215/867
f 2431/2221/2134 2432/2222/2135 2428/2217/2129 2427/2214/2127
f 2432/2222/2135 2433/2223/2136 2429/2219/2131 2428/2217/2129
f 2433/2223/2136 2434/2224/2137 2430/851/2133 2429/2219/2131
f 470/2226/872 2435/2225/2138 2431/2221/2134 469/1254/870
f 2435/2225/2138 2436/2227/2139 2432/2222/2135 2431/2221/2134
f 2436/2227/2139 2437/2228/2140 2433/2223/2136 2432/2222/2135
f 2437/2228/2140 2438/2229/2141 2434/2224/2137 2433/2223/2136
f 116/1253/826 2418/2202/2115 2435/2225/2138 470/2226/872
f 2418/2202/2115 2422/2207/2120 2436/2227/2139 2435/2225/2138
f 2422/2207/2120 2426/2212/2125 2437/2228/2140 2436/2227/2139
f 2426/2212/2125 184/2195/2110 2438/2229/2141 2437/2228/2140
f 765/2231/2143 2439/2230/2142 747/2150/2062 22/852/2059
f 2439/2230/2142 2440/2232/2144 748/854/2070 747/2150/2062
f 2440/2232/2144 2441/2233/2145 749/2161/2075 748/854/2070
f 2441/2233/2145 2442/2192/2107 182/1252/2047 749/2161/2075
f 766/2235/2147 2443/2234/2146 2439/2230/2142 765/2231/2143
f 2443/2234/2146 2444/2236/2148 2440/2232/2144 2439/2230/2142
f 2444/2236/2148 2445/2237/2149 2441/2233/2145 2440/2232/2144
f 2445/2237/2149 2446/2193/2108 2442/2192/2107 2441/2233/2145
f 767/2239/2151 2447/2238/2150 2443/2234/2146 766/2235/2147
f 2447/2238/2150 2448/2240/2152 2444/2236/2148 2443/2234/2146
f 2448/2240/2152 2449/2241/2153 2445/2237/2149 2444/2236/2148
f 2449/2241/2153 2450/2194/2109 2446/2193/2108 2445/2237/2149
f 186/2220/2132 2430/851/2133 2447/2238/2150 767/2239/2151
f 2430/851/2133 2434/2224/2137 2448/2240/2152 2447/2238/2150
f 2434/2224/2137 2438/2229/2141 2449/2241/2153 2448/2240/2152
f 2438/2229/2141 184/2195/2110 2450/2194/2109 2449/2241/2153
f 771/2243/2155 2451/2242/2154 681/1914/1792 16/820/1567
f 2451/2242/2154 2452/2244/2156 682/1918/1796 681/1914/1792
f 2452/2244/2156 2453/2245/2157 683/1922/1800 682/1918/1796
f 2453/2245/2157 2454/2246/2158 167/1904/1779 683/1922/1800
f 772/2248/2160 2455/2247/2159 2451/2242/2154 771/2243/2155
f 2455/2247/2159 2456/2249/2161 2452/2244/2156 2451/2242/2154
f 2456/2249/2161 2457/2250/2162 2453/2245/2157 2452/2244/2156
f 2457/2250/2162 2458/2251/2163 2454/2246/2158 2453/2245/2157
f 773/2253/2165 2459/2252/2164 2455/2247/2159 772/2248/2160
f 2459/2252/2164 2460/2254/2166 2456/2249/2161 2455/2247/2159
f 2460/2254/2166 2461/2255/2167 2457/2250/2162 2456/2249/2161
f 2461/2255/2167 2462/2256/2168 2458/2251/2163 2457/2250/2162
f 188/2258/2170 2490/2257/2169 2459/2252/2164 773/2253/2165
f 2490/2257/2169 2494/2259/2171 2460/2254/2166 2459/2252/2164
f 2494/2259/2171 2498/2260/2172 2461/2255/2167 2460/2254/2166
f 2498/2260/2172 187/2261/2173 2462/2256/2168 2461/2255/2167
f 684/1897/1772 2463/2263/2175 780/2262/2174 18/826/1771
f 2463/2263/2175 2464/2265/2177 781/2264/2176 780/2262/2174
f 2464/2265/2177 2465/2267/2179 782/2266/2178 781/2264/2176
f 2465/2267/2179 2466/2269/2181 189/2268/2180 782/2266/2178
f 685/1900/1775 2467/2270/2182 2463/2263/2175 684/1897/1772
f 2467/2270/2182 2468/2271/2183 2464/2265/2177 2463/2263/2175
f 2468/2271/2183 2469/2272/2184 2465/2267/2179 2464/2265/2177
f 2469/2272/2184 2470/2273/2185 2466/2269/2181 2465/2267/2179
f 686/1902/1777 2471/2274/2186 2467/2270/2182 685/1900/1775
f 2471/2274/2186 2472/2275/2187 2468/2271/2183 2467/2270/2182
f 2472/2275/2187 2473/2276/2188 2469/2272/2184 2468/2271/2183
f 2473/2276/2188 2474/2277/2189 2470/2273/2185 2469/2272/2184
f 167/1904/1779 2454/2246/2158 2471/2274/2186 686/1902/1777
f 2454/2246/2158 2458/2251/2163 2472/2275/2187 2471/2274/2186
f 2458/2251/2163 2462/2256/2168 2473/2276/2188 2472/2275/2187
f 2462/2256/2168 187/2261/2173 2474/2277/2189 2473/2276/2188
f 777/2279/2191 2475/2278/2190 411/654/592 58/561/499
f 2475/2278/2190 2476/2280/2192 412/658/596 411/654/592
f 2476/2280/2192 2477/2281/2193 413/662/600 412/658/596
f 2477/2281/2193 2478/2282/2194 103/641/579 413/662/600
f 778/2284/2196 2479/2283/2195 2475/2278/2190 777/2279/2191
f 2479/2283/2195 2480/2285/2197 2476/2280/2192 2475/2278/2190
f 2480/2285/2197 2481/2286/2198 2477/2281/2193 2476/2280/2192
f 2481/2286/2198 2482/2287/2199 2478/2282/2194 2477/2281/2193
f 779/2289/2201 2483/2288/2200 2479/2283/2195 778/2284/2196
f 2483/2288/2200 2484/2290/2202 2480/2285/2197 2479/2283/2195
f 2484/2290/2202 2485/2291/2203 2481/2286/2198 2480/2285/2197
f 2485/2291/2203 2486/2292/2204 2482/2287/2199 2481/2286/2198
f 189/2268/2180 2466/2269/2181 2483/2288/2200 779/2289/2201
f 2466/2269/2181 2470/2273/2185 2484/2290/2202 2483/2288/2200
f 2470/2273/2185 2474/2277/2189 2485/2291/2203 2484/2290/2202
f 2474/2277/2189 187/2261/2173 2486/2292/2204 2485/2291/2203
f 414/634/572 2487/2294/2206 774/2293/2205 57/633/571
f 2487/2294/2206 2488/2296/2208 775/2295/2207 774/2293/2205
f 2488/2296/2208 2489/2298/2210 776/2297/2209 775/2295/2207
f 2489/2298/2210 2490/2257/2169 188/2258/2170 776/2297/2209
f 415/637/575 2491/2299/2211 2487/2294/2206 414/634/572
f 2491/2299/2211 2492/2300/2212 2488/2296/2208 2487/2294/2206
f 2492/2300/2212 2493/2301/2213 2489/2298/2210 2488/2296/2208
f 2493/2301/2213 2494/2259/2171 2490/2257/2169 2489/2298/2210
f 416/639/577 2495/2302/2214 2491/2299/2211 415/637/575
f 2495/2302/2214 2496/2303/2215 2492/2300/2212 2491/2299/2211
f 2496/2303/2215 2497/2304/2216 2493/2301/2213 2492/2300/2212
f 2497/2304/2216 2498/2260/2172 2494/2259/2171 2493/2301/2213
f 103/641/579 2478/2282/2194 2495/2302/2214 416/639/577
f 2478/2282/2194 2482/2287/2199 2496/2303/2215 2495/2302/2214
f 2482/2287/2199 2486/2292/2204 2497/2304/2216 2496/2303/2215
f 2486/2292/2204 187/2261/2173 2498/2260/2172 2497/2304/2216
f 780/2262/2174 2499/2305/2217 699/1973/1864 18/826/1771
f 2499/2305/2217 2500/2306/2218 700/1977/1868 699/1973/1864
f 2500/2306/2218 2501/2307/2219 701/1981/1872 700/1977/1868
f 2501/2307/2219 2502/2308/2220 171/1964/1851 701/1981/1872
f 781/2264/2176 2503/2309/2221 2499/2305/2217 780/2262/2174
f 2503/2309/2221 2504/2310/2222 2500/2306/2218 2499/2305/2217
f 2504/2310/2222 2505/2311/2223 2501/2307/2219 2500/2306/2218
f 2505/2311/2223 2506/2312/2224 2502/2308/2220 2501/2307/2219
f 782/2266/2178 2507/2313/2225 2503/2309/2221 781/2264/2176
f 2507/2313/2225 2508/2314/2226 2504/2310/2222 2503/2309/2221
f 2508/2314/2226 2509/2315/2227 2505/2311/2223 2504/2310/2222
f 2509/2315/2227 2510/2316/2228 2506/2312/2224 2505/2311/2223
f 189/2268/2180 2538/2317/2229 2507/2313/2225 782/2266/2178
f 2538/2317/2229 2542/2318/2230 2508/2314/2226 2507/2313/2225
f 2542/2318/2230 2546/2319/2231 2509/2315/2227 2508/2314/2226
f 2546/2319/2231 190/2320/2232 2510/2316/2228 2509/2315/2227
f 702/1958/1844 2511/2322/2234 786/2321/2233 19/32/1843
f 2511/2322/2234 2512/2324/2236 787/2323/2235 786/2321/2233
f 2512/2324/2236 2513/2326/2238 788/2325/2237 787/2323/2235
f 2513/2326/2238 2514/2328/2240 191/2327/2239 788/2325/2237
f 703/1960/1847 2515/2329/2241 2511/2322/2234 702/1958/1844
f 2515/2329/2241 2516/2330/2242 2512/2324/2236 2511/2322/2234
f 2516/2330/2242 2517/2331/2243 2513/2326/2238 2512/2324/2236
f 2517/2331/2243 2518/2332/2244 2514/2328/2240 2513/2326/2238
f 704/1962/1849 2519/2333/2245 2515/2329/2241 703/1960/1847
f 2519/2333/2245 2520/2334/2246 2516/2330/2242 2515/2329/2241
f 2520/2334/2246 2521/2335/2247 2517/2331/2243 2516/2330/2242
f 2521/2335/2247 2522/2336/2248 2518/2332/2244 2517/2331/2243
f 171/1964/1851 2502/2308/2220 2519/2333/2245 704/1962/1849
f 2502/2308/2220 2506/2312/2224 2520/2334/2246 2519/2333/2245
f 2506/2312/2224 2510/2316/2228 2521/2335/2247 2520/2334/2246
f 2510/2316/2228 190/2320/2232 2522/2336/2248 2521/2335/2247
f 783/2338/2250 2523/2337/2249 393/582/520 59/489/427
f 2523/2337/2249 2524/2339/2251 394/586/524 393/582/520
f 2524/2339/2251 2525/2340/2252 395/590/528 394/586/524
f 2525/2340/2252 2526/2341/2253 99/569/507 395/590/528
f 784/2343/2255 2527/2342/2254 2523/2337/2249 783/2338/2250
f 2527/2342/2254 2528/2344/2256 2524/2339/2251 2523/2337/2249
f 2528/2344/2256 2529/2345/2257 2525/2340/2252 2524/2339/2251
f 2529/2345/2257 2530/2346/2258 2526/2341/2253 2525/2340/2252
f 785/2348/2260 2531/2347/2259 2527/2342/2254 784/2343/2255
f 2531/2347/2259 2532/2349/2261 2528/2344/2256 2527/2342/2254
f 2532/2349/2261 2533/2350/2262 2529/2345/2257 2528/2344/2256
f 2533/2350/2262 2534/2351/2263 2530/2346/2258 2529/2345/2257
f 191/2327/2239 2514/2328/2240 2531/2347/2259 785/2348/2260
f 2514/2328/2240 2518/2332/2244 2532/2349/2261 2531/2347/2259
f 2518/2332/2244 2522/2336/2248 2533/2350/2262 2532/2349/2261
f 2522/2336/2248 190/2320/2232 2534/2351/2263 2533/2350/2262
f 396/562/500 2535/2352/2264 777/2279/2191 58/561/499
f 2535/2352/2264 2536/2353/2265 778/2284/2196 777/2279/2191
f 2536/2353/2265 2537/2354/2266 779/2289/2201 778/2284/2196
f 2537/2354/2266 2538/2317/2229 189/2268/2180 779/2289/2201
f 397/565/503 2539/2355/2267 2535/2352/2264 396/562/500
f 2539/2355/2267 2540/2356/2268 2536/2353/2265 2535/2352/2264
f 2540/2356/2268 2541/2357/2269 2537/2354/2266 2536/2353/2265
f 2541/2357/2269 2542/2318/2230 2538/2317/2229 2537/2354/2266
f 398/567/505 2543/2358/2270 2539/2355/2267 397/565/503
f 2543/2358/2270 2544/2359/2271 2540/2356/2268 2539/2355/2267
f 2544/2359/2271 2545/2360/2272 2541/2357/2269 2540/2356/2268
f 2545/2360/2272 2546/2319/2231 2542/2318/2230 2541/2357/2269
f 99/569/507 2526/2341/2253 2543/2358/2270 398/567/505
f 2526/2341/2253 2530/2346/2258 2544/2359/2271 2543/2358/2270
f 2530/2346/2258 2534/2351/2263 2545/2360/2272 2544/2359/2271
f 2534/2351/2263 190/2320/2232 2546/2319/2231 2545/2360/2272
f 789/2362/2274 2547/2361/2273 645/1663/1588 24/810/846
f 2547/2361/2273 2548/2363/2275 646/1667/1592 645/1663/1588
f 2548/2363/2275 2549/2364/2276 647/1671/1596 646/1667/1592
f 2549/2364/2276 2550/2365/2277 157/1653/1575 647/1671/1596
f 790/2367/2279 2551/2366/2278 2547/2361/2273 789/2362/2274
f 2551/2366/2278 2552/2368/2280 2548/2363/2275 2547/2361/2273
f 2552/2368/2280 2553/2369/2281 2549/2364/2276 2548/2363/2275
f 2553/2369/2281 2554/2370/2282 2550/2365/2277 2549/2364/2276
f 791/2372/2284 2555/2371/2283 2551/2366/2278 790/2367/2279
f 2555/2371/2283 2556/2373/2285 2552/2368/2280 2551/2366/2278
f 2556/2373/2285 2557/2374/2286 2553/2369/2281 2552/2368/2280
f 2557/2374/2286 2558/2375/2287 2554/2370/2282 2553/2369/2281
f 193/2377/2289 2586/2376/2288 2555/2371/2283 791/2372/2284
f 2586/2376/2288 2590/2378/2290 2556/2373/2285 2555/2371/2283
f 2590/2378/2290 2594/2379/2291 2557/2374/2286 2556/2373/2285
f 2594/2379/2291 192/2380/2292 2558/2375/2287 2557/2374/2286
f 648/1646/1568 2559/2381/2293 771/2243/2155 16/820/1567
f 2559/2381/2293 2560/2382/2294 772/2248/2160 771/2243/2155
f 2560/2382/2294 2561/2383/2295 773/2253/2165 772/2248/2160
f 2561/2383/2295 2562/2384/2296 188/2258/2170 773/2253/2165
f 649/1649/1571 2563/2385/2297 2559/2381/2293 648/1646/1568
f 2563/2385/2297 2564/2386/2298 2560/2382/2294 2559/2381/2293
f 2564/2386/2298 2565/2387/2299 2561/2383/2295 2560/2382/2294
f 2565/2387/2299 2566/2388/2300 2562/2384/2296 2561/2383/2295
f 650/1651/1573 2567/2389/2301 2563/2385/2297 649/1649/1571
f 2567/2389/2301 2568/2390/2302 2564/2386/2298 2563/2385/2297
f 2568/2390/2302 2569/2391/2303 2565/2387/2299 2564/2386/2298
f 2569/2391/2303 2570/2392/2304 2566/2388/2300 2565/2387/2299
f 157/1653/1575 2550/2365/2277 2567/2389/2301 650/1651/1573
f 2550/2365/2277 2554/2370/2282 2568/2390/2302 2567/2389/2301
f 2554/2370/2282 2558/2375/2287 2569/2391/2303 2568/2390/2302
f 2558/2375/2287 192/2380/2292 2570/2392/2304 2569/2391/2303
f 774/2293/2205 2571/2393/2305 429/726/664 57/633/571
f 2571/2393/2305 2572/2394/2306 430/730/668 429/726/664
f 2572/2394/2306 2573/2395/2307 431/734/672 430/730/668
f 2573/2395/2307 2574/2396/2308 107/713/651 431/734/672
f 775/2295/2207 2575/2397/2309 2571/2393/2305 774/2293/2205
f 2575/2397/2309 2576/2398/2310 2572/2394/2306 2571/2393/2305
f 2576/2398/2310 2577/2399/2311 2573/2395/2307 2572/2394/2306
f 2577/2399/2311 2578/2400/2312 2574/2396/2308 2573/2395/2307
f 776/2297/2209 2579/2401/2313 2575/2397/2309 775/2295/2207
f 2579/2401/2313 2580/2402/2314 2576/2398/2310 2575/2397/2309
f 2580/2402/2314 2581/2403/2315 2577/2399/2311 2576/2398/2310
f 2581/2403/2315 2582/2404/2316 2578/2400/2312 2577/2399/2311
f 188/2258/2170 2562/2384/2296 2579/2401/2313 776/2297/2209
f 2562/2384/2296 2566/2388/2300 2580/2402/2314 2579/2401/2313
f 2566/2388/2300 2570/2392/2304 2581/2403/2315 2580/2402/2314
f 2570/2392/2304 192/2380/2292 2582/2404/2316 2581/2403/2315
f 432/706/644 2583/2406/2318 792/2405/2317 64/705/643
f 2583/2406/2318 2584/2408/2320 793/2407/2319 792/2405/2317
f 2584/2408/2320 2585/2410/2322 794/2409/2321 793/2407/2319
f 2585/2410/2322 2586/2376/2288 193/2377/2289 794/2409/2321
f 433/709/647 2587/2411/2323 2583/2406/2318 432/706/644
f 2587/2411/2323 2588/2412/2324 2584/2408/2320 2583/2406/2318
f 2588/2412/2324 2589/2413/2325 2585/2410/2322 2584/2408/2320
f 2589/2413/2325 2590/2378/2290 2586/2376/2288 2585/2410/2322
f 434/711/649 2591/2414/2326 2587/2411/2323 433/709/647
f 2591/2414/2326 2592/2415/2327 2588/2412/2324 2587/2411/2323
f 2592/2415/2327 2593/2416/2328 2589/2413/2325 2588/2412/2324
f 2593/2416/2328 2594/2379/2291 2590/2378/2290 2589/2413/2325
f 107/713/651 2574/2396/2308 2591/2414/2326 434/711/649
f 2574/2396/2308 2578/2400/2312 2592/2415/2327 2591/2414/2326
f 2578/2400/2312 2582/2404/2316 2593/2416/2328 2592/2415/2327
f 2582/2404/2316 192/2380/2292 2594/2379/2291 2593/2416/2328
f 786/2321/2233 2595/2417/2329 717/2036/1936 19/32/1843
f 2595/2417/2329 2596/2418/2330 718/2040/1940 717/2036/1936
f 2596/2418/2330 2597/2419/2331 719/2044/1944 718/2040/1940
f 2597/2419/2331 2598/2420/2332 175/2026/1923 719/2044/1944
f 787/2323/2235 2599/2421/2333 2595/2417/2329 786/2321/2233
f 2599/2421/2333 2600/2422/2334 2596/2418/2330 2595/2417/2329
f 2600/2422/2334 2601/2423/2335 2597/2419/2331 2596/2418/2330
f 2601/2423/2335 2602/2424/2336 2598/2420/2332 2597/2419/2331
f 788/2325/2237 2603/2425/2337 2599/2421/2333 787/2323/2235
f 2603/2425/2337 2604/2426/2338 2600/2422/2334 2599/2421/2333
f 2604/2426/2338 2605/2427/2339 2601/2423/2335 2600/2422/2334
f 2605/2427/2339 2606/2428/2340 2602/2424/2336 2601/2423/2335
f 191/2327/2239 2634/2429/2341 2603/2425/2337 788/2325/2237
f 2634/2429/2341 2638/2430/2342 2604/2426/2338 2603/2425/2337
f 2638/2430/2342 2642/2431/2343 2605/2427/2339 2604/2426/2338
f 2642/2431/2343 194/2432/2344 2606/2428/2340 2605/2427/2339
f 720/2019/1916 2607/2434/2346 798/2433/2345 20/868/1915
f 2607/2434/2346 2608/2436/2348 799/2435/2347 798/2433/2345
f 2608/2436/2348 2609/2438/2350 800/2437/2349 799/2435/2347
f 2609/2438/2350 2610/2440/2352 195/2439/2351 800/2437/2349
f 721/2022/1919 2611/2441/2353 2607/2434/2346 720/2019/1916
f 2611/2441/2353 2612/2442/2354 2608/2436/2348 2607/2434/2346
f 2612/2442/2354 2613/2443/2355 2609/2438/2350 2608/2436/2348
f 2613/2443/2355 2614/2444/2356 2610/2440/2352 2609/2438/2350
f 722/2024/1921 2615/2445/2357 2611/2441/2353 721/2022/1919
f 2615/2445/2357 2616/2446/2358 2612/2442/2354 2611/2441/2353
f 2616/2446/2358 2617/2447/2359 2613/2443/2355 2612/2442/2354
f 2617/2447/2359 2618/2448/2360 2614/2444/2356 2613/2443/2355
f 175/2026/1923 2598/2420/2332 2615/2445/2357 722/2024/1921
f 2598/2420/2332 2602/2424/2336 2616/2446/2358 2615/2445/2357
f 2602/2424/2336 2606/2428/2340 2617/2447/2359 2616/2446/2358
f 2606/2428/2340 194/2432/2344 2618/2448/2360 2617/2447/2359
f 795/2450/2362 2619/2449/2361 375/510/448 60/418/355
f 2619/2449/2361 2620/2451/2363 376/514/452 375/510/448
f 2620/2451/2363 2621/2452/2364 377/518/456 376/514/452
f 2621/2452/2364 2622/2453/2365 95/497/435 377/518/456
f 796/2455/2367 2623/2454/2366 2619/2449/2361 795/2450/2362
f 2623/2454/2366 2624/2456/2368 2620/2451/2363 2619/2449/2361
f 2624/2456/2368 2625/2457/2369 2621/2452/2364 2620/2451/2363
f 2625/2457/2369 2626/2458/2370 2622/2453/2365 2621/2452/2364
f 797/2460/2372 2627/2459/2371 2623/2454/2366 796/2455/2367
f 2627/2459/2371 2628/2461/2373 2624/2456/2368 2623/2454/2366
f 2628/2461/2373 2629/2462/2374 2625/2457/2369 2624/2456/2368
f 2629/2462/2374 2630/2463/2375 2626/2458/2370 2625/2457/2369
f 195/2439/2351 2610/2440/2352 2627/2459/2371 797/2460/2372
f 2610/2440/2352 2614/2444/2356 2628/2461/2373 2627/2459/2371
f 2614/2444/2356 2618/2448/2360 2629/2462/2374 2628/2461/2373
f 2618/2448/2360 194/2432/2344 2630/2463/2375 2629/2462/2374
f 378/490/428 2631/2464/2376 783/2338/2250 59/489/427
f 2631/2464/2376 2632/2465/2377 784/2343/2255 783/2338/2250
f 2632/2465/2377 2633/2466/2378 785/2348/2260 784/2343/2255
f 2633/2466/2378 2634/2429/2341 191/2327/2239 785/2348/2260
f 379/493/431 2635/2467/2379 2631/2464/2376 378/490/428
f 2635/2467/2379 2636/2468/2380 2632/2465/2377 2631/2464/2376
f 2636/2468/2380 2637/2469/2381 2633/2466/2378 2632/2465/2377
f 2637/2469/2381 2638/2430/2342 2634/2429/2341 2633/2466/2378
f 380/495/433 2639/2470/2382 2635/2467/2379 379/493/431
f 2639/2470/2382 2640/2471/2383 2636/2468/2380 2635/2467/2379
f 2640/2471/2383 2641/2472/2384 2637/2469/2381 2636/2468/2380
f 2641/2472/2384 2642/2431/2343 2638/2430/2342 2637/2469/2381
f 95/497/435 2622/2453/2365 2639/2470/2382 380/495/433
f 2622/2453/2365 2626/2458/2370 2640/2471/2383 2639/2470/2382
f 2626/2458/2370 2630/2463/2375 2641/2472/2384 2640/2471/2383
f 2630/2463/2375 194/2432/2344 2642/2431/2343 2641/2472/2384
f 798/2433/2345 2643/2473/2385 735/2100/2008 20/868/1915
f 2643/2473/2385 2644/2474/2386 736/2104/2012 735/2100/2008
f 2644/2474/2386 2645/2475/2387 737/2108/2016 736/2104/2012
f 2645/2475/2387 2646/2476/2388 179/2090/1995 737/2108/2016
f 799/2435/2347 2647/2477/2389 2643/2473/2385 798/2433/2345
f 2647/2477/2389 2648/2478/2390 2644/2474/2386 2643/2473/2385
f 2648/2478/2390 2649/2479/2391 2645/2475/2387 2644/2474/2386
f 2649/2479/2391 2650/2480/2392 2646/2476/2388 2645/2475/2387
f 800/2437/2349 2651/2481/2393 2647/2477/2389 799/2435/2347
f 2651/2481/2393 2652/2482/2394 2648/2478/2390 2647/2477/2389
f 2652/2482/2394 2653/2483/2395 2649/2479/2391 2648/2478/2390
f 2653/2483/2395 2654/2484/2396 2650/2480/2392 2649/2479/2391
f 195/2439/2351 2682/2485/2397 2651/2481/2393 800/2437/2349
f 2682/2485/2397 2686/2486/2398 2652/2482/2394 2651/2481/2393
f 2686/2486/2398 2690/2487/2399 2653/2483/2395 2652/2482/2394
f 2690/2487/2399 196/2488/2400 2654/2484/2396 2653/2483/2395
f 738/2083/1988 2655/2490/2402 804/2489/2401 21/862/1987
f 2655/2490/2402 2656/2492/2404 805/2491/2403 804/2489/2401
f 2656/2492/2404 2657/2494/2406 806/2493/2405 805/2491/2403
f 2657/2494/2406 2658/2496/2408 197/2495/2407 806/2493/2405
f 739/2086/1991 2659/2497/2409 2655/2490/2402 738/2083/1988
f 2659/2497/2409 2660/2498/2410 2656/2492/2404 2655/2490/2402
f 2660/2498/2410 2661/2499/2411 2657/2494/2406 2656/2492/2404
f 2661/2499/2411 2662/2500/2412 2658/2496/2408 2657/2494/2406
f 740/2088/1993 2663/2501/2413 2659/2497/2409 739/2086/1991
f 2663/2501/2413 2664/2502/2414 2660/2498/2410 2659/2497/2409
f 2664/2502/2414 2665/2503/2415 2661/2499/2411 2660/2498/2410
f 2665/2503/2415 2666/2504/2416 2662/2500/2412 2661/2499/2411
f 179/2090/1995 2646/2476/2388 2663/2501/2413 740/2088/1993
f 2646/2476/2388 2650/2480/2392 2664/2502/2414 2663/2501/2413
f 2650/2480/2392 2654/2484/2396 2665/2503/2415 2664/2502/2414
f 2654/2484/2396 196/2488/2400 2666/2504/2416 2665/2503/2415
f 801/2506/2418 2667/2505/2417 357/439/376 61/346/283
f 2667/2505/2417 2668/2507/2419 358/443/380 357/439/376
f 2668/2507/2419 2669/2508/2420 359/447/384 358/443/380
f 2669/2508/2420 2670/2509/2421 91/426/363 359/447/384
f 802/2511/2423 2671/2510/2422 2667/2505/2417 801/2506/2418
f 2671/2510/2422 2672/2512/2424 2668/2507/2419 2667/2505/2417
f 2672/2512/2424 2673/2513/2425 2669/2508/2420 2668/2507/2419
f 2673/2513/2425 2674/2514/2426 2670/2509/2421 2669/2508/2420
f 803/2516/2428 2675/2515/2427 2671/2510/2422 802/2511/2423
f 2675/2515/2427 2676/2517/2429 2672/2512/2424 2671/2510/2422
f 2676/2517/2429 2677/2518/2430 2673/2513/2425 2672/2512/2424
f 2677/2518/2430 2678/2519/2431 2674/2514/2426 2673/2513/2425
f 197/2495/2407 2658/2496/2408 2675/2515/2427 803/2516/2428
f 2658/2496/2408 2662/2500/2412 2676/2517/2429 2675/2515/2427
f 2662/2500/2412 2666/2504/2416 2677/2518/2430 2676/2517/2429
f 2666/2504/2416 196/2488/2400 2678/2519/2431 2677/2518/2430
f 360/419/356 2679/2520/2432 795/2450/2362 60/418/355
f 2679/2520/2432 2680/2521/2433 796/2455/2367 795/2450/2362
f 2680/2521/2433 2681/2522/2434 797/2460/2372 796/2455/2367
f 2681/2522/2434 2682/2485/2397 195/2439/2351 797/2460/2372
f 361/422/359 2683/2523/2435 2679/2520/2432 360/419/356
f 2683/2523/2435 2684/2524/2436 2680/2521/2433 2679/2520/2432
f 2684/2524/2436 2685/2525/2437 2681/2522/2434 2680/2521/2433
f 2685/2525/2437 2686/2486/2398 2682/2485/2397 2681/2522/2434
f 362/424/361 2687/2526/2438 2683/2523/2435 361/422/359
f 2687/2526/2438 2688/2527/2439 2684/2524/2436 2683/2523/2435
f 2688/2527/2439 2689/2528/2440 2685/2525/2437 2684/2524/2436
f 2689/2528/2440 2690/2487/2399 2686/2486/2398 2685/2525/2437
f 91/426/363 2670/2509/2421 2687/2526/2438 362/424/361
f 2670/2509/2421 2674/2514/2426 2688/2527/2439 2687/2526/2438
f 2674/2514/2426 2678/2519/2431 2689/2528/2440 2688/2527/2439
f 2678/2519/2431 196/2488/2400 2690/2487/2399 2689/2528/2440
f 804/2489/2401 2691/2529/2441 753/2165/2080 21/862/1987
f 2691/2529/2441 2692/2530/2442 754/2169/2084 753/2165/2080
f 2692/2530/2442 2693/2531/2443 755/2173/2088 754/2169/2084
f 2693/2531/2443 2694/2532/2444 183/2155/2067 755/2173/2088
f 805/2491/2403 2695/2533/2445 2691/2529/2441 804/2489/2401
f 2695/2533/2445 2696/2534/2446 2692/2530/2442 2691/2529/2441
f 2696/2534/2446 2697/2535/2447 2693/2531/2443 2692/2530/2442
f 2697/2535/2447 2698/2536/2448 2694/2532/2444 2693/2531/2443
f 806/2493/2405 2699/2537/2449 2695/2533/2445 805/2491/2403
f 2699/2537/2449 2700/2538/2450 2696/2534/2446 2695/2533/2445
f 2700/2538/2450 2701/2539/2451 2697/2535/2447 2696/2534/2446
f 2701/2539/2451 2702/2540/2452 2698/2536/2448 2697/2535/2447
f 197/2495/2407 2730/2541/2453 2699/2537/2449 806/2493/2405
f 2730/2541/2453 2734/2542/2454 2700/2538/2450 2699/2537/2449
f 2734/2542/2454 2738/2543/2455 2701/2539/2451 2700/2538/2450
f 2738/2543/2455 198/2544/2456 2702/2540/2452 2701/2539/2451
f 756/2148/2060 2703/2546/2458 810/2545/2457 22/852/2059
f 2703/2546/2458 2704/2548/2460 811/2547/2459 810/2545/2457
f 2704/2548/2460 2705/2550/2462 812/2549/2461 811/2547/2459
f 2705/2550/2462 2706/2552/2464 199/2551/2463 812/2549/2461
f 757/2151/2063 2707/2553/2465 2703/2546/2458 756/2148/2060
f 2707/2553/2465 2708/2554/2466 2704/2548/2460 2703/2546/2458
f 2708/2554/2466 2709/2555/2467 2705/2550/2462 2704/2548/2460
f 2709/2555/2467 2710/2556/2468 2706/2552/2464 2705/2550/2462
f 758/2153/2065 2711/2557/2469 2707/2553/2465 757/2151/2063
f 2711/2557/2469 2712/2558/2470 2708/2554/2466 2707/2553/2465
f 2712/2558/2470 2713/2559/2471 2709/2555/2467 2708/2554/2466
f 2713/2559/2471 2714/2560/2472 2710/2556/2468 2709/2555/2467
f 183/2155/2067 2694/2532/2444 2711/2557/2469 758/2153/2065
f 2694/2532/2444 2698/2536/2448 2712/2558/2470 2711/2557/2469
f 2698/2536/2448 2702/2540/2452 2713/2559/2471 2712/2558/2470
f 2702/2540/2452 198/2544/2456 2714/2560/2472 2713/2559/2471
f 807/2562/2474 2715/2561/2473 339/367/304 62/270/207
f 2715/2561/2473 2716/2563/2475 340/371/308 339/367/304
f 2716/2563/2475 2717/2564/2476 341/375/312 340/371/308
f 2717/2564/2476 2718/2565/2477 87/354/291 341/375/312
f 808/2567/2479 2719/2566/2478 2715/2561/2473 807/2562/2474
f 2719/2566/2478 2720/2568/2480 2716/2563/2475 2715/2561/2473
f 2720/2568/2480 2721/2569/2481 2717/2564/2476 2716/2563/2475
f 2721/2569/2481 2722/2570/2482 2718/2565/2477 2717/2564/2476
f 809/2572/2484 2723/2571/2483 2719/2566/2478 808/2567/2479
f 2723/2571/2483 2724/2573/2485 2720/2568/2480 2719/2566/2478
f 2724/2573/2485 2725/2574/2486 2721/2569/2481 2720/2568/2480
f 2725/2574/2486 2726/2575/2487 2722/2570/2482 2721/2569/2481
f 199/2551/2463 2706/2552/2464 2723/2571/2483 809/2572/2484
f 2706/2552/2464 2710/2556/2468 2724/2573/2485 2723/2571/2483
f 2710/2556/2468 2714/2560/2472 2725/2574/2486 2724/2573/2485
f 2714/2560/2472 198/2544/2456 2726/2575/2487 2725/2574/2486
f 342/347/284 2727/2576/2488 801/2506/2418 61/346/283
f 2727/2576/2488 2728/2577/2489 802/2511/2423 801/2506/2418
f 2728/2577/2489 2729/2578/2490 803/2516/2428 802/2511/2423
f 2729/2578/2490 2730/2541/2453 197/2495/2407 803/2516/2428
f 343/350/287 2731/2579/2491 2727/2576/2488 342/347/284
f 2731/2579/2491 2732/2580/2492 2728/2577/2489 2727/2576/2488
f 2732/2580/2492 2733/2581/2493 2729/2578/2490 2728/2577/2489
f 2733/2581/2493 2734/2542/2454 2730/2541/2453 2729/2578/2490
f 344/352/289 2735/2582/2494 2731/2579/2491 343/350/287
f 2735/2582/2494 2736/2583/2495 2732/2580/2492 2731/2579/2491
f 2736/2583/2495 2737/2584/2496 2733/2581/2493 2732/2580/2492
f 2737/2584/2496 2738/2543/2455 2734/2542/2454 2733/2581/2493
f 87/354/291 2718/2565/2477 2735/2582/2494 344/352/289
f 2718/2565/2477 2722/2570/2482 2736/2583/2495 2735/2582/2494
f 2722/2570/2482 2726/2575/2487 2737/2584/2496 2736/2583/2495
f 2726/2575/2487 198/2544/2456 2738/2543/2455 2737/2584/2496
f 810/2545/2457 2739/2585/2497 765/2231/2143 22/852/2059
f 2739/2585/2497 2740/2586/2499 766/2235/2498 765/2231/2143
f 2740/2586/2499 2741/2587/2501 767/2239/2500 766/2235/2498
f 2741/2587/2501 2742/2588/2503 186/2220/2502 767/2239/2500
f 811/2547/2459 2743/2589/2504 2739/2585/2497 810/2545/2457
f 2743/2589/2504 2744/2590/2505 2740/2586/2499 2739/2585/2497
f 2744/2590/2505 2745/2591/2506 2741/2587/2501 2740/2586/2499
f 2745/2591/2506 2746/2592/2507 2742/2588/2503 2741/2587/2501
f 812/2549/2461 2747/2593/2508 2743/2589/2504 811/2547/2459
f 2747/2593/2508 2748/2594/2509 2744/2590/2505 2743/2589/2504
f 2748/2594/2509 2749/2595/2510 2745/2591/2506 2744/2590/2505
f 2749/2595/2510 2750/2596/2511 2746/2592/2507 2745/2591/2506
f 199/2551/2463 2778/2597/2512 2747/2593/2508 812/2549/2461
f 2778/2597/2512 2782/2598/2513 2748/2594/2509 2747/2593/2508
f 2782/2598/2513 2786/2599/2514 2749/2595/2510 2748/2594/2509
f 2786/2599/2514 200/2600/2515 2750/2596/2511 2749/2595/2510
f 768/2213/2126 2751/2602/2517 816/2601/2516 23/92/866
f 2751/2602/2517 2752/2604/2519 817/2603/2518 816/2601/2516
f 2752/2604/2519 2753/2606/2521 818/2605/2520 817/2603/2518
f 2753/2606/2521 2754/2608/2523 201/2607/2522 818/2605/2520
f 769/2216/2128 2755/2609/2524 2751/2602/2517 768/2213/2126
f 2755/2609/2524 2756/2610/2525 2752/2604/2519 2751/2602/2517
f 2756/2610/2525 2757/2611/2526 2753/2606/2521 2752/2604/2519
f 2757/2611/2526 2758/2612/2527 2754/2608/2523 2753/2606/2521
f 770/2218/2130 2759/2613/2528 2755/2609/2524 769/2216/2128
f 2759/2613/2528 2760/2614/2529 2756/2610/2525 2755/2609/2524
f 2760/2614/2529 2761/2615/2530 2757/2611/2526 2756/2610/2525
f 2761/2615/2530 2762/2616/2531 2758/2612/2527 2757/2611/2526
f 186/2220/2502 2742/2588/2503 2759/2613/2528 770/2218/2130
f 2742/2588/2503 2746/2592/2507 2760/2614/2529 2759/2613/2528
f 2746/2592/2507 2750/2596/2511 2761/2615/2530 2760/2614/2529
f 2750/2596/2511 200/2600/2515 2762/2616/2531 2761/2615/2530
f 813/2618/2533 2763/2617/2532 321/293/230 63/290/227
f 2763/2617/2532 2764/2619/2534 322/299/236 321/293/230
f 2764/2619/2534 2765/2620/2535 323/303/240 322/299/236
f 2765/2620/2535 2766/2621/2536 83/278/215 323/303/240
f 814/2623/2538 2767/2622/2537 2763/2617/2532 813/2618/2533
f 2767/2622/2537 2768/2624/2539 2764/2619/2534 2763/2617/2532
f 2768/2624/2539 2769/2625/2540 2765/2620/2535 2764/2619/2534
f 2769/2625/2540 2770/2626/2541 2766/2621/2536 2765/2620/2535
f 815/2628/2543 2771/2627/2542 2767/2622/2537 814/2623/2538
f 2771/2627/2542 2772/2629/2544 2768/2624/2539 2767/2622/2537
f 2772/2629/2544 2773/2630/2545 2769/2625/2540 2768/2624/2539
f 2773/2630/2545 2774/2631/2546 2770/2626/2541 2769/2625/2540
f 201/2607/2522 2754/2608/2523 2771/2627/2542 815/2628/2543
f 2754/2608/2523 2758/2612/2527 2772/2629/2544 2771/2627/2542
f 2758/2612/2527 2762/2616/2531 2773/2630/2545 2772/2629/2544
f 2762/2616/2531 200/2600/2515 2774/2631/2546 2773/2630/2545
f 324/271/208 2775/2632/2547 807/2562/2474 62/270/207
f 2775/2632/2547 2776/2633/2548 808/2567/2479 807/2562/2474
f 2776/2633/2548 2777/2634/2549 809/2572/2484 808/2567/2479
f 2777/2634/2549 2778/2597/2512 199/2551/2463 809/2572/2484
f 325/274/211 2779/2635/2550 2775/2632/2547 324/271/208
f 2779/2635/2550 2780/2636/2551 2776/2633/2548 2775/2632/2547
f 2780/2636/2551 2781/2637/2552 2777/2634/2549 2776/2633/2548
f 2781/2637/2552 2782/2598/2513 2778/2597/2512 2777/2634/2549
f 326/276/213 2783/2638/2553 2779/2635/2550 325/274/211
f 2783/2638/2553 2784/2639/2554 2780/2636/2551 2779/2635/2550
f 2784/2639/2554 2785/2640/2555 2781/2637/2552 2780/2636/2551
f 2785/2640/2555 2786/2599/2514 2782/2598/2513 2781/2637/2552
f 83/278/215 2766/2621/2536 2783/2638/2553 326/276/213
f 2766/2621/2536 2770/2626/2541 2784/2639/2554 2783/2638/2553
f 2770/2626/2541 2774/2631/2546 2785/2640/2555 2784/2639/2554
f 2774/2631/2546 200/2600/2515 2786/2599/2514 2785/2640/2555
f 816/2642/2516 2787/2641/2556 477/949/869 23/199/866
f 2787/2641/2556 2788/2643/2557 478/955/875 477/949/869
f 2788/2643/2557 2789/2644/2558 479/959/879 478/955/875
f 2789/2644/2558 2790/2645/2559 118/937/854 479/959/879
f 817/2647/2518 2791/2646/2560 2787/2641/2556 816/2642/2516
f 2791/2646/2560 2792/2648/2561 2788/2643/2557 2787/2641/2556
f 2792/2648/2561 2793/2649/2562 2789/2644/2558 2788/2643/2557
f 2793/2649/2562 2794/2650/2563 2790/2645/2559 2789/2644/2558
f 818/2652/2520 2795/2651/2564 2791/2646/2560 817/2647/2518
f 2795/2651/2564 2796/2653/2565 2792/2648/2561 2791/2646/2560
f 2796/2653/2565 2797/2654/2566 2793/2649/2562 2792/2648/2561
f 2797/2654/2566 2798/2655/2567 2794/2650/2563 2793/2649/2562
f 201/2657/2522 2826/2656/2568 2795/2651/2564 818/2652/2520
f 2826/2656/2568 2830/2658/2569 2796/2653/2565 2795/2651/2564
f 2830/2658/2569 2834/2659/2570 2797/2654/2566 2796/2653/2565
f 2834/2659/2570 202/2660/2571 2798/2655/2567 2797/2654/2566
f 480/930/847 2799/2661/2572 789/2362/2274 24/810/846
f 2799/2661/2572 2800/2662/2573 790/2367/2279 789/2362/2274
f 2800/2662/2573 2801/2663/2574 791/2372/2284 790/2367/2279
f 2801/2663/2574 2802/2664/2575 193/2377/2289 791/2372/2284
f 481/933/850 2803/2665/2576 2799/2661/2572 480/930/847
f 2803/2665/2576 2804/2666/2577 2800/2662/2573 2799/2661/2572
f 2804/2666/2577 2805/2667/2578 2801/2663/2574 2800/2662/2573
f 2805/2667/2578 2806/2668/2579 2802/2664/2575 2801/2663/2574
f 482/935/852 2807/2669/2580 2803/2665/2576 481/933/850
f 2807/2669/2580 2808/2670/2581 2804/2666/2577 2803/2665/2576
f 2808/2670/2581 2809/2671/2582 2805/2667/2578 2804/2666/2577
f 2809/2671/2582 2810/2672/2583 2806/2668/2579 2805/2667/2578
f 118/937/854 2790/2645/2559 2807/2669/2580 482/935/852
f 2790/2645/2559 2794/2650/2563 2808/2670/2581 2807/2669/2580
f 2794/2650/2563 2798/2655/2567 2809/2671/2582 2808/2670/2581
f 2798/2655/2567 202/2660/2571 2810/2672/2583 2809/2671/2582
f 792/2405/2317 2811/2673/2584 441/798/727 64/705/643
f 2811/2673/2584 2812/2674/2585 442/802/731 441/798/727
f 2812/2674/2585 2813/2675/2586 443/806/735 442/802/731
f 2813/2675/2586 2814/2676/2587 110/785/716 443/806/735
f 793/2407/2319 2815/2677/2588 2811/2673/2584 792/2405/2317
f 2815/2677/2588 2816/2678/2589 2812/2674/2585 2811/2673/2584
f 2816/2678/2589 2817/2679/2590 2813/2675/2586 2812/2674/2585
f 2817/2679/2590 2818/2680/2591 2814/2676/2587 2813/2675/2586
f 794/2409/2321 2819/2681/2592 2815/2677/2588 793/2407/2319
f 2819/2681/2592 2820/2682/2593 2816/2678/2589 2815/2677/2588
f 2820/2682/2593 2821/2683/2594 2817/2679/2590 2816/2678/2589
f 2821/2683/2594 2822/2684/2595 2818/2680/2591 2817/2679/2590
f 193/2377/2289 2802/2664/2575 2819/2681/2592 794/2409/2321
f 2802/2664/2575 2806/2668/2579 2820/2682/2593 2819/2681/2592
f 2806/2668/2579 2810/2672/2583 2821/2683/2594 2820/2682/2593
f 2810/2672/2583 202/2660/2571 2822/2684/2595 2821/2683/2594
f 444/778/710 2823/2686/2596 813/2685/2533 63/777/227
f 2823/2686/2596 2824/2688/2597 814/2687/2538 813/2685/2533
f 2824/2688/2597 2825/2690/2598 815/2689/2543 814/2687/2538
f 2825/2690/2598 2826/2656/2568 201/2657/2522 815/2689/2543
f 445/781/712 2827/2691/2599 2823/2686/2596 444/778/710
f 2827/2691/2599 2828/2692/2600 2824/2688/2597 2823/2686/2596
f 2828/2692/2600 2829/2693/2601 2825/2690/2598 2824/2688/2597
f 2829/2693/2601 2830/2658/2569 2826/2656/2568 2825/2690/2598
f 446/783/714 2831/2694/2602 2827/2691/2599 445/781/712
f 2831/2694/2602 2832/2695/2603 2828/2692/2600 2827/2691/2599
f 2832/2695/2603 2833/2696/2604 2829/2693/2601 2828/2692/2600
f 2833/2696/2604 2834/2659/2570 2830/2658/2569 2829/2693/2601
f 110/785/716 2814/2676/2587 2831/2694/2602 446/783/714
f 2814/2676/2587 2818/2680/2591 2832/2695/2603 2831/2694/2602
f 2818/2680/2591 2822/2684/2595 2833/2696/2604 2832/2695/2603
f 2822/2684/2595 202/2660/2571 2834/2659/2570 2833/2696/2604
f 819/910/2607 2835/1638/2606 828/915/2605 33/885/1156
f 2835/1638/2606 2836/1879/2609 829/1640/2608 828/915/2605
f 2836/1879/2609 2837/1978/2611 830/1907/2610 829/1640/2608
f 2837/1978/2611 2838/32/2613 205/1964/2612 830/1907/2610
f 820/1231/2615 2839/1894/2614 2835/1638/2606 819/910/2607
f 2839/1894/2614 2840/1940/2616 2836/1879/2609 2835/1638/2606
f 2840/1940/2616 2841/1965/2617 2837/1978/2611 2836/1879/2609
f 2841/1965/2617 2842/2026/2618 2838/32/2613 2837/1978/2611
f 821/1232/2620 2843/1935/2619 2839/1894/2614 820/1231/2615
f 2843/1935/2619 2844/879/2621 2840/1940/2616 2839/1894/2614
f 2844/879/2621 2845/2030/2622 2841/1965/2617 2840/1940/2616
f 2845/2030/2622 2846/868/2623 2842/2026/2618 2841/1965/2617
f 204/146/2625 2874/1993/2624 2843/1935/2619 821/1232/2620
f 2874/1993/2624 2878/2013/2626 2844/879/2621 2843/1935/2619
f 2878/2013/2626 2882/2101/2627 2845/2030/2622 2844/879/2621
f 2882/2101/2627 203/2090/2628 2846/868/2623 2845/2030/2622
f 825/2698/2632 2847/2697/2631 834/250/2630 34/250/2629
f 2847/2697/2631 2848/2699/2634 835/250/2633 834/250/2630
f 2848/2699/2634 2849/2700/2636 836/250/2635 835/250/2633
f 2849/2700/2636 2850/2701/2638 206/250/2637 836/250/2635
f 826/2703/2640 2851/2702/2639 2847/2697/2631 825/2698/2632
f 2851/2702/2639 2852/2704/2641 2848/2699/2634 2847/2697/2631
f 2852/2704/2641 2853/839/2642 2849/2700/2636 2848/2699/2634
f 2853/839/2642 2854/2705/2643 2850/2701/2638 2849/2700/2636
f 827/2707/2645 2855/2706/2644 2851/2702/2639 826/2703/2640
f 2855/2706/2644 2856/2708/2646 2852/2704/2641 2851/2702/2639
f 2856/2708/2646 2857/2709/2647 2853/839/2642 2852/2704/2641
f 2857/2709/2647 2858/2710/2648 2854/2705/2643 2853/839/2642
f 205/1964/2612 2838/32/2613 2855/2706/2644 827/2707/2645
f 2838/32/2613 2842/2026/2618 2856/2708/2646 2855/2706/2644
f 2842/2026/2618 2846/868/2623 2857/2709/2647 2856/2708/2646
f 2846/868/2623 203/2090/2628 2858/2710/2648 2857/2709/2647
f 831/250/2650 2859/1240/2649 309/2711/190 9/250/187
f 2859/1240/2649 2860/1242/2651 310/2712/198 309/2711/190
f 2860/1242/2651 2861/861/2652 311/2713/203 310/2712/198
f 2861/861/2652 2862/852/2653 81/2220/170 311/2713/203
f 832/250/2655 2863/2714/2654 2859/1240/2649 831/250/2650
f 2863/2714/2654 2864/2715/2656 2860/1242/2651 2859/1240/2649
f 2864/2715/2656 2865/2716/2657 2861/861/2652 2860/1242/2651
f 2865/2716/2657 2866/2155/2658 2862/852/2653 2861/861/2652
f 833/250/2660 2867/2717/2659 2863/2714/2654 832/250/2655
f 2867/2717/2659 2868/2718/2661 2864/2715/2656 2863/2714/2654
f 2868/2718/2661 2869/2719/2662 2865/2716/2657 2864/2715/2656
f 2869/2719/2662 2870/862/2663 2866/2155/2658 2865/2716/2657
f 206/250/2637 2850/2701/2638 2867/2717/2659 833/250/2660
f 2850/2701/2638 2854/2705/2643 2868/2718/2661 2867/2717/2659
f 2854/2705/2643 2858/2710/2648 2869/2719/2662 2868/2718/2661
f 2858/2710/2648 203/2090/2628 2870/862/2663 2869/2719/2662
f 312/2199/163 2871/1247/2665 822/1246/2664 1/1245/162
f 2871/1247/2665 2872/2119/2667 823/1249/2666 822/1246/2664
f 2872/2119/2667 2873/2056/2669 824/1251/2668 823/1249/2666
f 2873/2056/2669 2874/1993/2624 204/146/2625 824/1251/2668
f 313/2207/166 2875/1252/2670 2871/1247/2665 312/2199/163
f 2875/1252/2670 2876/2128/2671 2872/2119/2667 2871/1247/2665
f 2876/2128/2671 2877/2065/2672 2873/2056/2669 2872/2119/2667
f 2877/2065/2672 2878/2013/2626 2874/1993/2624 2873/2056/2669
f 314/2223/168 2879/854/2673 2875/1252/2670 313/2207/166
f 2879/854/2673 2880/2174/2674 2876/2128/2671 2875/1252/2670
f 2880/2174/2674 2881/2092/2675 2877/2065/2672 2876/2128/2671
f 2881/2092/2675 2882/2101/2627 2878/2013/2626 2877/2065/2672
f 81/2220/170 2862/852/2653 2879/854/2673 314/2223/168
f 2862/852/2653 2866/2155/2658 2880/2174/2674 2879/854/2673
f 2866/2155/2658 2870/862/2663 2881/2092/2675 2880/2174/2674
f 2870/862/2663 203/2090/2628 2882/2101/2627 2881/2092/2675
f 834/250/2630 2883/306/2677 840/306/2676 34/250/2629
f 2883/306/2677 2884/308/2679 841/308/2678 840/306/2676
f 2884/308/2679 2885/310/2681 842/310/2680 841/308/2678
f 2885/310/2681 2886/312/2683 208/312/2682 842/310/2680
f 835/250/2633 2887/306/2684 2883/306/2677 834/250/2630
f 2887/306/2684 2888/308/2685 2884/308/2679 2883/306/2677
f 2888/308/2685 2889/310/2686 2885/310/2681 2884/308/2679
f 2889/310/2686 2890/312/2687 2886/312/2683 2885/310/2681
f 836/250/2635 2891/306/2688 2887/306/2684 835/250/2633
f 2891/306/2688 2892/308/2689 2888/308/2685 2887/306/2684
f 2892/308/2689 2893/310/2690 2889/310/2686 2888/308/2685
f 2893/310/2690 2894/312/2691 2890/312/2687 2889/310/2686
f 206/250/2637 2922/306/2692 2891/306/2688 836/250/2635
f 2922/306/2692 2926/308/2693 2892/308/2689 2891/306/2688
f 2926/308/2693 2930/310/2694 2893/310/2690 2892/308/2689
f 2930/310/2694 207/312/2695 2894/312/2691 2893/310/2690
f 837/329/2699 2895/329/2698 846/326/2697 36/326/2696
f 2895/329/2698 2896/329/2701 847/326/2700 846/326/2697
f 2896/329/2701 2897/329/2703 848/326/2702 847/326/2700
f 2897/329/2703 2898/329/2705 209/326/2704 848/326/2702
f 838/337/2707 2899/337/2706 2895/329/2698 837/329/2699
f 2899/337/2706 2900/337/2708 2896/329/2701 2895/329/2698
f 2900/337/2708 2901/337/2709 2897/329/2703 2896/329/2701
f 2901/337/2709 2902/337/2710 2898/329/2705 2897/329/2703
f 839/342/2712 2903/342/2711 2899/337/2706 838/337/2707
f 2903/342/2711 2904/342/2713 2900/337/2708 2899/337/2706
f 2904/342/2713 2905/342/2714 2901/337/2709 2900/337/2708
f 2905/342/2714 2906/342/2715 2902/337/2710 2901/337/2709
f 208/312/2682 2886/312/2683 2903/342/2711 839/342/2712
f 2886/312/2683 2890/312/2687 2904/342/2713 2903/342/2711
f 2890/312/2687 2894/312/2691 2905/342/2714 2904/342/2713
f 2894/312/2691 207/312/2695 2906/342/2715 2905/342/2714
f 843/326/2717 2907/329/2716 327/329/266 11/326/263
f 2907/329/2716 2908/337/2718 328/337/274 327/329/266
f 2908/337/2718 2909/342/2719 329/342/279 328/337/274
f 2909/342/2719 2910/312/2720 85/312/249 329/342/279
f 844/326/2722 2911/329/2721 2907/329/2716 843/326/2717
f 2911/329/2721 2912/337/2723 2908/337/2718 2907/329/2716
f 2912/337/2723 2913/342/2724 2909/342/2719 2908/337/2718
f 2913/342/2724 2914/312/2725 2910/312/2720 2909/342/2719
f 845/326/2727 2915/329/2726 2911/329/2721 844/326/2722
f 2915/329/2726 2916/337/2728 2912/337/2723 2911/329/2721
f 2916/337/2728 2917/342/2729 2913/342/2724 2912/337/2723
f 2917/342/2729 2918/312/2730 2914/312/2725 2913/342/2724
f 209/326/2704 2898/329/2705 2915/329/2726 845/326/2727
f 2898/329/2705 2902/337/2710 2916/337/2728 2915/329/2726
f 2902/337/2710 2906/342/2715 2917/342/2729 2916/337/2728
f 2906/342/2715 207/312/2695 2918/312/2730 2917/342/2729
f 330/306/243 2919/306/2731 831/250/2650 9/250/187
f 2919/306/2731 2920/306/2732 832/250/2655 831/250/2650
f 2920/306/2732 2921/306/2733 833/250/2660 832/250/2655
f 2921/306/2733 2922/306/2692 206/250/2637 833/250/2660
f 331/308/245 2923/308/2734 2919/306/2731 330/306/243
f 2923/308/2734 2924/308/2735 2920/306/2732 2919/306/2731
f 2924/308/2735 2925/308/2736 2921/306/2733 2920/306/2732
f 2925/308/2736 2926/308/2693 2922/306/2692 2921/306/2733
f 332/310/247 2927/310/2737 2923/308/2734 331/308/245
f 2927/310/2737 2928/310/2738 2924/308/2735 2923/308/2734
f 2928/310/2738 2929/310/2739 2925/308/2736 2924/308/2735
f 2929/310/2739 2930/310/2694 2926/308/2693 2925/308/2736
f 85/312/249 2910/312/2720 2927/310/2737 332/310/247
f 2910/312/2720 2914/312/2725 2928/310/2738 2927/310/2737
f 2914/312/2725 2918/312/2730 2929/310/2739 2928/310/2738
f 2918/312/2730 207/312/2695 2930/310/2694 2929/310/2739
f 846/326/2697 2931/414/2741 852/409/2740 36/326/2696
f 2931/414/2741 2932/452/2743 853/456/2742 852/409/2740
f 2932/452/2743 2933/472/2745 854/523/2744 853/456/2742
f 2933/472/2745 2934/527/2747 211/541/2746 854/523/2744
f 847/326/2700 2935/384/2748 2931/414/2741 846/326/2697
f 2935/384/2748 2936/398/2749 2932/452/2743 2931/414/2741
f 2936/398/2749 2937/456/2750 2933/472/2745 2932/452/2743
f 2937/456/2750 2938/33/2751 2934/527/2747 2933/472/2745
f 848/326/2702 2939/382/2752 2935/384/2748 847/326/2700
f 2939/382/2752 2940/409/2753 2936/398/2749 2935/384/2748
f 2940/409/2753 2941/450/2754 2937/456/2750 2936/398/2749
f 2941/450/2754 2942/456/2755 2938/33/2751 2937/456/2750
f 209/326/2704 2970/380/2756 2939/382/2752 848/326/2702
f 2970/380/2756 2974/384/2757 2940/409/2753 2939/382/2752
f 2974/384/2757 2978/409/2758 2941/450/2754 2940/409/2753
f 2978/409/2758 210/398/2759 2942/456/2755 2941/450/2754
f 849/739/2763 2943/669/2762 858/685/2761 37/757/2760
f 2943/669/2762 2944/599/2765 859/613/2764 858/685/2761
f 2944/599/2765 2945/557/2767 860/541/2766 859/613/2764
f 2945/557/2767 2946/480/2769 212/33/2768 860/541/2766
f 850/671/2771 2947/624/2770 2943/669/2762 849/739/2763
f 2947/624/2770 2948/541/2772 2944/599/2765 2943/669/2762
f 2948/541/2772 2949/523/2773 2945/557/2767 2944/599/2765
f 2949/523/2773 2950/456/2774 2946/480/2769 2945/557/2767
f 851/624/2776 2951/593/2775 2947/624/2770 850/671/2771
f 2951/593/2775 2952/527/2777 2948/541/2772 2947/624/2770
f 2952/527/2777 2953/472/2778 2949/523/2773 2948/541/2772
f 2953/472/2778 2954/452/2779 2950/456/2774 2949/523/2773
f 211/541/2746 2934/527/2747 2951/593/2775 851/624/2776
f 2934/527/2747 2938/33/2751 2952/527/2777 2951/593/2775
f 2938/33/2751 2942/456/2755 2953/472/2778 2952/527/2777
f 2942/456/2755 210/398/2759 2954/452/2779 2953/472/2778
f 855/250/2781 2955/306/2780 345/229/338 12/225/335
f 2955/306/2780 2956/308/2782 346/233/346 345/229/338
f 2956/308/2782 2957/310/2783 347/261/351 346/233/346
f 2957/310/2783 2958/312/2784 89/250/321 347/261/351
f 856/326/2786 2959/326/2785 2955/306/2780 855/250/2781
f 2959/326/2785 2960/326/2787 2956/308/2782 2955/306/2780
f 2960/326/2787 2961/326/2788 2957/310/2783 2956/308/2782
f 2961/326/2788 2962/326/2789 2958/312/2784 2957/310/2783
f 857/398/2791 2963/401/2790 2959/326/2785 856/326/2786
f 2963/401/2790 2964/409/2792 2960/326/2787 2959/326/2785
f 2964/409/2792 2965/414/2793 2961/326/2788 2960/326/2787
f 2965/414/2793 2966/384/2794 2962/326/2789 2961/326/2788
f 212/33/2768 2946/480/2769 2963/401/2790 857/398/2791
f 2946/480/2769 2950/456/2774 2964/409/2792 2963/401/2790
f 2950/456/2774 2954/452/2779 2965/414/2793 2964/409/2792
f 2954/452/2779 210/398/2759 2966/384/2794 2965/414/2793
f 348/337/315 2967/329/2795 843/326/2717 11/326/263
f 2967/329/2795 2968/326/2796 844/326/2722 843/326/2717
f 2968/326/2796 2969/378/2797 845/326/2727 844/326/2722
f 2969/378/2797 2970/380/2756 209/326/2704 845/326/2727
f 349/312/317 2971/337/2798 2967/329/2795 348/337/315
f 2971/337/2798 2972/326/2799 2968/326/2796 2967/329/2795
f 2972/326/2799 2973/380/2800 2969/378/2797 2968/326/2796
f 2973/380/2800 2974/384/2757 2970/380/2756 2969/378/2797
f 350/308/319 2975/342/2801 2971/337/2798 349/312/317
f 2975/342/2801 2976/326/2802 2972/326/2799 2971/337/2798
f 2976/326/2802 2977/382/2803 2973/380/2800 2972/326/2799
f 2977/382/2803 2978/409/2758 2974/384/2757 2973/380/2800
f 89/250/321 2958/312/2784 2975/342/2801 350/308/319
f 2958/312/2784 2962/326/2789 2976/326/2802 2975/342/2801
f 2962/326/2789 2966/384/2794 2977/382/2803 2976/326/2802
f 2966/384/2794 210/398/2759 2978/409/2758 2977/382/2803
f 858/910/2761 2979/914/2805 864/896/2804 37/885/2760
f 2979/914/2805 2980/918/2807 865/906/2806 864/896/2804
f 2980/918/2807 2981/819/2809 866/950/2808 865/906/2806
f 2981/819/2809 2982/810/2811 214/199/2810 866/950/2808
f 859/1231/2764 2983/1230/2812 2979/914/2805 858/910/2761
f 2983/1230/2812 2984/829/2813 2980/918/2807 2979/914/2805
f 2984/829/2813 2985/823/2814 2981/819/2809 2980/918/2807
f 2985/823/2814 2986/820/2815 2982/810/2811 2981/819/2809
f 860/1232/2766 2987/873/2816 2983/1230/2812 859/1231/2764
f 2987/873/2816 2988/876/2817 2984/829/2813 2983/1230/2812
f 2988/876/2817 2989/830/2818 2985/823/2814 2984/829/2813
f 2989/830/2818 2990/826/2819 2986/820/2815 2985/823/2814
f 212/146/2768 3018/871/2820 2987/873/2816 860/1232/2766
f 3018/871/2820 3022/879/2821 2988/876/2817 2987/873/2816
f 3022/879/2821 3026/884/2822 2989/830/2818 2988/876/2817
f 3026/884/2822 213/32/2823 2990/826/2819 2989/830/2818
f 861/1234/2827 2991/1233/2826 870/685/2825 38/757/2824
f 2991/1233/2826 2992/1235/2829 871/613/2828 870/685/2825
f 2992/1235/2829 2993/842/2831 872/541/2830 871/613/2828
f 2993/842/2831 2994/833/2833 215/33/2832 872/541/2830
f 862/1237/2835 2995/1236/2834 2991/1233/2826 861/1234/2827
f 2995/1236/2834 2996/816/2836 2992/1235/2829 2991/1233/2826
f 2996/816/2836 2997/846/2837 2993/842/2831 2992/1235/2829
f 2997/846/2837 2998/843/2838 2994/833/2833 2993/842/2831
f 863/1238/2840 2999/812/2839 2995/1236/2834 862/1237/2835
f 2999/812/2839 3000/815/2841 2996/816/2836 2995/1236/2834
f 3000/815/2841 3001/822/2842 2997/846/2837 2996/816/2836
f 3001/822/2842 3002/849/2843 2998/843/2838 2997/846/2837
f 214/199/2810 2982/810/2811 2999/812/2839 863/1238/2840
f 2982/810/2811 2986/820/2815 3000/815/2841 2999/812/2839
f 2986/820/2815 2990/826/2819 3001/822/2842 3000/815/2841
f 2990/826/2819 213/32/2823 3002/849/2843 3001/822/2842
f 867/250/2845 3003/1240/2844 363/1239/410 13/225/407
f 3003/1240/2844 3004/1242/2846 364/1241/418 363/1239/410
f 3004/1242/2846 3005/861/2847 365/1243/423 364/1241/418
f 3005/861/2847 3006/852/2848 93/92/393 365/1243/423
f 868/326/2850 3007/1244/2849 3003/1240/2844 867/250/2845
f 3007/1244/2849 3008/839/2851 3004/1242/2846 3003/1240/2844
f 3008/839/2851 3009/865/2852 3005/861/2847 3004/1242/2846
f 3009/865/2852 3010/862/2853 3006/852/2848 3005/861/2847
f 869/398/2855 3011/835/2854 3007/1244/2849 868/326/2850
f 3011/835/2854 3012/838/2856 3008/839/2851 3007/1244/2849
f 3012/838/2856 3013/845/2857 3009/865/2852 3008/839/2851
f 3013/845/2857 3014/868/2858 3010/862/2853 3009/865/2852
f 215/33/2832 2994/833/2833 3011/835/2854 869/398/2855
f 2994/833/2833 2998/843/2838 3012/838/2856 3011/835/2854
f 2998/843/2838 3002/849/2843 3013/845/2857 3012/838/2856
f 3002/849/2843 213/32/2823 3014/868/2858 3013/845/2857
f 366/1248/387 3015/1247/2859 855/1246/2781 12/1245/335
f 3015/1247/2859 3016/1250/2860 856/1249/2786 855/1246/2781
f 3016/1250/2860 3017/878/2861 857/1251/2791 856/1249/2786
f 3017/878/2861 3018/871/2820 212/146/2768 857/1251/2791
f 367/1253/389 3019/1252/2862 3015/1247/2859 366/1248/387
f 3019/1252/2862 3020/858/2863 3016/1250/2860 3015/1247/2859
f 3020/858/2863 3021/881/2864 3017/878/2861 3016/1250/2860
f 3021/881/2864 3022/879/2821 3018/871/2820 3017/878/2861
f 368/1254/391 3023/854/2865 3019/1252/2862 367/1253/389
f 3023/854/2865 3024/857/2866 3020/858/2863 3019/1252/2862
f 3024/857/2866 3025/864/2867 3021/881/2864 3020/858/2863
f 3025/864/2867 3026/884/2822 3022/879/2821 3021/881/2864
f 93/92/393 3006/852/2848 3023/854/2865 368/1254/391
f 3006/852/2848 3010/862/2853 3024/857/2866 3023/854/2865
f 3010/862/2853 3014/868/2858 3025/864/2867 3024/857/2866
f 3014/868/2858 213/32/2823 3026/884/2822 3025/864/2867
f 870/910/2825 3027/914/2869 876/896/2868 38/885/2824
f 3027/914/2869 3028/918/2871 877/906/2870 876/896/2868
f 3028/918/2871 3029/819/2873 878/950/2872 877/906/2870
f 3029/819/2873 3030/810/2875 217/199/2874 878/950/2872
f 871/1231/2828 3031/1230/2876 3027/914/2869 870/910/2825
f 3031/1230/2876 3032/829/2877 3028/918/2871 3027/914/2869
f 3032/829/2877 3033/823/2878 3029/819/2873 3028/918/2871
f 3033/823/2878 3034/820/2879 3030/810/2875 3029/819/2873
f 872/1232/2830 3035/873/2880 3031/1230/2876 871/1231/2828
f 3035/873/2880 3036/876/2881 3032/829/2877 3031/1230/2876
f 3036/876/2881 3037/830/2882 3033/823/2878 3032/829/2877
f 3037/830/2882 3038/826/2883 3034/820/2879 3033/823/2878
f 215/146/2832 3066/871/2884 3035/873/2880 872/1232/2830
f 3066/871/2884 3070/879/2885 3036/876/2881 3035/873/2880
f 3070/879/2885 3074/884/2886 3037/830/2882 3036/876/2881
f 3074/884/2886 216/32/2887 3038/826/2883 3037/830/2882
f 873/1234/2891 3039/1233/2890 882/685/2889 39/757/2888
f 3039/1233/2890 3040/1235/2893 883/613/2892 882/685/2889
f 3040/1235/2893 3041/842/2895 884/541/2894 883/613/2892
f 3041/842/2895 3042/833/2897 218/33/2896 884/541/2894
f 874/1237/2899 3043/1236/2898 3039/1233/2890 873/1234/2891
f 3043/1236/2898 3044/816/2900 3040/1235/2893 3039/1233/2890
f 3044/816/2900 3045/846/2901 3041/842/2895 3040/1235/2893
f 3045/846/2901 3046/843/2902 3042/833/2897 3041/842/2895
f 875/1238/2904 3047/812/2903 3043/1236/2898 874/1237/2899
f 3047/812/2903 3048/815/2905 3044/816/2900 3043/1236/2898
f 3048/815/2905 3049/822/2906 3045/846/2901 3044/816/2900
f 3049/822/2906 3050/849/2907 3046/843/2902 3045/846/2901
f 217/199/2874 3030/810/2875 3047/812/2903 875/1238/2904
f 3030/810/2875 3034/820/2879 3048/815/2905 3047/812/2903
f 3034/820/2879 3038/826/2883 3049/822/2906 3048/815/2905
f 3038/826/2883 216/32/2887 3050/849/2907 3049/822/2906
f 879/250/2909 3051/1240/2908 381/1239/482 14/225/479
f 3051/1240/2908 3052/1242/2910 382/1241/490 381/1239/482
f 3052/1242/2910 3053/861/2911 383/1243/495 382/1241/490
f 3053/861/2911 3054/852/2912 97/92/465 383/1243/495
f 880/326/2914 3055/1244/2913 3051/1240/2908 879/250/2909
f 3055/1244/2913 3056/839/2915 3052/1242/2910 3051/1240/2908
f 3056/839/2915 3057/865/2916 3053/861/2911 3052/1242/2910
f 3057/865/2916 3058/862/2917 3054/852/2912 3053/861/2911
f 881/398/2919 3059/835/2918 3055/1244/2913 880/326/2914
f 3059/835/2918 3060/838/2920 3056/839/2915 3055/1244/2913
f 3060/838/2920 3061/845/2921 3057/865/2916 3056/839/2915
f 3061/845/2921 3062/868/2922 3058/862/2917 3057/865/2916
f 218/33/2896 3042/833/2897 3059/835/2918 881/398/2919
f 3042/833/2897 3046/843/2902 3060/838/2920 3059/835/2918
f 3046/843/2902 3050/849/2907 3061/845/2921 3060/838/2920
f 3050/849/2907 216/32/2887 3062/868/2922 3061/845/2921
f 384/1248/459 3063/1247/2923 867/1246/2845 13/1245/407
f 3063/1247/2923 3064/1250/2924 868/1249/2850 867/1246/2845
f 3064/1250/2924 3065/878/2925 869/1251/2855 868/1249/2850
f 3065/878/2925 3066/871/2884 215/146/2832 869/1251/2855
f 385/1253/461 3067/1252/2926 3063/1247/2923 384/1248/459
f 3067/1252/2926 3068/858/2927 3064/1250/2924 3063/1247/2923
f 3068/858/2927 3069/881/2928 3065/878/2925 3064/1250/2924
f 3069/881/2928 3070/879/2885 3066/871/2884 3065/878/2925
f 386/1254/463 3071/854/2929 3067/1252/2926 385/1253/461
f 3071/854/2929 3072/857/2930 3068/858/2927 3067/1252/2926
f 3072/857/2930 3073/864/2931 3069/881/2928 3068/858/2927
f 3073/864/2931 3074/884/2886 3070/879/2885 3069/881/2928
f 97/92/465 3054/852/2912 3071/854/2929 386/1254/463
f 3054/852/2912 3058/862/2917 3072/857/2930 3071/854/2929
f 3058/862/2917 3062/868/2922 3073/864/2931 3072/857/2930
f 3062/868/2922 216/32/2887 3074/884/2886 3073/864/2931
f 882/910/2889 3075/914/2933 888/896/2932 39/885/2888
f 3075/914/2933 3076/918/2935 889/906/2934 888/896/2932
f 3076/918/2935 3077/819/2937 890/950/2936 889/906/2934
f 3077/819/2937 3078/810/2939 220/199/2938 890/950/2936
f 883/1231/2892 3079/1230/2940 3075/914/2933 882/910/2889
f 3079/1230/2940 3080/829/2941 3076/918/2935 3075/914/2933
f 3080/829/2941 3081/823/2942 3077/819/2937 3076/918/2935
f 3081/823/2942 3082/820/2943 3078/810/2939 3077/819/2937
f 884/1232/2894 3083/873/2944 3079/1230/2940 883/1231/2892
f 3083/873/2944 3084/876/2945 3080/829/2941 3079/1230/2940
f 3084/876/2945 3085/830/2946 3081/823/2942 3080/829/2941
f 3085/830/2946 3086/826/2947 3082/820/2943 3081/823/2942
f 218/146/2896 3114/871/2948 3083/873/2944 884/1232/2894
f 3114/871/2948 3118/879/2949 3084/876/2945 3083/873/2944
f 3118/879/2949 3122/884/2950 3085/830/2946 3084/876/2945
f 3122/884/2950 219/32/2951 3086/826/2947 3085/830/2946
f 885/1234/2954 3087/1233/2953 894/685/2952 40/757/1519
f 3087/1233/2953 3088/1235/2956 895/613/2955 894/685/2952
f 3088/1235/2956 3089/842/2958 896/541/2957 895/613/2955
f 3089/842/2958 3090/833/2960 221/33/2959 896/541/2957
f 886/1237/2962 3091/1236/2961 3087/1233/2953 885/1234/2954
f 3091/1236/2961 3092/816/2963 3088/1235/2956 3087/1233/2953
f 3092/816/2963 3093/846/2964 3089/842/2958 3088/1235/2956
f 3093/846/2964 3094/843/2965 3090/833/2960 3089/842/2958
f 887/1238/2967 3095/812/2966 3091/1236/2961 886/1237/2962
f 3095/812/2966 3096/815/2968 3092/816/2963 3091/1236/2961
f 3096/815/2968 3097/822/2969 3093/846/2964 3092/816/2963
f 3097/822/2969 3098/849/2970 3094/843/2965 3093/846/2964
f 220/199/2938 3078/810/2939 3095/812/2966 887/1238/2967
f 3078/810/2939 3082/820/2943 3096/815/2968 3095/812/2966
f 3082/820/2943 3086/826/2947 3097/822/2969 3096/815/2968
f 3086/826/2947 219/32/2951 3098/849/2970 3097/822/2969
f 891/250/2972 3099/1240/2971 399/1239/554 15/225/551
f 3099/1240/2971 3100/1242/2973 400/1241/562 399/1239/554
f 3100/1242/2973 3101/861/2974 401/1243/567 400/1241/562
f 3101/861/2974 3102/852/2975 101/92/537 401/1243/567
f 892/326/2977 3103/1244/2976 3099/1240/2971 891/250/2972
f 3103/1244/2976 3104/839/2978 3100/1242/2973 3099/1240/2971
f 3104/839/2978 3105/865/2979 3101/861/2974 3100/1242/2973
f 3105/865/2979 3106/862/2980 3102/852/2975 3101/861/2974
f 893/398/2982 3107/835/2981 3103/1244/2976 892/326/2977
f 3107/835/2981 3108/838/2983 3104/839/2978 3103/1244/2976
f 3108/838/2983 3109/845/2984 3105/865/2979 3104/839/2978
f 3109/845/2984 3110/868/2985 3106/862/2980 3105/865/2979
f 221/33/2959 3090/833/2960 3107/835/2981 893/398/2982
f 3090/833/2960 3094/843/2965 3108/838/2983 3107/835/2981
f 3094/843/2965 3098/849/2970 3109/845/2984 3108/838/2983
f 3098/849/2970 219/32/2951 3110/868/2985 3109/845/2984
f 402/1248/531 3111/1247/2986 879/1246/2909 14/1245/479
f 3111/1247/2986 3112/1250/2987 880/1249/2914 879/1246/2909
f 3112/1250/2987 3113/878/2988 881/1251/2919 880/1249/2914
f 3113/878/2988 3114/871/2948 218/146/2896 881/1251/2919
f 403/1253/533 3115/1252/2989 3111/1247/2986 402/1248/531
f 3115/1252/2989 3116/858/2990 3112/1250/2987 3111/1247/2986
f 3116/858/2990 3117/881/2991 3113/878/2988 3112/1250/2987
f 3117/881/2991 3118/879/2949 3114/871/2948 3113/878/2988
f 404/1254/535 3119/854/2992 3115/1252/2989 403/1253/533
f 3119/854/2992 3120/857/2993 3116/858/2990 3115/1252/2989
f 3120/857/2993 3121/864/2994 3117/881/2991 3116/858/2990
f 3121/864/2994 3122/884/2950 3118/879/2949 3117/881/2991
f 101/92/537 3102/852/2975 3119/854/2992 404/1254/535
f 3102/852/2975 3106/862/2980 3120/857/2993 3119/854/2992
f 3106/862/2980 3110/868/2985 3121/864/2994 3120/857/2993
f 3110/868/2985 219/32/2951 3122/884/2950 3121/864/2994
f 894/910/2952 3123/914/2995 633/896/1522 40/885/1519
f 3123/914/2995 3124/918/2996 634/906/1528 633/896/1522
f 3124/918/2996 3125/819/2997 635/950/1532 634/906/1528
f 3125/819/2997 3126/810/2998 154/199/1509 635/950/1532
f 895/1231/2955 3127/1230/2999 3123/914/2995 894/910/2952
f 3127/1230/2999 3128/829/3000 3124/918/2996 3123/914/2995
f 3128/829/3000 3129/823/3001 3125/819/2997 3124/918/2996
f 3129/823/3001 3130/820/3002 3126/810/2998 3125/819/2997
f 896/1232/2957 3131/873/3003 3127/1230/2999 895/1231/2955
f 3131/873/3003 3132/876/3004 3128/829/3000 3127/1230/2999
f 3132/876/3004 3133/830/3005 3129/823/3001 3128/829/3000
f 3133/830/3005 3134/826/3006 3130/820/3002 3129/823/3001
f 221/146/2959 3162/871/3007 3131/873/3003 896/1232/2957
f 3162/871/3007 3166/879/3008 3132/876/3004 3131/873/3003
f 3166/879/3008 3170/884/3009 3133/830/3005 3132/876/3004
f 3170/884/3009 222/32/3010 3134/826/3006 3133/830/3005
f 636/1234/1503 3135/1233/3012 900/685/3011 35/757/1176
f 3135/1233/3012 3136/1235/3014 901/613/3013 900/685/3011
f 3136/1235/3014 3137/842/3016 902/541/3015 901/613/3013
f 3137/842/3016 3138/833/3018 223/33/3017 902/541/3015
f 637/1237/1505 3139/1236/3019 3135/1233/3012 636/1234/1503
f 3139/1236/3019 3140/816/3020 3136/1235/3014 3135/1233/3012
f 3140/816/3020 3141/846/3021 3137/842/3016 3136/1235/3014
f 3141/846/3021 3142/843/3022 3138/833/3018 3137/842/3016
f 638/1238/1507 3143/812/3023 3139/1236/3019 637/1237/1505
f 3143/812/3023 3144/815/3024 3140/816/3020 3139/1236/3019
f 3144/815/3024 3145/822/3025 3141/846/3021 3140/816/3020
f 3145/822/3025 3146/849/3026 3142/843/3022 3141/846/3021
f 154/199/1509 3126/810/2998 3143/812/3023 638/1238/1507
f 3126/810/2998 3130/820/3002 3144/815/3024 3143/812/3023
f 3130/820/3002 3134/826/3006 3145/822/3025 3144/815/3024
f 3134/826/3006 222/32/3010 3146/849/3026 3145/822/3025
f 897/250/3028 3147/1240/3027 417/1239/626 10/225/623
f 3147/1240/3027 3148/1242/3029 418/1241/634 417/1239/626
f 3148/1242/3029 3149/861/3030 419/1243/639 418/1241/634
f 3149/861/3030 3150/852/3031 105/92/609 419/1243/639
f 898/326/3033 3151/1244/3032 3147/1240/3027 897/250/3028
f 3151/1244/3032 3152/839/3034 3148/1242/3029 3147/1240/3027
f 3152/839/3034 3153/865/3035 3149/861/3030 3148/1242/3029
f 3153/865/3035 3154/862/3036 3150/852/3031 3149/861/3030
f 899/398/3038 3155/835/3037 3151/1244/3032 898/326/3033
f 3155/835/3037 3156/838/3039 3152/839/3034 3151/1244/3032
f 3156/838/3039 3157/845/3040 3153/865/3035 3152/839/3034
f 3157/845/3040 3158/868/3041 3154/862/3036 3153/865/3035
f 223/33/3017 3138/833/3018 3155/835/3037 899/398/3038
f 3138/833/3018 3142/843/3022 3156/838/3039 3155/835/3037
f 3142/843/3022 3146/849/3026 3157/845/3040 3156/838/3039
f 3146/849/3026 222/32/3010 3158/868/3041 3157/845/3040
f 420/1248/603 3159/1247/3042 891/1246/2972 15/1245/551
f 3159/1247/3042 3160/1250/3043 892/1249/2977 891/1246/2972
f 3160/1250/3043 3161/878/3044 893/1251/2982 892/1249/2977
f 3161/878/3044 3162/871/3007 221/146/2959 893/1251/2982
f 421/1253/605 3163/1252/3045 3159/1247/3042 420/1248/603
f 3163/1252/3045 3164/858/3046 3160/1250/3043 3159/1247/3042
f 3164/858/3046 3165/881/3047 3161/878/3044 3160/1250/3043
f 3165/881/3047 3166/879/3008 3162/871/3007 3161/878/3044
f 422/1254/607 3167/854/3048 3163/1252/3045 421/1253/605
f 3167/854/3048 3168/857/3049 3164/858/3046 3163/1252/3045
f 3168/857/3049 3169/864/3050 3165/881/3047 3164/858/3046
f 3169/864/3050 3170/884/3009 3166/879/3008 3165/881/3047
f 105/92/609 3150/852/3031 3167/854/3048 422/1254/607
f 3150/852/3031 3154/862/3036 3168/857/3049 3167/854/3048
f 3154/862/3036 3158/868/3041 3169/864/3050 3168/857/3049
f 3158/868/3041 222/32/3010 3170/884/3009 3169/864/3050
f 900/910/3011 3171/914/3051 555/896/1179 35/885/1176
f 3171/914/3051 3172/918/3052 556/906/1185 555/896/1179
f 3172/918/3052 3173/819/3053 557/950/1189 556/906/1185
f 3173/819/3053 3174/810/3054 136/199/1164 557/950/1189
f 901/1231/3013 3175/1230/3055 3171/914/3051 900/910/3011
f 3175/1230/3055 3176/829/3056 3172/918/3052 3171/914/3051
f 3176/829/3056 3177/823/3057 3173/819/3053 3172/918/3052
f 3177/823/3057 3178/820/3058 3174/810/3054 3173/819/3053
f 902/1232/3015 3179/873/3059 3175/1230/3055 901/1231/3013
f 3179/873/3059 3180/876/3060 3176/829/3056 3175/1230/3055
f 3180/876/3060 3181/830/3061 3177/823/3057 3176/829/3056
f 3181/830/3061 3182/826/3062 3178/820/3058 3177/823/3057
f 223/146/3017 3210/871/3063 3179/873/3059 902/1232/3015
f 3210/871/3063 3214/879/3064 3180/876/3060 3179/873/3059
f 3214/879/3064 3218/884/3065 3181/830/3061 3180/876/3060
f 3218/884/3065 224/32/3066 3182/826/3062 3181/830/3061
f 558/1234/1157 3183/1233/3067 819/685/2607 33/757/1156
f 3183/1233/3067 3184/1235/3068 820/613/2615 819/685/2607
f 3184/1235/3068 3185/842/3069 821/541/2620 820/613/2615
f 3185/842/3069 3186/833/3070 204/33/2625 821/541/2620
f 559/1237/1160 3187/1236/3071 3183/1233/3067 558/1234/1157
f 3187/1236/3071 3188/816/3072 3184/1235/3068 3183/1233/3067
f 3188/816/3072 3189/846/3073 3185/842/3069 3184/1235/3068
f 3189/846/3073 3190/843/3074 3186/833/3070 3185/842/3069
f 560/1238/1162 3191/812/3075 3187/1236/3071 559/1237/1160
f 3191/812/3075 3192/815/3076 3188/816/3072 3187/1236/3071
f 3192/815/3076 3193/822/3077 3189/846/3073 3188/816/3072
f 3193/822/3077 3194/849/3078 3190/843/3074 3189/846/3073
f 136/199/1164 3174/810/3054 3191/812/3075 560/1238/1162
f 3174/810/3054 3178/820/3058 3192/815/3076 3191/812/3075
f 3178/820/3058 3182/826/3062 3193/822/3077 3192/815/3076
f 3182/826/3062 224/32/3066 3194/849/3078 3193/822/3077
f 822/250/2664 3195/1240/3079 435/1239/696 1/225/162
f 3195/1240/3079 3196/1242/3080 436/1241/701 435/1239/696
f 3196/1242/3080 3197/861/3081 437/1243/706 436/1241/701
f 3197/861/3081 3198/852/3082 109/92/681 437/1243/706
f 823/326/2666 3199/1244/3083 3195/1240/3079 822/250/2664
f 3199/1244/3083 3200/839/3084 3196/1242/3080 3195/1240/3079
f 3200/839/3084 3201/865/3085 3197/861/3081 3196/1242/3080
f 3201/865/3085 3202/862/3086 3198/852/3082 3197/861/3081
f 824/398/2668 3203/835/3087 3199/1244/3083 823/326/2666
f 3203/835/3087 3204/838/3088 3200/839/3084 3199/1244/3083
f 3204/838/3088 3205/845/3089 3201/865/3085 3200/839/3084
f 3205/845/3089 3206/868/3090 3202/862/3086 3201/865/3085
f 204/33/2625 3186/833/3070 3203/835/3087 824/398/2668
f 3186/833/3070 3190/843/3074 3204/838/3088 3203/835/3087
f 3190/843/3074 3194/849/3078 3205/845/3089 3204/838/3088
f 3194/849/3078 224/32/3066 3206/868/3090 3205/845/3089
f 438/1248/675 3207/1247/3091 897/1246/3028 10/1245/623
f 3207/1247/3091 3208/1250/3092 898/1249/3033 897/1246/3028
f 3208/1250/3092 3209/878/3093 899/1251/3038 898/1249/3033
f 3209/878/3093 3210/871/3063 223/146/3017 899/1251/3038
f 439/1253/677 3211/1252/3094 3207/1247/3091 438/1248/675
f 3211/1252/3094 3212/858/3095 3208/1250/3092 3207/1247/3091
f 3212/858/3095 3213/881/3096 3209/878/3093 3208/1250/3092
f 3213/881/3096 3214/879/3064 3210/871/3063 3209/878/3093
f 440/1254/679 3215/854/3097 3211/1252/3094 439/1253/677
f 3215/854/3097 3216/857/3098 3212/858/3095 3211/1252/3094
f 3216/857/3098 3217/864/3099 3213/881/3096 3212/858/3095
f 3217/864/3099 3218/884/3065 3214/879/3064 3213/881/3096
f 109/92/681 3198/852/3082 3215/854/3097 440/1254/679
f 3198/852/3082 3202/862/3086 3216/857/3098 3215/854/3097
f 3202/862/3086 3206/868/3090 3217/864/3099 3216/857/3098
f 3206/868/3090 224/32/3066 3218/884/3065 3217/864/3099
f 552/910/1137 3219/914/3100 657/896/1665 41/885/1136
f 3219/914/3100 3220/918/3101 658/906/1673 657/896/1665
f 3220/918/3101 3221/819/3102 659/950/1678 658/906/1673
f 3221/819/3102 3222/810/3103 161/199/1649 659/950/1678
f 553/1231/1140 3223/1230/3104 3219/914/3100 552/910/1137
f 3223/1230/3104 3224/829/3105 3220/918/3101 3219/914/3100
f 3224/829/3105 3225/823/3106 3221/819/3102 3220/918/3101
f 3225/823/3106 3226/820/3107 3222/810/3103 3221/819/3102
f 554/1232/1142 3227/873/3108 3223/1230/3104 553/1231/1140
f 3227/873/3108 3228/876/3109 3224/829/3105 3223/1230/3104
f 3228/876/3109 3229/830/3110 3225/823/3106 3224/829/3105
f 3229/830/3110 3230/826/3111 3226/820/3107 3225/823/3106
f 135/146/1144 3258/871/3112 3227/873/3108 554/1232/1142
f 3258/871/3112 3262/879/3113 3228/876/3109 3227/873/3108
f 3262/879/3113 3266/884/3114 3229/830/3110 3228/876/3109
f 3266/884/3114 225/32/3115 3230/826/3111 3229/830/3110
f 660/1234/1643 3231/1233/3117 906/685/3116 42/757/1264
f 3231/1233/3117 3232/1235/3119 907/613/3118 906/685/3116
f 3232/1235/3119 3233/842/3121 908/541/3120 907/613/3118
f 3233/842/3121 3234/833/3123 226/33/3122 908/541/3120
f 661/1237/1645 3235/1236/3124 3231/1233/3117 660/1234/1643
f 3235/1236/3124 3236/816/3125 3232/1235/3119 3231/1233/3117
f 3236/816/3125 3237/846/3126 3233/842/3121 3232/1235/3119
f 3237/846/3126 3238/843/3127 3234/833/3123 3233/842/3121
f 662/1238/1647 3239/812/3128 3235/1236/3124 661/1237/1645
f 3239/812/3128 3240/815/3129 3236/816/3125 3235/1236/3124
f 3240/815/3129 3241/822/3130 3237/846/3126 3236/816/3125
f 3241/822/3130 3242/849/3131 3238/843/3127 3237/846/3126
f 161/199/1649 3222/810/3103 3239/812/3128 662/1238/1647
f 3222/810/3103 3226/820/3107 3240/815/3129 3239/812/3128
f 3226/820/3107 3230/826/3111 3241/822/3130 3240/815/3129
f 3230/826/3111 225/32/3115 3242/849/3131 3241/822/3130
f 903/250/3133 3243/1240/3132 825/1239/2632 34/225/2629
f 3243/1240/3132 3244/1242/3134 826/1241/2640 825/1239/2632
f 3244/1242/3134 3245/861/3135 827/1243/2645 826/1241/2640
f 3245/861/3135 3246/852/3136 205/92/2612 827/1243/2645
f 904/326/3138 3247/1244/3137 3243/1240/3132 903/250/3133
f 3247/1244/3137 3248/839/3139 3244/1242/3134 3243/1240/3132
f 3248/839/3139 3249/865/3140 3245/861/3135 3244/1242/3134
f 3249/865/3140 3250/862/3141 3246/852/3136 3245/861/3135
f 905/398/3143 3251/835/3142 3247/1244/3137 904/326/3138
f 3251/835/3142 3252/838/3144 3248/839/3139 3247/1244/3137
f 3252/838/3144 3253/845/3145 3249/865/3140 3248/839/3139
f 3253/845/3145 3254/868/3146 3250/862/3141 3249/865/3140
f 226/33/3122 3234/833/3123 3251/835/3142 905/398/3143
f 3234/833/3123 3238/843/3127 3252/838/3144 3251/835/3142
f 3238/843/3127 3242/849/3131 3253/845/3145 3252/838/3144
f 3242/849/3131 225/32/3115 3254/868/3146 3253/845/3145
f 828/1248/2605 3255/1247/3147 549/1246/1159 33/1245/1156
f 3255/1247/3147 3256/1250/3148 550/1249/1167 549/1246/1159
f 3256/1250/3148 3257/878/3149 551/1251/1172 550/1249/1167
f 3257/878/3149 3258/871/3112 135/146/1144 551/1251/1172
f 829/1253/2608 3259/1252/3150 3255/1247/3147 828/1248/2605
f 3259/1252/3150 3260/858/3151 3256/1250/3148 3255/1247/3147
f 3260/858/3151 3261/881/3152 3257/878/3149 3256/1250/3148
f 3261/881/3152 3262/879/3113 3258/871/3112 3257/878/3149
f 830/1254/2610 3263/854/3153 3259/1252/3150 829/1253/2608
f 3263/854/3153 3264/857/3154 3260/858/3151 3259/1252/3150
f 3264/857/3154 3265/864/3155 3261/881/3152 3260/858/3151
f 3265/864/3155 3266/884/3114 3262/879/3113 3261/881/3152
f 205/92/2612 3246/852/3136 3263/854/3153 830/1254/2610
f 3246/852/3136 3250/862/3141 3264/857/3154 3263/854/3153
f 3250/862/3141 3254/868/3146 3265/864/3155 3264/857/3154
f 3254/868/3146 225/32/3115 3266/884/3114 3265/864/3155
f 582/947/1324 3267/2720/3157 912/932/3156 66/199/1192
f 3267/2720/3157 3268/2721/3159 913/823/3158 912/932/3156
f 3268/2721/3159 3269/2722/3161 914/1910/3160 913/823/3158
f 3269/2722/3161 3270/2723/3163 228/879/3162 914/1910/3160
f 583/950/1326 3271/2724/3164 3267/2720/3157 582/947/1324
f 3271/2724/3164 3272/2725/3165 3268/2721/3159 3267/2720/3157
f 3272/2725/3165 3273/1879/3166 3269/2722/3161 3268/2721/3159
f 3273/1879/3166 3274/2726/3167 3270/2723/3163 3269/2722/3161
f 584/952/1328 3275/2727/3168 3271/2724/3164 583/950/1326
f 3275/2727/3168 3276/1628/3169 3272/2728/3165 3271/2724/3164
f 3276/1628/3169 3277/2729/3170 3273/1879/3166 3272/2728/3165
f 3277/2729/3170 3278/2731/3171 3274/2730/3167 3273/1879/3166
f 142/906/1285 3294/2732/3172 3275/2727/3168 584/952/1328
f 3294/2732/3172 3298/2733/3173 3276/1628/3169 3275/2727/3168
f 3298/2733/3173 3302/1633/3174 3277/2734/3170 3276/1628/3169
f 3302/1633/3174 227/2735/3175 3278/1884/3171 3277/2734/3170
f 909/2131/3177 3279/2736/3176 903/1246/3133 34/1245/2629
f 3279/2736/3176 3280/2737/3178 904/1249/3138 903/1246/3133
f 3280/2737/3178 3281/2738/3179 905/1251/3143 904/1249/3138
f 3281/2738/3179 3282/2739/3180 226/146/3122 905/1251/3143
f 910/1250/3182 3283/2740/3181 3279/2736/3176 909/2131/3177
f 3283/2740/3181 3284/2741/3183 3280/2737/3178 3279/2736/3176
f 3284/2741/3183 3285/2742/3184 3281/2738/3179 3280/2737/3178
f 3285/2742/3184 3286/2743/3185 3282/2739/3180 3281/2738/3179
f 911/2006/3187 3287/2744/3186 3283/2740/3181 910/1250/3182
f 3287/2744/3186 3288/2745/3188 3284/2741/3183 3283/2740/3181
f 3288/2745/3188 3289/2746/3189 3285/2742/3184 3284/2741/3183
f 3289/2746/3189 3290/2748/3190 3286/2747/3185 3285/2742/3184
f 228/879/3162 3270/2723/3163 3287/2744/3186 911/2006/3187
f 3270/2723/3163 3274/2730/3167 3288/2745/3188 3287/2744/3186
f 3274/2730/3167 3278/1884/3171 3289/2749/3189 3288/2745/3188
f 3278/1884/3171 227/2735/3175 3290/873/3190 3289/2749/3189
f 906/910/3116 3291/2750/3191 579/888/1267 42/885/1264
f 3291/2750/3191 3292/2751/3192 580/896/1275 579/888/1267
f 3292/2751/3192 3293/2752/3193 581/901/1280 580/896/1275
f 3293/2752/3193 3294/2732/3172 142/906/1285 581/901/1280
f 907/1231/3118 3295/2753/3194 3291/2750/3191 906/910/3116
f 3295/2753/3194 3296/2754/3195 3292/2751/3192 3291/2750/3191
f 3296/2754/3195 3297/2755/3196 3293/2752/3193 3292/2751/3192
f 3297/2755/3196 3298/2756/3173 3294/2732/3172 3293/2752/3193
f 908/1232/3120 3299/2757/3197 3295/2753/3194 907/1231/3118
f 3299/2757/3197 3300/2758/3198 3296/2754/3195 3295/2753/3194
f 3300/2758/3198 3301/2759/3199 3297/2755/3196 3296/2754/3195
f 3301/2759/3199 3302/2760/3174 3298/2756/3173 3297/2755/3196
f 226/146/3122 3282/2739/3180 3299/2757/3197 908/1232/3120
f 3282/2739/3180 3286/2747/3185 3300/2758/3198 3299/2757/3197
f 3286/2747/3185 3290/873/3190 3301/2761/3199 3300/2758/3198
f 3290/873/3190 227/2735/3175 3302/1633/3174 3301/2761/3199
f 564/2763/1252 3303/2762/3201 918/685/3200 44/757/991
f 3303/2762/3201 3304/2764/3203 919/613/3202 918/685/3200
f 3304/2764/3203 3305/2765/3205 920/541/3204 919/613/3202
f 3305/2765/3205 3306/2766/3207 230/33/3206 920/541/3204
f 565/1234/1254 3307/2767/3208 3303/2762/3201 564/2763/1252
f 3307/2767/3208 3308/2768/3209 3304/2764/3203 3303/2762/3201
f 3308/2768/3209 3309/2769/3210 3305/2765/3205 3304/2764/3203
f 3309/2769/3210 3310/2770/3211 3306/2766/3207 3305/2765/3205
f 566/2772/1256 3311/2771/3212 3307/2767/3208 565/1234/1254
f 3311/2771/3212 3312/2773/3213 3308/2768/3209 3307/2767/3208
f 3312/2773/3213 3313/2774/3214 3309/2769/3210 3308/2768/3209
f 3313/2774/3214 3314/2776/3215 3310/2775/3211 3309/2769/3210
f 138/1237/1213 3330/2777/3216 3311/2771/3212 566/2772/1256
f 3330/2777/3216 3334/2778/3217 3312/2773/3213 3311/2771/3212
f 3334/2778/3217 3338/2780/3218 3313/2779/3214 3312/2773/3213
f 3338/2780/3218 229/2781/3219 3314/842/3215 3313/2779/3214
f 915/250/3222 3315/2783/3221 924/2782/3220 36/225/2696
f 3315/2783/3221 3316/2784/3224 925/1244/3223 924/2782/3220
f 3316/2784/3224 3317/2786/3226 926/2785/3225 925/1244/3223
f 3317/2786/3226 3318/2787/3228 231/843/3227 926/2785/3225
f 916/326/3230 3319/2788/3229 3315/2783/3221 915/250/3222
f 3319/2788/3229 3320/2789/3231 3316/2784/3224 3315/2783/3221
f 3320/2789/3231 3321/2790/3232 3317/2786/3226 3316/2784/3224
f 3321/2790/3232 3322/2791/3233 3318/2787/3228 3317/2786/3226
f 917/398/3235 3323/2792/3234 3319/2788/3229 916/326/3230
f 3323/2792/3234 3324/2793/3236 3320/2789/3231 3319/2788/3229
f 3324/2793/3236 3325/2794/3237 3321/2790/3232 3320/2789/3231
f 3325/2794/3237 3326/2796/3238 3322/2795/3233 3321/2790/3232
f 230/33/3206 3306/2766/3207 3323/2792/3234 917/398/3235
f 3306/2766/3207 3310/2775/3211 3324/2793/3236 3323/2792/3234
f 3310/2775/3211 3314/842/3215 3325/2797/3237 3324/2793/3236
f 3314/842/3215 229/2781/3219 3326/2798/3238 3325/2797/3237
f 921/2801/3240 3327/2800/3239 561/2799/1195 66/199/1192
f 3327/2800/3239 3328/2802/3241 562/1238/1203 561/2799/1195
f 3328/2802/3241 3329/2804/3242 563/2803/1208 562/1238/1203
f 3329/2804/3242 3330/2777/3216 138/1237/1213 563/2803/1208
f 922/815/3244 3331/2805/3243 3327/2800/3239 921/2801/3240
f 3331/2805/3243 3332/2806/3245 3328/2802/3241 3327/2800/3239
f 3332/2806/3245 3333/2807/3246 3329/2804/3242 3328/2802/3241
f 3333/2807/3246 3334/2808/3217 3330/2777/3216 3329/2804/3242
f 923/2810/3248 3335/2809/3247 3331/2805/3243 922/815/3244
f 3335/2809/3247 3336/2811/3249 3332/2806/3245 3331/2805/3243
f 3336/2811/3249 3337/2812/3250 3333/2807/3246 3332/2806/3245
f 3337/2812/3250 3338/2813/3218 3334/2778/3217 3333/2807/3246
f 231/843/3227 3318/2787/3228 3335/2809/3247 923/2810/3248
f 3318/2787/3228 3322/2795/3233 3336/2811/3249 3335/2809/3247
f 3322/2795/3233 3326/2798/3238 3337/2814/3250 3336/2811/3249
f 3326/2798/3238 229/2781/3219 3338/2780/3218 3337/2814/3250
f 924/2782/3220 3339/2815/3251 837/1239/2699 36/225/2696
f 3339/2815/3251 3340/2816/3252 838/1241/2707 837/1239/2699
f 3340/2816/3252 3341/2817/3253 839/1243/2712 838/1241/2707
f 3341/2817/3253 3342/2818/3254 208/92/2682 839/1243/2712
f 925/1244/3223 3343/2819/3255 3339/2815/3251 924/2782/3220
f 3343/2819/3255 3344/2820/3256 3340/2816/3252 3339/2815/3251
f 3344/2820/3256 3345/2821/3257 3341/2817/3253 3340/2816/3252
f 3345/2821/3257 3346/2822/3258 3342/2818/3254 3341/2817/3253
f 926/2785/3225 3347/2823/3259 3343/2819/3255 925/1244/3223
f 3347/2823/3259 3348/2824/3260 3344/2820/3256 3343/2819/3255
f 3348/2824/3260 3349/2825/3261 3345/2821/3257 3344/2820/3256
f 3349/2825/3261 3350/862/3262 3346/2826/3258 3345/2821/3257
f 231/843/3227 3366/2827/3263 3347/2823/3259 926/2785/3225
f 3366/2827/3263 3370/2828/3264 3348/2824/3260 3347/2823/3259
f 3370/2828/3264 3374/2829/3265 3349/2825/3261 3348/2824/3260
f 3374/2829/3265 232/2830/3266 3350/862/3262 3349/2825/3261
f 840/1248/2676 3351/2831/3267 909/2131/3177 34/1245/2629
f 3351/2831/3267 3352/2832/3268 910/1250/3182 909/2131/3177
f 3352/2832/3268 3353/2833/3269 911/2006/3187 910/1250/3182
f 3353/2833/3269 3354/2834/3270 228/879/3162 911/2006/3187
f 841/1253/2678 3355/2835/3271 3351/2831/3267 840/1248/2676
f 3355/2835/3271 3356/2836/3272 3352/2832/3268 3351/2831/3267
f 3356/2836/3272 3357/2837/3273 3353/2833/3269 3352/2832/3268
f 3357/2837/3273 3358/2838/3274 3354/2834/3270 3353/2833/3269
f 842/1254/2680 3359/2839/3275 3355/2835/3271 841/1253/2678
f 3359/2839/3275 3360/2840/3276 3356/2836/3272 3355/2835/3271
f 3360/2840/3276 3361/2841/3277 3357/2837/3273 3356/2836/3272
f 3361/2841/3277 3362/2842/3278 3358/2838/3274 3357/2837/3273
f 208/92/2682 3342/2818/3254 3359/2843/3275 842/1254/2680
f 3342/2818/3254 3346/2826/3258 3360/2844/3276 3359/2843/3275
f 3346/2826/3258 3350/862/3262 3361/2845/3277 3360/2844/3276
f 3350/862/3262 232/2830/3266 3362/2021/3278 3361/2845/3277
f 912/932/3156 3363/2846/3279 921/2801/3240 66/199/1192
f 3363/2846/3279 3364/2847/3280 922/815/3244 921/2801/3240
f 3364/2847/3280 3365/2848/3281 923/2810/3248 922/815/3244
f 3365/2848/3281 3366/2849/3263 231/843/3227 923/2810/3248
f 913/823/3158 3367/2850/3282 3363/2846/3279 912/932/3156
f 3367/2850/3282 3368/2852/3283 3364/2851/3280 3363/2846/3279
f 3368/2852/3283 3369/1281/3284 3365/2848/3281 3364/2851/3280
f 3369/1281/3284 3370/2853/3264 3366/2827/3263 3365/2848/3281
f 914/1910/3160 3371/1968/3285 3367/2850/3282 913/823/3158
f 3371/1968/3285 3372/1504/3286 3368/2854/3283 3367/2850/3282
f 3372/1504/3286 3373/2026/3287 3369/1281/3284 3368/2854/3283
f 3373/2026/3287 3374/2829/3265 3370/2828/3264 3369/1281/3284
f 228/879/3162 3354/2855/3270 3371/1968/3285 914/1910/3160
f 3354/2855/3270 3358/2856/3274 3372/1504/3286 3371/1968/3285
f 3358/2856/3274 3362/2021/3278 3373/2026/3287 3372/1504/3286
f 3362/2021/3278 232/2857/3266 3374/2829/3265 3373/2026/3287
f 918/910/3200 3375/914/3288 507/896/994 44/885/991
f 3375/914/3288 3376/918/3289 508/906/1000 507/896/994
f 3376/918/3289 3377/819/3290 509/950/1004 508/906/1000
f 3377/819/3290 3378/810/3291 125/199/979 509/950/1004
f 919/1231/3202 3379/1230/3292 3375/914/3288 918/910/3200
f 3379/1230/3292 3380/829/3293 3376/918/3289 3375/914/3288
f 3380/829/3293 3381/823/3294 3377/819/3290 3376/918/3289
f 3381/823/3294 3382/820/3295 3378/810/3291 3377/819/3290
f 920/1232/3204 3383/873/3296 3379/1230/3292 919/1231/3202
f 3383/873/3296 3384/876/3297 3380/829/3293 3379/1230/3292
f 3384/876/3297 3385/830/3298 3381/823/3294 3380/829/3293
f 3385/830/3298 3386/826/3299 3382/820/3295 3381/823/3294
f 230/146/3206 3414/871/3300 3383/873/3296 920/1232/3204
f 3414/871/3300 3418/879/3301 3384/876/3297 3383/873/3296
f 3418/879/3301 3422/884/3302 3385/830/3298 3384/876/3297
f 3422/884/3302 233/32/3303 3386/826/3299 3385/830/3298
f 510/1234/972 3387/1233/3305 930/685/3304 45/757/971
f 3387/1233/3305 3388/1235/3307 931/613/3306 930/685/3304
f 3388/1235/3307 3389/842/3309 932/541/3308 931/613/3306
f 3389/842/3309 3390/833/3311 234/33/3310 932/541/3308
f 511/1237/975 3391/1236/3312 3387/1233/3305 510/1234/972
f 3391/1236/3312 3392/816/3313 3388/1235/3307 3387/1233/3305
f 3392/816/3313 3393/846/3314 3389/842/3309 3388/1235/3307
f 3393/846/3314 3394/843/3315 3390/833/3311 3389/842/3309
f 512/1238/977 3395/812/3316 3391/1236/3312 511/1237/975
f 3395/812/3316 3396/815/3317 3392/816/3313 3391/1236/3312
f 3396/815/3317 3397/822/3318 3393/846/3314 3392/816/3313
f 3397/822/3318 3398/849/3319 3394/843/3315 3393/846/3314
f 125/199/979 3378/810/3291 3395/812/3316 512/1238/977
f 3378/810/3291 3382/820/3295 3396/815/3317 3395/812/3316
f 3382/820/3295 3386/826/3299 3397/822/3318 3396/815/3317
f 3386/826/3299 233/32/3303 3398/849/3319 3397/822/3318
f 927/250/3321 3399/1240/3320 849/1239/2763 37/225/2760
f 3399/1240/3320 3400/1242/3322 850/1241/2771 849/1239/2763
f 3400/1242/3322 3401/861/3323 851/1243/2776 850/1241/2771
f 3401/861/3323 3402/852/3324 211/92/2746 851/1243/2776
f 928/326/3326 3403/1244/3325 3399/1240/3320 927/250/3321
f 3403/1244/3325 3404/839/3327 3400/1242/3322 3399/1240/3320
f 3404/839/3327 3405/865/3328 3401/861/3323 3400/1242/3322
f 3405/865/3328 3406/862/3329 3402/852/3324 3401/861/3323
f 929/398/3331 3407/835/3330 3403/1244/3325 928/326/3326
f 3407/835/3330 3408/838/3332 3404/839/3327 3403/1244/3325
f 3408/838/3332 3409/845/3333 3405/865/3328 3404/839/3327
f 3409/845/3333 3410/868/3334 3406/862/3329 3405/865/3328
f 234/33/3310 3390/833/3311 3407/835/3330 929/398/3331
f 3390/833/3311 3394/843/3315 3408/838/3332 3407/835/3330
f 3394/843/3315 3398/849/3319 3409/845/3333 3408/838/3332
f 3398/849/3319 233/32/3303 3410/868/3334 3409/845/3333
f 852/1248/2740 3411/1247/3335 915/1246/3222 36/1245/2696
f 3411/1247/3335 3412/1250/3336 916/1249/3230 915/1246/3222
f 3412/1250/3336 3413/878/3337 917/1251/3235 916/1249/3230
f 3413/878/3337 3414/871/3300 230/146/3206 917/1251/3235
f 853/1253/2742 3415/1252/3338 3411/1247/3335 852/1248/2740
f 3415/1252/3338 3416/858/3339 3412/1250/3336 3411/1247/3335
f 3416/858/3339 3417/881/3340 3413/878/3337 3412/1250/3336
f 3417/881/3340 3418/879/3301 3414/871/3300 3413/878/3337
f 854/1254/2744 3419/854/3341 3415/1252/3338 853/1253/2742
f 3419/854/3341 3420/857/3342 3416/858/3339 3415/1252/3338
f 3420/857/3342 3421/864/3343 3417/881/3340 3416/858/3339
f 3421/864/3343 3422/884/3302 3418/879/3301 3417/881/3340
f 211/92/2746 3402/852/3324 3419/854/3341 854/1254/2744
f 3402/852/3324 3406/862/3329 3420/857/3342 3419/854/3341
f 3406/862/3329 3410/868/3334 3421/864/3343 3420/857/3342
f 3410/868/3334 233/32/3303 3422/884/3302 3421/864/3343
f 930/910/3304 3423/914/3344 531/896/1088 45/885/971
f 3423/914/3344 3424/918/3345 532/906/1093 531/896/1088
f 3424/918/3345 3425/819/3346 533/950/1098 532/906/1093
f 3425/819/3346 3426/810/3347 131/199/1073 533/950/1098
f 931/1231/3306 3427/1230/3348 3423/914/3344 930/910/3304
f 3427/1230/3348 3428/829/3349 3424/918/3345 3423/914/3344
f 3428/829/3349 3429/823/3350 3425/819/3346 3424/918/3345
f 3429/823/3350 3430/820/3351 3426/810/3347 3425/819/3346
f 932/1232/3308 3431/873/3352 3427/1230/3348 931/1231/3306
f 3431/873/3352 3432/876/3353 3428/829/3349 3427/1230/3348
f 3432/876/3353 3433/830/3354 3429/823/3350 3428/829/3349
f 3433/830/3354 3434/826/3355 3430/820/3351 3429/823/3350
f 234/146/3310 3462/871/3356 3431/873/3352 932/1232/3308
f 3462/871/3356 3466/879/3357 3432/876/3353 3431/873/3352
f 3466/879/3357 3470/884/3358 3433/830/3354 3432/876/3353
f 3470/884/3358 235/32/3359 3434/826/3355 3433/830/3354
f 534/1234/1067 3435/1233/3361 936/685/3360 46/757/1032
f 3435/1233/3361 3436/1235/3363 937/613/3362 936/685/3360
f 3436/1235/3363 3437/842/3365 938/541/3364 937/613/3362
f 3437/842/3365 3438/833/3367 236/33/3366 938/541/3364
f 535/1237/1069 3439/1236/3368 3435/1233/3361 534/1234/1067
f 3439/1236/3368 3440/816/3369 3436/1235/3363 3435/1233/3361
f 3440/816/3369 3441/846/3370 3437/842/3365 3436/1235/3363
f 3441/846/3370 3442/843/3371 3438/833/3367 3437/842/3365
f 536/1238/1071 3443/812/3372 3439/1236/3368 535/1237/1069
f 3443/812/3372 3444/815/3373 3440/816/3369 3439/1236/3368
f 3444/815/3373 3445/822/3374 3441/846/3370 3440/816/3369
f 3445/822/3374 3446/849/3375 3442/843/3371 3441/846/3370
f 131/199/1073 3426/810/3347 3443/812/3372 536/1238/1071
f 3426/810/3347 3430/820/3351 3444/815/3373 3443/812/3372
f 3430/820/3351 3434/826/3355 3445/822/3374 3444/815/3373
f 3434/826/3355 235/32/3359 3446/849/3375 3445/822/3374
f 933/250/3377 3447/1240/3376 861/1239/2827 38/225/2824
f 3447/1240/3376 3448/1242/3378 862/1241/2835 861/1239/2827
f 3448/1242/3378 3449/861/3379 863/1243/2840 862/1241/2835
f 3449/861/3379 3450/852/3380 214/92/2810 863/1243/2840
f 934/326/3382 3451/1244/3381 3447/1240/3376 933/250/3377
f 3451/1244/3381 3452/839/3383 3448/1242/3378 3447/1240/3376
f 3452/839/3383 3453/865/3384 3449/861/3379 3448/1242/3378
f 3453/865/3384 3454/862/3385 3450/852/3380 3449/861/3379
f 935/398/3387 3455/835/3386 3451/1244/3381 934/326/3382
f 3455/835/3386 3456/838/3388 3452/839/3383 3451/1244/3381
f 3456/838/3388 3457/845/3389 3453/865/3384 3452/839/3383
f 3457/845/3389 3458/868/3390 3454/862/3385 3453/865/3384
f 236/33/3366 3438/833/3367 3455/835/3386 935/398/3387
f 3438/833/3367 3442/843/3371 3456/838/3388 3455/835/3386
f 3442/843/3371 3446/849/3375 3457/845/3389 3456/838/3388
f 3446/849/3375 235/32/3359 3458/868/3390 3457/845/3389
f 864/1248/2804 3459/1247/3391 927/1246/3321 37/1245/2760
f 3459/1247/3391 3460/1250/3392 928/1249/3326 927/1246/3321
f 3460/1250/3392 3461/878/3393 929/1251/3331 928/1249/3326
f 3461/878/3393 3462/871/3356 234/146/3310 929/1251/3331
f 865/1253/2806 3463/1252/3394 3459/1247/3391 864/1248/2804
f 3463/1252/3394 3464/858/3395 3460/1250/3392 3459/1247/3391
f 3464/858/3395 3465/881/3396 3461/878/3393 3460/1250/3392
f 3465/881/3396 3466/879/3357 3462/871/3356 3461/878/3393
f 866/1254/2808 3467/854/3397 3463/1252/3394 865/1253/2806
f 3467/854/3397 3468/857/3398 3464/858/3395 3463/1252/3394
f 3468/857/3398 3469/864/3399 3465/881/3396 3464/858/3395
f 3469/864/3399 3470/884/3358 3466/879/3357 3465/881/3396
f 214/92/2810 3450/852/3380 3467/854/3397 866/1254/2808
f 3450/852/3380 3454/862/3385 3468/857/3398 3467/854/3397
f 3454/862/3385 3458/868/3390 3469/864/3399 3468/857/3398
f 3458/868/3390 235/32/3359 3470/884/3358 3469/864/3399
f 936/910/3360 3471/914/3400 519/896/1035 46/885/1032
f 3471/914/3400 3472/918/3401 520/906/1043 519/896/1035
f 3472/918/3401 3473/819/3402 521/950/1048 520/906/1043
f 3473/819/3402 3474/810/3403 128/199/1015 521/950/1048
f 937/1231/3362 3475/1230/3404 3471/914/3400 936/910/3360
f 3475/1230/3404 3476/829/3405 3472/918/3401 3471/914/3400
f 3476/829/3405 3477/823/3406 3473/819/3402 3472/918/3401
f 3477/823/3406 3478/820/3407 3474/810/3403 3473/819/3402
f 938/1232/3364 3479/873/3408 3475/1230/3404 937/1231/3362
f 3479/873/3408 3480/876/3409 3476/829/3405 3475/1230/3404
f 3480/876/3409 3481/830/3410 3477/823/3406 3476/829/3405
f 3481/830/3410 3482/826/3411 3478/820/3407 3477/823/3406
f 236/146/3366 3510/871/3412 3479/873/3408 938/1232/3364
f 3510/871/3412 3514/879/3413 3480/876/3409 3479/873/3408
f 3514/879/3413 3518/884/3414 3481/830/3410 3480/876/3409
f 3518/884/3414 237/32/3415 3482/826/3411 3481/830/3410
f 522/1234/1008 3483/1233/3417 942/685/3416 47/757/1007
f 3483/1233/3417 3484/1235/3419 943/613/3418 942/685/3416
f 3484/1235/3419 3485/842/3421 944/541/3420 943/613/3418
f 3485/842/3421 3486/833/3423 238/33/3422 944/541/3420
f 523/1237/1011 3487/1236/3424 3483/1233/3417 522/1234/1008
f 3487/1236/3424 3488/816/3425 3484/1235/3419 3483/1233/3417
f 3488/816/3425 3489/846/3426 3485/842/3421 3484/1235/3419
f 3489/846/3426 3490/843/3427 3486/833/3423 3485/842/3421
f 524/1238/1013 3491/812/3428 3487/1236/3424 523/1237/1011
f 3491/812/3428 3492/815/3429 3488/816/3425 3487/1236/3424
f 3492/815/3429 3493/822/3430 3489/846/3426 3488/816/3425
f 3493/822/3430 3494/849/3431 3490/843/3427 3489/846/3426
f 128/199/1015 3474/810/3403 3491/812/3428 524/1238/1013
f 3474/810/3403 3478/820/3407 3492/815/3429 3491/812/3428
f 3478/820/3407 3482/826/3411 3493/822/3430 3492/815/3429
f 3482/826/3411 237/32/3415 3494/849/3431 3493/822/3430
f 939/250/3433 3495/1240/3432 873/1239/2891 39/225/2888
f 3495/1240/3432 3496/1242/3434 874/1241/2899 873/1239/2891
f 3496/1242/3434 3497/861/3435 875/1243/2904 874/1241/2899
f 3497/861/3435 3498/852/3436 217/92/2874 875/1243/2904
f 940/326/3438 3499/1244/3437 3495/1240/3432 939/250/3433
f 3499/1244/3437 3500/839/3439 3496/1242/3434 3495/1240/3432
f 3500/839/3439 3501/865/3440 3497/861/3435 3496/1242/3434
f 3501/865/3440 3502/862/3441 3498/852/3436 3497/861/3435
f 941/398/3443 3503/835/3442 3499/1244/3437 940/326/3438
f 3503/835/3442 3504/838/3444 3500/839/3439 3499/1244/3437
f 3504/838/3444 3505/845/3445 3501/865/3440 3500/839/3439
f 3505/845/3445 3506/868/3446 3502/862/3441 3501/865/3440
f 238/33/3422 3486/833/3423 3503/835/3442 941/398/3443
f 3486/833/3423 3490/843/3427 3504/838/3444 3503/835/3442
f 3490/843/3427 3494/849/3431 3505/845/3445 3504/838/3444
f 3494/849/3431 237/32/3415 3506/868/3446 3505/845/3445
f 876/1248/2868 3507/1247/3447 933/1246/3377 38/1245/2824
f 3507/1247/3447 3508/1250/3448 934/1249/3382 933/1246/3377
f 3508/1250/3448 3509/878/3449 935/1251/3387 934/1249/3382
f 3509/878/3449 3510/871/3412 236/146/3366 935/1251/3387
f 877/1253/2870 3511/1252/3450 3507/1247/3447 876/1248/2868
f 3511/1252/3450 3512/858/3451 3508/1250/3448 3507/1247/3447
f 3512/858/3451 3513/881/3452 3509/878/3449 3508/1250/3448
f 3513/881/3452 3514/879/3413 3510/871/3412 3509/878/3449
f 878/1254/2872 3515/854/3453 3511/1252/3450 877/1253/2870
f 3515/854/3453 3516/857/3454 3512/858/3451 3511/1252/3450
f 3516/857/3454 3517/864/3455 3513/881/3452 3512/858/3451
f 3517/864/3455 3518/884/3414 3514/879/3413 3513/881/3452
f 217/92/2874 3498/852/3436 3515/854/3453 878/1254/2872
f 3498/852/3436 3502/862/3441 3516/857/3454 3515/854/3453
f 3502/862/3441 3506/868/3446 3517/864/3455 3516/857/3454
f 3506/868/3446 237/32/3415 3518/884/3414 3517/864/3455
f 618/947/1424 3519/2720/3457 948/932/3456 68/199/1376
f 3519/2720/3457 3520/2721/3459 949/823/3458 948/932/3456
f 3520/2721/3459 3521/2722/3461 950/1910/3460 949/823/3458
f 3521/2722/3461 3522/2723/3463 240/879/3462 950/1910/3460
f 619/950/1426 3523/2724/3464 3519/2720/3457 618/947/1424
f 3523/2724/3464 3524/2725/3465 3520/2721/3459 3519/2720/3457
f 3524/2725/3465 3525/1879/3466 3521/2722/3461 3520/2721/3459
f 3525/1879/3466 3526/2726/3467 3522/2723/3463 3521/2722/3461
f 620/952/1428 3527/2727/3468 3523/2724/3464 619/950/1426
f 3527/2727/3468 3528/1628/3469 3524/2728/3465 3523/2724/3464
f 3528/1628/3469 3529/2729/3470 3525/1879/3466 3524/2728/3465
f 3529/2729/3470 3530/2731/3471 3526/2730/3467 3525/1879/3466
f 150/906/1430 3546/2732/3472 3527/2727/3468 620/952/1428
f 3546/2732/3472 3550/2733/3473 3528/1628/3469 3527/2727/3468
f 3550/2733/3473 3554/1633/3474 3529/2734/3470 3528/1628/3469
f 3554/1633/3474 239/2735/3475 3530/1884/3471 3529/2734/3470
f 945/2131/3477 3531/2736/3476 939/1246/3433 39/1245/2888
f 3531/2736/3476 3532/2737/3478 940/1249/3438 939/1246/3433
f 3532/2737/3478 3533/2738/3479 941/1251/3443 940/1249/3438
f 3533/2738/3479 3534/2739/3480 238/146/3422 941/1251/3443
f 946/1250/3482 3535/2740/3481 3531/2736/3476 945/2131/3477
f 3535/2740/3481 3536/2741/3483 3532/2737/3478 3531/2736/3476
f 3536/2741/3483 3537/2742/3484 3533/2738/3479 3532/2737/3478
f 3537/2742/3484 3538/2743/3485 3534/2739/3480 3533/2738/3479
f 947/2006/3487 3539/2744/3486 3535/2740/3481 946/1250/3482
f 3539/2744/3486 3540/2745/3488 3536/2741/3483 3535/2740/3481
f 3540/2745/3488 3541/2746/3489 3537/2742/3484 3536/2741/3483
f 3541/2746/3489 3542/2748/3490 3538/2747/3485 3537/2742/3484
f 240/879/3462 3522/2723/3463 3539/2744/3486 947/2006/3487
f 3522/2723/3463 3526/2730/3467 3540/2745/3488 3539/2744/3486
f 3526/2730/3467 3530/1884/3471 3541/2749/3489 3540/2745/3488
f 3530/1884/3471 239/2735/3475 3542/873/3490 3541/2749/3489
f 942/910/3416 3543/2750/3491 615/888/1441 47/885/1007
f 3543/2750/3491 3544/2751/3492 616/896/1446 615/888/1441
f 3544/2751/3492 3545/2752/3493 617/901/1451 616/896/1446
f 3545/2752/3493 3546/2732/3472 150/906/1430 617/901/1451
f 943/1231/3418 3547/2753/3494 3543/2750/3491 942/910/3416
f 3547/2753/3494 3548/2754/3495 3544/2751/3492 3543/2750/3491
f 3548/2754/3495 3549/2755/3496 3545/2752/3493 3544/2751/3492
f 3549/2755/3496 3550/2756/3473 3546/2732/3472 3545/2752/3493
f 944/1232/3420 3551/2757/3497 3547/2753/3494 943/1231/3418
f 3551/2757/3497 3552/2758/3498 3548/2754/3495 3547/2753/3494
f 3552/2758/3498 3553/2759/3499 3549/2755/3496 3548/2754/3495
f 3553/2759/3499 3554/2760/3474 3550/2756/3473 3549/2755/3496
f 238/146/3422 3534/2739/3480 3551/2757/3497 944/1232/3420
f 3534/2739/3480 3538/2747/3485 3552/2758/3498 3551/2757/3497
f 3538/2747/3485 3542/873/3490 3553/2761/3499 3552/2758/3498
f 3542/873/3490 239/2735/3475 3554/1633/3474 3553/2761/3499
f 606/2763/1357 3555/2762/3500 621/685/1466 48/757/1356
f 3555/2762/3500 3556/2764/3501 622/613/1474 621/685/1466
f 3556/2764/3501 3557/2765/3502 623/541/1479 622/613/1474
f 3557/2765/3502 3558/2766/3503 152/33/1484 623/541/1479
f 607/1234/1360 3559/2767/3504 3555/2762/3500 606/2763/1357
f 3559/2767/3504 3560/2768/3505 3556/2764/3501 3555/2762/3500
f 3560/2768/3505 3561/2769/3506 3557/2765/3502 3556/2764/3501
f 3561/2769/3506 3562/2770/3507 3558/2766/3503 3557/2765/3502
f 608/2772/1362 3563/2771/3508 3559/2767/3504 607/1234/1360
f 3563/2771/3508 3564/2773/3509 3560/2768/3505 3559/2767/3504
f 3564/2773/3509 3565/2774/3510 3561/2769/3506 3560/2768/3505
f 3565/2774/3510 3566/2776/3511 3562/2775/3507 3561/2769/3506
f 147/1237/1364 3582/2777/3512 3563/2771/3508 608/2772/1362
f 3582/2777/3512 3586/2778/3513 3564/2773/3509 3563/2771/3508
f 3586/2778/3513 3590/2780/3514 3565/2779/3510 3564/2773/3509
f 3590/2780/3514 241/2781/3515 3566/842/3511 3565/2779/3510
f 624/250/1520 3567/2783/3517 954/2782/3516 40/225/1519
f 3567/2783/3517 3568/2784/3519 955/1244/3518 954/2782/3516
f 3568/2784/3519 3569/2786/3521 956/2785/3520 955/1244/3518
f 3569/2786/3521 3570/2787/3523 242/843/3522 956/2785/3520
f 625/326/1523 3571/2788/3524 3567/2783/3517 624/250/1520
f 3571/2788/3524 3572/2789/3525 3568/2784/3519 3567/2783/3517
f 3572/2789/3525 3573/2790/3526 3569/2786/3521 3568/2784/3519
f 3573/2790/3526 3574/2791/3527 3570/2787/3523 3569/2786/3521
f 626/398/1525 3575/2792/3528 3571/2788/3524 625/326/1523
f 3575/2792/3528 3576/2793/3529 3572/2789/3525 3571/2788/3524
f 3576/2793/3529 3577/2794/3530 3573/2790/3526 3572/2789/3525
f 3577/2794/3530 3578/2796/3531 3574/2795/3527 3573/2790/3526
f 152/33/1484 3558/2766/3503 3575/2792/3528 626/398/1525
f 3558/2766/3503 3562/2775/3507 3576/2793/3529 3575/2792/3528
f 3562/2775/3507 3566/842/3511 3577/2797/3530 3576/2793/3529
f 3566/842/3511 241/2781/3515 3578/2798/3531 3577/2797/3530
f 951/2801/3533 3579/2800/3532 603/2799/1379 68/199/1376
f 3579/2800/3532 3580/2802/3534 604/1238/1387 603/2799/1379
f 3580/2802/3534 3581/2804/3535 605/2803/1392 604/1238/1387
f 3581/2804/3535 3582/2777/3512 147/1237/1364 605/2803/1392
f 952/815/3537 3583/2805/3536 3579/2800/3532 951/2801/3533
f 3583/2805/3536 3584/2806/3538 3580/2802/3534 3579/2800/3532
f 3584/2806/3538 3585/2807/3539 3581/2804/3535 3580/2802/3534
f 3585/2807/3539 3586/2808/3513 3582/2777/3512 3581/2804/3535
f 953/2810/3541 3587/2809/3540 3583/2805/3536 952/815/3537
f 3587/2809/3540 3588/2811/3542 3584/2806/3538 3583/2805/3536
f 3588/2811/3542 3589/2812/3543 3585/2807/3539 3584/2806/3538
f 3589/2812/3543 3590/2813/3514 3586/2778/3513 3585/2807/3539
f 242/843/3522 3570/2787/3523 3587/2809/3540 953/2810/3541
f 3570/2787/3523 3574/2795/3527 3588/2811/3542 3587/2809/3540
f 3574/2795/3527 3578/2798/3531 3589/2814/3543 3588/2811/3542
f 3578/2798/3531 241/2781/3515 3590/2780/3514 3589/2814/3543
f 954/2782/3516 3591/2815/3544 885/1239/2954 40/225/1519
f 3591/2815/3544 3592/2816/3545 886/1241/2962 885/1239/2954
f 3592/2816/3545 3593/2817/3546 887/1243/2967 886/1241/2962
f 3593/2817/3546 3594/2818/3547 220/92/2938 887/1243/2967
f 955/1244/3518 3595/2819/3548 3591/2815/3544 954/2782/3516
f 3595/2819/3548 3596/2820/3549 3592/2816/3545 3591/2815/3544
f 3596/2820/3549 3597/2821/3550 3593/2817/3546 3592/2816/3545
f 3597/2821/3550 3598/2822/3551 3594/2818/3547 3593/2817/3546
f 956/2785/3520 3599/2823/3552 3595/2819/3548 955/1244/3518
f 3599/2823/3552 3600/2824/3553 3596/2820/3549 3595/2819/3548
f 3600/2824/3553 3601/2825/3554 3597/2821/3550 3596/2820/3549
f 3601/2825/3554 3602/862/3555 3598/2826/3551 3597/2821/3550
f 242/843/3522 3618/2827/3556 3599/2823/3552 956/2785/3520
f 3618/2827/3556 3622/2828/3557 3600/2824/3553 3599/2823/3552
f 3622/2828/3557 3626/2829/3558 3601/2825/3554 3600/2824/3553
f 3626/2829/3558 243/2830/3559 3602/862/3555 3601/2825/3554
f 888/1248/2932 3603/2831/3560 945/2131/3477 39/1245/2888
f 3603/2831/3560 3604/2832/3561 946/1250/3482 945/2131/3477
f 3604/2832/3561 3605/2833/3562 947/2006/3487 946/1250/3482
f 3605/2833/3562 3606/2834/3563 240/879/3462 947/2006/3487
f 889/1253/2934 3607/2835/3564 3603/2831/3560 888/1248/2932
f 3607/2835/3564 3608/2836/3565 3604/2832/3561 3603/2831/3560
f 3608/2836/3565 3609/2837/3566 3605/2833/3562 3604/2832/3561
f 3609/2837/3566 3610/2838/3567 3606/2834/3563 3605/2833/3562
f 890/1254/2936 3611/2839/3568 3607/2835/3564 889/1253/2934
f 3611/2839/3568 3612/2840/3569 3608/2836/3565 3607/2835/3564
f 3612/2840/3569 3613/2841/3570 3609/2837/3566 3608/2836/3565
f 3613/2841/3570 3614/2842/3571 3610/2838/3567 3609/2837/3566
f 220/92/2938 3594/2818/3547 3611/2843/3568 890/1254/2936
f 3594/2818/3547 3598/2826/3551 3612/2844/3569 3611/2843/3568
f 3598/2826/3551 3602/862/3555 3613/2845/3570 3612/2844/3569
f 3602/862/3555 243/2830/3559 3614/2021/3571 3613/2845/3570
f 948/932/3456 3615/2846/3572 951/2801/3533 68/199/1376
f 3615/2846/3572 3616/2847/3573 952/815/3537 951/2801/3533
f 3616/2847/3573 3617/2848/3574 953/2810/3541 952/815/3537
f 3617/2848/3574 3618/2849/3556 242/843/3522 953/2810/3541
f 949/823/3458 3619/2850/3575 3615/2846/3572 948/932/3456
f 3619/2850/3575 3620/2852/3576 3616/2851/3573 3615/2846/3572
f 3620/2852/3576 3621/1281/3577 3617/2848/3574 3616/2851/3573
f 3621/1281/3577 3622/2853/3557 3618/2827/3556 3617/2848/3574
f 950/1910/3460 3623/1968/3578 3619/2850/3575 949/823/3458
f 3623/1968/3578 3624/1504/3579 3620/2854/3576 3619/2850/3575
f 3624/1504/3579 3625/2026/3580 3621/1281/3577 3620/2854/3576
f 3625/2026/3580 3626/2829/3558 3622/2828/3557 3621/1281/3577
f 240/879/3462 3606/2855/3563 3623/1968/3578 950/1910/3460
f 3606/2855/3563 3610/2856/3567 3624/1504/3579 3623/1968/3578
f 3610/2856/3567 3614/2021/3571 3625/2026/3580 3624/1504/3579
f 3614/2021/3571 243/2857/3559 3626/2829/3558 3625/2026/3580
f 486/910/898 3627/914/3581 285/896/109 54/885/106
f 3627/914/3581 3628/918/3582 286/906/117 285/896/109
f 3628/918/3582 3629/819/3583 287/950/122 286/906/117
f 3629/819/3583 3630/810/3584 76/199/94 287/950/122
f 487/1231/900 3631/1230/3585 3627/914/3581 486/910/898
f 3631/1230/3585 3632/829/3586 3628/918/3582 3627/914/3581
f 3632/829/3586 3633/823/3587 3629/819/3583 3628/918/3582
f 3633/823/3587 3634/820/3588 3630/810/3584 3629/819/3583
f 488/1232/902 3635/873/3589 3631/1230/3585 487/1231/900
f 3635/873/3589 3636/876/3590 3632/829/3586 3631/1230/3585
f 3636/876/3590 3637/830/3591 3633/823/3587 3632/829/3586
f 3637/830/3591 3638/826/3592 3634/820/3588 3633/823/3587
f 120/146/904 3666/871/3593 3635/873/3589 488/1232/902
f 3666/871/3593 3670/879/3594 3636/876/3590 3635/873/3589
f 3670/879/3594 3674/884/3595 3637/830/3591 3636/876/3590
f 3674/884/3595 244/32/3596 3638/826/3592 3637/830/3591
f 288/1234/87 3639/1233/3598 960/685/3597 53/757/86
f 3639/1233/3598 3640/1235/3600 961/613/3599 960/685/3597
f 3640/1235/3600 3641/842/3602 962/541/3601 961/613/3599
f 3641/842/3602 3642/833/3604 245/33/3603 962/541/3601
f 289/1237/90 3643/1236/3605 3639/1233/3598 288/1234/87
f 3643/1236/3605 3644/816/3606 3640/1235/3600 3639/1233/3598
f 3644/816/3606 3645/846/3607 3641/842/3602 3640/1235/3600
f 3645/846/3607 3646/843/3608 3642/833/3604 3641/842/3602
f 290/1238/92 3647/812/3609 3643/1236/3605 289/1237/90
f 3647/812/3609 3648/815/3610 3644/816/3606 3643/1236/3605
f 3648/815/3610 3649/822/3611 3645/846/3607 3644/816/3606
f 3649/822/3611 3650/849/3612 3646/843/3608 3645/846/3607
f 76/199/94 3630/810/3584 3647/812/3609 290/1238/92
f 3630/810/3584 3634/820/3588 3648/815/3610 3647/812/3609
f 3634/820/3588 3638/826/3592 3649/822/3611 3648/815/3610
f 3638/826/3592 244/32/3596 3650/849/3612 3649/822/3611
f 957/250/3614 3651/1240/3613 669/1239/1754 6/225/1751
f 3651/1240/3613 3652/1242/3615 670/1241/1762 669/1239/1754
f 3652/1242/3615 3653/861/3616 671/1243/1767 670/1241/1762
f 3653/861/3616 3654/852/3617 165/92/1737 671/1243/1767
f 958/326/3619 3655/1244/3618 3651/1240/3613 957/250/3614
f 3655/1244/3618 3656/839/3620 3652/1242/3615 3651/1240/3613
f 3656/839/3620 3657/865/3621 3653/861/3616 3652/1242/3615
f 3657/865/3621 3658/862/3622 3654/852/3617 3653/861/3616
f 959/398/3624 3659/835/3623 3655/1244/3618 958/326/3619
f 3659/835/3623 3660/838/3625 3656/839/3620 3655/1244/3618
f 3660/838/3625 3661/845/3626 3657/865/3621 3656/839/3620
f 3661/845/3626 3662/868/3627 3658/862/3622 3657/865/3621
f 245/33/3603 3642/833/3604 3659/835/3623 959/398/3624
f 3642/833/3604 3646/843/3608 3660/838/3625 3659/835/3623
f 3646/843/3608 3650/849/3612 3661/845/3626 3660/838/3625
f 3650/849/3612 244/32/3596 3662/868/3627 3661/845/3626
f 672/1248/1731 3663/1247/3628 483/1246/917 7/1245/914
f 3663/1247/3628 3664/1250/3629 484/1249/925 483/1246/917
f 3664/1250/3629 3665/878/3630 485/1251/930 484/1249/925
f 3665/878/3630 3666/871/3593 120/146/904 485/1251/930
f 673/1253/1733 3667/1252/3631 3663/1247/3628 672/1248/1731
f 3667/1252/3631 3668/858/3632 3664/1250/3629 3663/1247/3628
f 3668/858/3632 3669/881/3633 3665/878/3630 3664/1250/3629
f 3669/881/3633 3670/879/3594 3666/871/3593 3665/878/3630
f 674/1254/1735 3671/854/3634 3667/1252/3631 673/1253/1733
f 3671/854/3634 3672/857/3635 3668/858/3632 3667/1252/3631
f 3672/857/3635 3673/864/3636 3669/881/3633 3668/858/3632
f 3673/864/3636 3674/884/3595 3670/879/3594 3669/881/3633
f 165/92/1737 3654/852/3617 3671/854/3634 674/1254/1735
f 3654/852/3617 3658/862/3622 3672/857/3635 3671/854/3634
f 3658/862/3622 3662/868/3627 3673/864/3636 3672/857/3635
f 3662/868/3627 244/32/3596 3674/884/3595 3673/864/3636
f 960/910/3597 3675/914/3637 279/896/89 53/885/86
f 3675/914/3637 3676/918/3638 280/906/97 279/896/89
f 3676/918/3638 3677/819/3639 281/950/102 280/906/97
f 3677/819/3639 3678/810/3640 75/199/74 281/950/102
f 961/1231/3599 3679/1230/3641 3675/914/3637 960/910/3597
f 3679/1230/3641 3680/829/3642 3676/918/3638 3675/914/3637
f 3680/829/3642 3681/823/3643 3677/819/3639 3676/918/3638
f 3681/823/3643 3682/820/3644 3678/810/3640 3677/819/3639
f 962/1232/3601 3683/873/3645 3679/1230/3641 961/1231/3599
f 3683/873/3645 3684/876/3646 3680/829/3642 3679/1230/3641
f 3684/876/3646 3685/830/3647 3681/823/3643 3680/829/3642
f 3685/830/3647 3686/826/3648 3682/820/3644 3681/823/3643
f 245/146/3603 3714/871/3649 3683/873/3645 962/1232/3601
f 3714/871/3649 3718/879/3650 3684/876/3646 3683/873/3645
f 3718/879/3650 3722/884/3651 3685/830/3647 3684/876/3646
f 3722/884/3651 246/32/3652 3686/826/3648 3685/830/3647
f 282/1234/67 3687/1233/3654 966/685/3653 52/757/66
f 3687/1233/3654 3688/1235/3656 967/613/3655 966/685/3653
f 3688/1235/3656 3689/842/3658 968/541/3657 967/613/3655
f 3689/842/3658 3690/833/3660 247/33/3659 968/541/3657
f 283/1237/70 3691/1236/3661 3687/1233/3654 282/1234/67
f 3691/1236/3661 3692/816/3662 3688/1235/3656 3687/1233/3654
f 3692/816/3662 3693/846/3663 3689/842/3658 3688/1235/3656
f 3693/846/3663 3694/843/3664 3690/833/3660 3689/842/3658
f 284/1238/72 3695/812/3665 3691/1236/3661 283/1237/70
f 3695/812/3665 3696/815/3666 3692/816/3662 3691/1236/3661
f 3696/815/3666 3697/822/3667 3693/846/3663 3692/816/3662
f 3697/822/3667 3698/849/3668 3694/843/3664 3693/846/3663
f 75/199/74 3678/810/3640 3695/812/3665 284/1238/72
f 3678/810/3640 3682/820/3644 3696/815/3666 3695/812/3665
f 3682/820/3644 3686/826/3648 3697/822/3667 3696/815/3666
f 3686/826/3648 246/32/3652 3698/849/3668 3697/822/3667
f 963/250/3670 3699/1240/3669 687/1239/1826 5/225/1823
f 3699/1240/3669 3700/1242/3671 688/1241/1834 687/1239/1826
f 3700/1242/3671 3701/861/3672 689/1243/1839 688/1241/1834
f 3701/861/3672 3702/852/3673 169/92/1809 689/1243/1839
f 964/326/3675 3703/1244/3674 3699/1240/3669 963/250/3670
f 3703/1244/3674 3704/839/3676 3700/1242/3671 3699/1240/3669
f 3704/839/3676 3705/865/3677 3701/861/3672 3700/1242/3671
f 3705/865/3677 3706/862/3678 3702/852/3673 3701/861/3672
f 965/398/3680 3707/835/3679 3703/1244/3674 964/326/3675
f 3707/835/3679 3708/838/3681 3704/839/3676 3703/1244/3674
f 3708/838/3681 3709/845/3682 3705/865/3677 3704/839/3676
f 3709/845/3682 3710/868/3683 3706/862/3678 3705/865/3677
f 247/33/3659 3690/833/3660 3707/835/3679 965/398/3680
f 3690/833/3660 3694/843/3664 3708/838/3681 3707/835/3679
f 3694/843/3664 3698/849/3668 3709/845/3682 3708/838/3681
f 3698/849/3668 246/32/3652 3710/868/3683 3709/845/3682
f 690/1248/1803 3711/1247/3684 957/1246/3614 6/1245/1751
f 3711/1247/3684 3712/1250/3685 958/1249/3619 957/1246/3614
f 3712/1250/3685 3713/878/3686 959/1251/3624 958/1249/3619
f 3713/878/3686 3714/871/3649 245/146/3603 959/1251/3624
f 691/1253/1805 3715/1252/3687 3711/1247/3684 690/1248/1803
f 3715/1252/3687 3716/858/3688 3712/1250/3685 3711/1247/3684
f 3716/858/3688 3717/881/3689 3713/878/3686 3712/1250/3685
f 3717/881/3689 3718/879/3650 3714/871/3649 3713/878/3686
f 692/1254/1807 3719/854/3690 3715/1252/3687 691/1253/1805
f 3719/854/3690 3720/857/3691 3716/858/3688 3715/1252/3687
f 3720/857/3691 3721/864/3692 3717/881/3689 3716/858/3688
f 3721/864/3692 3722/884/3651 3718/879/3650 3717/881/3689
f 169/92/1809 3702/852/3673 3719/854/3690 692/1254/1807
f 3702/852/3673 3706/862/3678 3720/857/3691 3719/854/3690
f 3706/862/3678 3710/868/3683 3721/864/3692 3720/857/3691
f 3710/868/3683 246/32/3652 3722/884/3651 3721/864/3692
f 966/910/3653 3723/914/3693 273/896/69 52/885/66
f 3723/914/3693 3724/918/3694 274/906/77 273/896/69
f 3724/918/3694 3725/819/3695 275/950/82 274/906/77
f 3725/819/3695 3726/810/3696 74/199/54 275/950/82
f 967/1231/3655 3727/1230/3697 3723/914/3693 966/910/3653
f 3727/1230/3697 3728/829/3698 3724/918/3694 3723/914/3693
f 3728/829/3698 3729/823/3699 3725/819/3695 3724/918/3694
f 3729/823/3699 3730/820/3700 3726/810/3696 3725/819/3695
f 968/1232/3657 3731/873/3701 3727/1230/3697 967/1231/3655
f 3731/873/3701 3732/876/3702 3728/829/3698 3727/1230/3697
f 3732/876/3702 3733/830/3703 3729/823/3699 3728/829/3698
f 3733/830/3703 3734/826/3704 3730/820/3700 3729/823/3699
f 247/146/3659 3762/871/3705 3731/873/3701 968/1232/3657
f 3762/871/3705 3766/879/3706 3732/876/3702 3731/873/3701
f 3766/879/3706 3770/884/3707 3733/830/3703 3732/876/3702
f 3770/884/3707 248/32/3708 3734/826/3704 3733/830/3703
f 276/1234/47 3735/1233/3710 972/685/3709 51/757/46
f 3735/1233/3710 3736/1235/3712 973/613/3711 972/685/3709
f 3736/1235/3712 3737/842/3714 974/541/3713 973/613/3711
f 3737/842/3714 3738/833/3716 249/33/3715 974/541/3713
f 277/1237/50 3739/1236/3717 3735/1233/3710 276/1234/47
f 3739/1236/3717 3740/816/3718 3736/1235/3712 3735/1233/3710
f 3740/816/3718 3741/846/3719 3737/842/3714 3736/1235/3712
f 3741/846/3719 3742/843/3720 3738/833/3716 3737/842/3714
f 278/1238/52 3743/812/3721 3739/1236/3717 277/1237/50
f 3743/812/3721 3744/815/3722 3740/816/3718 3739/1236/3717
f 3744/815/3722 3745/822/3723 3741/846/3719 3740/816/3718
f 3745/822/3723 3746/849/3724 3742/843/3720 3741/846/3719
f 74/199/54 3726/810/3696 3743/812/3721 278/1238/52
f 3726/810/3696 3730/820/3700 3744/815/3722 3743/812/3721
f 3730/820/3700 3734/826/3704 3745/822/3723 3744/815/3722
f 3734/826/3704 248/32/3708 3746/849/3724 3745/822/3723
f 969/250/3726 3747/1240/3725 705/1239/1898 4/225/1895
f 3747/1240/3725 3748/1242/3727 706/1241/1906 705/1239/1898
f 3748/1242/3727 3749/861/3728 707/1243/1911 706/1241/1906
f 3749/861/3728 3750/852/3729 173/92/1881 707/1243/1911
f 970/326/3731 3751/1244/3730 3747/1240/3725 969/250/3726
f 3751/1244/3730 3752/839/3732 3748/1242/3727 3747/1240/3725
f 3752/839/3732 3753/865/3733 3749/861/3728 3748/1242/3727
f 3753/865/3733 3754/862/3734 3750/852/3729 3749/861/3728
f 971/398/3736 3755/835/3735 3751/1244/3730 970/326/3731
f 3755/835/3735 3756/838/3737 3752/839/3732 3751/1244/3730
f 3756/838/3737 3757/845/3738 3753/865/3733 3752/839/3732
f 3757/845/3738 3758/868/3739 3754/862/3734 3753/865/3733
f 249/33/3715 3738/833/3716 3755/835/3735 971/398/3736
f 3738/833/3716 3742/843/3720 3756/838/3737 3755/835/3735
f 3742/843/3720 3746/849/3724 3757/845/3738 3756/838/3737
f 3746/849/3724 248/32/3708 3758/868/3739 3757/845/3738
f 708/1248/1875 3759/1247/3740 963/1246/3670 5/1245/1823
f 3759/1247/3740 3760/1250/3741 964/1249/3675 963/1246/3670
f 3760/1250/3741 3761/878/3742 965/1251/3680 964/1249/3675
f 3761/878/3742 3762/871/3705 247/146/3659 965/1251/3680
f 709/1253/1877 3763/1252/3743 3759/1247/3740 708/1248/1875
f 3763/1252/3743 3764/858/3744 3760/1250/3741 3759/1247/3740
f 3764/858/3744 3765/881/3745 3761/878/3742 3760/1250/3741
f 3765/881/3745 3766/879/3706 3762/871/3705 3761/878/3742
f 710/1254/1879 3767/854/3746 3763/1252/3743 709/1253/1877
f 3767/854/3746 3768/857/3747 3764/858/3744 3763/1252/3743
f 3768/857/3747 3769/864/3748 3765/881/3745 3764/858/3744
f 3769/864/3748 3770/884/3707 3766/879/3706 3765/881/3745
f 173/92/1881 3750/852/3729 3767/854/3746 710/1254/1879
f 3750/852/3729 3754/862/3734 3768/857/3747 3767/854/3746
f 3754/862/3734 3758/868/3739 3769/864/3748 3768/857/3747
f 3758/868/3739 248/32/3708 3770/884/3707 3769/864/3748
f 972/910/3709 3771/914/3749 267/896/49 51/885/46
f 3771/914/3749 3772/918/3750 268/906/57 267/896/49
f 3772/918/3750 3773/819/3751 269/950/62 268/906/57
f 3773/819/3751 3774/810/3752 73/199/34 269/950/62
f 973/1231/3711 3775/1230/3753 3771/914/3749 972/910/3709
f 3775/1230/3753 3776/829/3754 3772/918/3750 3771/914/3749
f 3776/829/3754 3777/823/3755 3773/819/3751 3772/918/3750
f 3777/823/3755 3778/820/3756 3774/810/3752 3773/819/3751
f 974/1232/3713 3779/873/3757 3775/1230/3753 973/1231/3711
f 3779/873/3757 3780/876/3758 3776/829/3754 3775/1230/3753
f 3780/876/3758 3781/830/3759 3777/823/3755 3776/829/3754
f 3781/830/3759 3782/826/3760 3778/820/3756 3777/823/3755
f 249/146/3715 3810/871/3761 3779/873/3757 974/1232/3713
f 3810/871/3761 3814/879/3762 3780/876/3758 3779/873/3757
f 3814/879/3762 3818/884/3763 3781/830/3759 3780/876/3758
f 3818/884/3763 250/32/3764 3782/826/3760 3781/830/3759
f 270/1234/27 3783/1233/3766 978/685/3765 50/757/26
f 3783/1233/3766 3784/1235/3768 979/613/3767 978/685/3765
f 3784/1235/3768 3785/842/3770 980/541/3769 979/613/3767
f 3785/842/3770 3786/833/3772 251/33/3771 980/541/3769
f 271/1237/30 3787/1236/3773 3783/1233/3766 270/1234/27
f 3787/1236/3773 3788/816/3774 3784/1235/3768 3783/1233/3766
f 3788/816/3774 3789/846/3775 3785/842/3770 3784/1235/3768
f 3789/846/3775 3790/843/3776 3786/833/3772 3785/842/3770
f 272/1238/32 3791/812/3777 3787/1236/3773 271/1237/30
f 3791/812/3777 3792/815/3778 3788/816/3774 3787/1236/3773
f 3792/815/3778 3793/822/3779 3789/846/3775 3788/816/3774
f 3793/822/3779 3794/849/3780 3790/843/3776 3789/846/3775
f 73/199/34 3774/810/3752 3791/812/3777 272/1238/32
f 3774/810/3752 3778/820/3756 3792/815/3778 3791/812/3777
f 3778/820/3756 3782/826/3760 3793/822/3779 3792/815/3778
f 3782/826/3760 250/32/3764 3794/849/3780 3793/822/3779
f 975/250/3782 3795/1240/3781 723/1239/1970 3/225/1967
f 3795/1240/3781 3796/1242/3783 724/1241/1978 723/1239/1970
f 3796/1242/3783 3797/861/3784 725/1243/1983 724/1241/1978
f 3797/861/3784 3798/852/3785 177/92/1953 725/1243/1983
f 976/326/3787 3799/1244/3786 3795/1240/3781 975/250/3782
f 3799/1244/3786 3800/839/3788 3796/1242/3783 3795/1240/3781
f 3800/839/3788 3801/865/3789 3797/861/3784 3796/1242/3783
f 3801/865/3789 3802/862/3790 3798/852/3785 3797/861/3784
f 977/398/3792 3803/835/3791 3799/1244/3786 976/326/3787
f 3803/835/3791 3804/838/3793 3800/839/3788 3799/1244/3786
f 3804/838/3793 3805/845/3794 3801/865/3789 3800/839/3788
f 3805/845/3794 3806/868/3795 3802/862/3790 3801/865/3789
f 251/33/3771 3786/833/3772 3803/835/3791 977/398/3792
f 3786/833/3772 3790/843/3776 3804/838/3793 3803/835/3791
f 3790/843/3776 3794/849/3780 3805/845/3794 3804/838/3793
f 3794/849/3780 250/32/3764 3806/868/3795 3805/845/3794
f 726/1248/1947 3807/1247/3796 969/1246/3726 4/1245/1895
f 3807/1247/3796 3808/1250/3797 970/1249/3731 969/1246/3726
f 3808/1250/3797 3809/878/3798 971/1251/3736 970/1249/3731
f 3809/878/3798 3810/871/3761 249/146/3715 971/1251/3736
f 727/1253/1949 3811/1252/3799 3807/1247/3796 726/1248/1947
f 3811/1252/3799 3812/858/3800 3808/1250/3797 3807/1247/3796
f 3812/858/3800 3813/881/3801 3809/878/3798 3808/1250/3797
f 3813/881/3801 3814/879/3762 3810/871/3761 3809/878/3798
f 728/1254/1951 3815/854/3802 3811/1252/3799 727/1253/1949
f 3815/854/3802 3816/857/3803 3812/858/3800 3811/1252/3799
f 3816/857/3803 3817/864/3804 3813/881/3801 3812/858/3800
f 3817/864/3804 3818/884/3763 3814/879/3762 3813/881/3801
f 177/92/1953 3798/852/3785 3815/854/3802 728/1254/1951
f 3798/852/3785 3802/862/3790 3816/857/3803 3815/854/3802
f 3802/862/3790 3806/868/3795 3817/864/3804 3816/857/3803
f 3806/868/3795 250/32/3764 3818/884/3763 3817/864/3804
f 978/910/3765 3819/914/3805 261/896/29 50/885/26
f 3819/914/3805 3820/918/3806 262/906/37 261/896/29
f 3820/918/3806 3821/819/3807 263/950/42 262/906/37
f 3821/819/3807 3822/810/3808 72/199/9 263/950/42
f 979/1231/3767 3823/1230/3809 3819/914/3805 978/910/3765
f 3823/1230/3809 3824/829/3810 3820/918/3806 3819/914/3805
f 3824/829/3810 3825/823/3811 3821/819/3807 3820/918/3806
f 3825/823/3811 3826/820/3812 3822/810/3808 3821/819/3807
f 980/1232/3769 3827/873/3813 3823/1230/3809 979/1231/3767
f 3827/873/3813 3828/876/3814 3824/829/3810 3823/1230/3809
f 3828/876/3814 3829/830/3815 3825/823/3811 3824/829/3810
f 3829/830/3815 3830/826/3816 3826/820/3812 3825/823/3811
f 251/146/3771 3858/871/3817 3827/873/3813 980/1232/3769
f 3858/871/3817 3862/879/3818 3828/876/3814 3827/873/3813
f 3862/879/3818 3866/884/3819 3829/830/3815 3828/876/3814
f 3866/884/3819 252/32/3820 3830/826/3816 3829/830/3815
f 264/1234/2 3831/1233/3822 984/685/3821 49/757/1
f 3831/1233/3822 3832/1235/3824 985/613/3823 984/685/3821
f 3832/1235/3824 3833/842/3826 986/541/3825 985/613/3823
f 3833/842/3826 3834/833/3828 253/33/3827 986/541/3825
f 265/1237/5 3835/1236/3829 3831/1233/3822 264/1234/2
f 3835/1236/3829 3836/816/3830 3832/1235/3824 3831/1233/3822
f 3836/816/3830 3837/846/3831 3833/842/3826 3832/1235/3824
f 3837/846/3831 3838/843/3832 3834/833/3828 3833/842/3826
f 266/1238/7 3839/812/3833 3835/1236/3829 265/1237/5
f 3839/812/3833 3840/815/3834 3836/816/3830 3835/1236/3829
f 3840/815/3834 3841/822/3835 3837/846/3831 3836/816/3830
f 3841/822/3835 3842/849/3836 3838/843/3832 3837/846/3831
f 72/199/9 3822/810/3808 3839/812/3833 266/1238/7
f 3822/810/3808 3826/820/3812 3840/815/3834 3839/812/3833
f 3826/820/3812 3830/826/3816 3841/822/3835 3840/815/3834
f 3830/826/3816 252/32/3820 3842/849/3836 3841/822/3835
f 981/250/3838 3843/1240/3837 741/1239/2042 2/225/2039
f 3843/1240/3837 3844/1242/3839 742/1241/2050 741/1239/2042
f 3844/1242/3839 3845/861/3840 743/1243/2055 742/1241/2050
f 3845/861/3840 3846/852/3841 181/92/2025 743/1243/2055
f 982/326/3843 3847/1244/3842 3843/1240/3837 981/250/3838
f 3847/1244/3842 3848/839/3844 3844/1242/3839 3843/1240/3837
f 3848/839/3844 3849/865/3845 3845/861/3840 3844/1242/3839
f 3849/865/3845 3850/862/3846 3846/852/3841 3845/861/3840
f 983/398/3848 3851/835/3847 3847/1244/3842 982/326/3843
f 3851/835/3847 3852/838/3849 3848/839/3844 3847/1244/3842
f 3852/838/3849 3853/845/3850 3849/865/3845 3848/839/3844
f 3853/845/3850 3854/868/3851 3850/862/3846 3849/865/3845
f 253/33/3827 3834/833/3828 3851/835/3847 983/398/3848
f 3834/833/3828 3838/843/3832 3852/838/3849 3851/835/3847
f 3838/843/3832 3842/849/3836 3853/845/3850 3852/838/3849
f 3842/849/3836 252/32/3820 3854/868/3851 3853/845/3850
f 744/1248/2019 3855/1247/3852 975/1246/3782 3/1245/1967
f 3855/1247/3852 3856/1250/3853 976/1249/3787 975/1246/3782
f 3856/1250/3853 3857/878/3854 977/1251/3792 976/1249/3787
f 3857/878/3854 3858/871/3817 251/146/3771 977/1251/3792
f 745/1253/2021 3859/1252/3855 3855/1247/3852 744/1248/2019
f 3859/1252/3855 3860/858/3856 3856/1250/3853 3855/1247/3852
f 3860/858/3856 3861/881/3857 3857/878/3854 3856/1250/3853
f 3861/881/3857 3862/879/3818 3858/871/3817 3857/878/3854
f 746/1254/2023 3863/854/3858 3859/1252/3855 745/1253/2021
f 3863/854/3858 3864/857/3859 3860/858/3856 3859/1252/3855
f 3864/857/3859 3865/864/3860 3861/881/3857 3860/858/3856
f 3865/864/3860 3866/884/3819 3862/879/3818 3861/881/3857
f 181/92/2025 3846/852/3841 3863/854/3858 746/1254/2023
f 3846/852/3841 3850/862/3846 3864/857/3859 3863/854/3858
f 3850/862/3846 3854/868/3851 3865/864/3860 3864/857/3859
f 3854/868/3851 252/32/3820 3866/884/3819 3865/864/3860
f 984/910/3821 3867/914/3861 255/896/4 49/885/1
f 3867/914/3861 3868/918/3862 256/906/12 255/896/4
f 3868/918/3862 3869/819/3863 257/950/17 256/906/12
f 3869/819/3863 3870/810/3864 71/199/22 257/950/17
f 985/1231/3823 3871/1230/3865 3867/914/3861 984/910/3821
f 3871/1230/3865 3872/829/3866 3868/918/3862 3867/914/3861
f 3872/829/3866 3873/823/3867 3869/819/3863 3868/918/3862
f 3873/823/3867 3874/820/3868 3870/810/3864 3869/819/3863
f 986/1232/3825 3875/873/3869 3871/1230/3865 985/1231/3823
f 3875/873/3869 3876/876/3870 3872/829/3866 3871/1230/3865
f 3876/876/3870 3877/830/3871 3873/823/3867 3872/829/3866
f 3877/830/3871 3878/826/3872 3874/820/3868 3873/823/3867
f 253/146/3827 3906/871/3873 3875/873/3869 986/1232/3825
f 3906/871/3873 3910/879/3874 3876/876/3870 3875/873/3869
f 3910/879/3874 3914/884/3875 3877/830/3871 3876/876/3870
f 3914/884/3875 254/32/3876 3878/826/3872 3877/830/3871
f 258/1234/147 3879/1233/3877 447/685/739 56/757/146
f 3879/1233/3877 3880/1235/3878 448/613/744 447/685/739
f 3880/1235/3878 3881/842/3879 449/541/749 448/613/744
f 3881/842/3879 3882/833/3880 112/33/754 449/541/749
f 259/1237/150 3883/1236/3881 3879/1233/3877 258/1234/147
f 3883/1236/3881 3884/816/3882 3880/1235/3878 3879/1233/3877
f 3884/816/3882 3885/846/3883 3881/842/3879 3880/1235/3878
f 3885/846/3883 3886/843/3884 3882/833/3880 3881/842/3879
f 260/1238/152 3887/812/3885 3883/1236/3881 259/1237/150
f 3887/812/3885 3888/815/3886 3884/816/3882 3883/1236/3881
f 3888/815/3886 3889/822/3887 3885/846/3883 3884/816/3882
f 3889/822/3887 3890/849/3888 3886/843/3884 3885/846/3883
f 71/199/22 3870/810/3864 3887/812/3885 260/1238/152
f 3870/810/3864 3874/820/3868 3888/815/3886 3887/812/3885
f 3874/820/3868 3878/826/3872 3889/822/3887 3888/815/3886
f 3878/826/3872 254/32/3876 3890/849/3888 3889/822/3887
f 450/250/795 3891/1240/3889 759/1239/2112 17/225/794
f 3891/1240/3889 3892/1242/3890 760/1241/2117 759/1239/2112
f 3892/1242/3890 3893/861/3891 761/1243/2122 760/1241/2117
f 3893/861/3891 3894/852/3892 185/92/2097 761/1243/2122
f 451/326/798 3895/1244/3893 3891/1240/3889 450/250/795
f 3895/1244/3893 3896/839/3894 3892/1242/3890 3891/1240/3889
f 3896/839/3894 3897/865/3895 3893/861/3891 3892/1242/3890
f 3897/865/3895 3898/862/3896 3894/852/3892 3893/861/3891
f 452/398/800 3899/835/3897 3895/1244/3893 451/326/798
f 3899/835/3897 3900/838/3898 3896/839/3894 3895/1244/3893
f 3900/838/3898 3901/845/3899 3897/865/3895 3896/839/3894
f 3901/845/3899 3902/868/3900 3898/862/3896 3897/865/3895
f 112/33/754 3882/833/3880 3899/835/3897 452/398/800
f 3882/833/3880 3886/843/3884 3900/838/3898 3899/835/3897
f 3886/843/3884 3890/849/3888 3901/845/3899 3900/838/3898
f 3890/849/3888 254/32/3876 3902/868/3900 3901/845/3899
f 762/1248/2091 3903/1247/3901 981/1246/3838 2/1245/2039
f 3903/1247/3901 3904/1250/3902 982/1249/3843 981/1246/3838
f 3904/1250/3902 3905/878/3903 983/1251/3848 982/1249/3843
f 3905/878/3903 3906/871/3873 253/146/3827 983/1251/3848
f 763/1253/2093 3907/1252/3904 3903/1247/3901 762/1248/2091
f 3907/1252/3904 3908/858/3905 3904/1250/3902 3903/1247/3901
f 3908/858/3905 3909/881/3906 3905/878/3903 3904/1250/3902
f 3909/881/3906 3910/879/3874 3906/871/3873 3905/878/3903
f 764/1254/2095 3911/854/3907 3907/1252/3904 763/1253/2093
f 3911/854/3907 3912/857/3908 3908/858/3905 3907/1252/3904
f 3912/857/3908 3913/864/3909 3909/881/3906 3908/858/3905
f 3913/864/3909 3914/884/3875 3910/879/3874 3909/881/3906
f 185/92/2097 3894/852/3892 3911/854/3907 764/1254/2095
f 3894/852/3892 3898/862/3896 3912/857/3908 3911/854/3907
f 3898/862/3896 3902/868/3900 3913/864/3909 3912/857/3908
f 3902/868/3900 254/32/3876 3914/884/3875 3913/864/3909

